Id,Ngày,Số thứ tự công ty,Khách hàng,Suất ăn,Ca,Số lượng chốt,Số lượng phát sinh,Tổng số thực hiện giao hàng,Tổng số lượng KH đặt hàng,SL thanh toán tối thiểu theo hợp đồng,Tổng số lượng xuất hoá đơn
2645,23/04/2026,1,WATABE,,Ca 1,0,,0,,,
2792,25/04/2026,1,WATABE,,Ca 1,,,0,,,
2882,25/04/2026,1,WATABE,,Ca 1,,,0,,,
2915,24/04/2026,1,WATABE,,Ca 1,,,0,,,
2916,24/04/2026,1,WATABE,,Ca 1,,,0,,,
2964,27/04/2026,1,WATABE,Suất mặn,Ca 1,177,,177,,,
3080,28/04/2026,1,WATABE,Suất chay,Ca 1,196,,196,,,
3175,28/04/2026,1,WATABE,Suất chay,Ca 1,,,0,,,
3237,29/04/2026,1,WATABE,Suất mặn,Ca 1,164,,164,,,
3295,29/04/2026,1,WATABE,Suất chay,Ca 1,9,,9,,,
3338,30/04/2026,1,WATABE,Suất mặn,Ca 1,,,0,,,
3388,30/04/2026,1,WATABE,Suất chay,Ca 1,,,0,,,
2793,25/04/2026,1,WATABE,,Ca 2,,,0,,,
2883,25/04/2026,1,WATABE,,Ca 2,,,0,,,
2917,24/04/2026,1,WATABE,,Ca 2,,,0,,,
2918,24/04/2026,1,WATABE,,Ca 2,,,0,,,
3408,30/04/2026,1,WATABE,Suất mặn,Ca 2,,,0,,,
2613,23/04/2026,2,WACOAL,,Ca 1,0,,0,,,
2676,24/04/2026,2,WACOAL,,Ca 1,1720,,"1,720",,,
2677,24/04/2026,2,WACOAL,,Ca 1,924,,924,,,
2770,25/04/2026,2,WACOAL,,Ca 1,,,0,,,
2842,25/04/2026,2,WACOAL,,Ca 1,,,0,,,
2965,27/04/2026,2,WACOAL,Suất mặn,Ca 1,1640,,"1,640",,,
2966,27/04/2026,2,WACOAL,Suất chay,Ca 1,80,,80,,,
3081,28/04/2026,2,WACOAL,Suất mặn,Ca 1,,,0,,,
3082,28/04/2026,2,WACOAL,Suất chay,Ca 1,,,0,,,
3216,29/04/2026,2,WACOAL,Suất mặn,Ca 1,1600,,"1,600",,,
3280,29/04/2026,2,WACOAL,Suất chay,Ca 1,130,,130,,,
3317,30/04/2026,2,WACOAL,Suất mặn,Ca 1,,,0,,,
3402,30/04/2026,2,WACOAL,Suất chay,Ca 1,,,0,,,
2614,23/04/2026,3,SMC MANUFACTURING,,Ca 1,0,,0,,,
2615,23/04/2026,3,SMC MANUFACTURING,,Ca 1,,,0,,,
2678,24/04/2026,3,SMC MANUFACTURING,,Ca 1,16,,16,,,
2679,24/04/2026,3,SMC MANUFACTURING,,Ca 1,0,,0,,,
2680,24/04/2026,3,SMC MANUFACTURING,,Ca 1,,,0,,,
2771,25/04/2026,3,SMC MANUFACTURING,,Ca 1,,,0,,,
2772,25/04/2026,3,SMC MANUFACTURING,,Ca 1,,,0,,,
2843,25/04/2026,3,SMC MANUFACTURING,,Ca 1,,,0,,,
2967,27/04/2026,3,SMC MANUFACTURING,Suất mặn,Ca 1,,,0,,,
2968,27/04/2026,3,SMC MANUFACTURING,Suất nước,Ca 1,,,0,,,
2969,27/04/2026,3,SMC MANUFACTURING,Suất chay,Ca 1,,,0,,,
3083,28/04/2026,3,SMC MANUFACTURING,Suất mặn,Ca 1,,,0,,,
3084,28/04/2026,3,SMC MANUFACTURING,Suất nước,Ca 1,,,0,,,
3085,28/04/2026,3,SMC MANUFACTURING,Suất chay,Ca 1,,,0,,,
3217,29/04/2026,3,SMC MANUFACTURING,Suất mặn,Ca 1,,,0,,,
3218,29/04/2026,3,SMC MANUFACTURING,Suất nước,Ca 1,,,0,,,
3278,29/04/2026,3,SMC MANUFACTURING,Suất chay,Ca 1,,,0,,,
3318,30/04/2026,3,SMC MANUFACTURING,Suất mặn,Ca 1,,,0,,,
3319,30/04/2026,3,SMC MANUFACTURING,Suất nước,Ca 1,,,0,,,
3377,30/04/2026,3,SMC MANUFACTURING,Suất chay,Ca 1,,,0,,,
2616,23/04/2026,3,SMC MANUFACTURING,,Ca 2,,,0,,,
2628,23/04/2026,3,SMC MANUFACTURING,,Ca 2,,,0,,,
2681,24/04/2026,3,SMC MANUFACTURING,,Ca 2,739,,739,,,
2682,24/04/2026,3,SMC MANUFACTURING,,Ca 2,426,,426,,,
2683,24/04/2026,3,SMC MANUFACTURING,,Ca 2,10,,10,,,
2773,25/04/2026,3,SMC MANUFACTURING,,Ca 2,,,0,,,
2774,25/04/2026,3,SMC MANUFACTURING,,Ca 2,,,0,,,
2844,25/04/2026,3,SMC MANUFACTURING,,Ca 2,,,0,,,
2978,27/04/2026,3,SMC MANUFACTURING,Suất buffet rau,Ca 2,,,0,,,
3094,28/04/2026,3,SMC MANUFACTURING,Suất buffet rau,Ca 2,,,0,,,
3181,28/04/2026,3,SMC MANUFACTURING,Suất mặn,Ca 2,,,0,,,
3182,28/04/2026,3,SMC MANUFACTURING,Suất nước,Ca 2,,,0,,,
3219,29/04/2026,3,SMC MANUFACTURING,Suất mặn,Ca 2,,,0,,,
3220,29/04/2026,3,SMC MANUFACTURING,Suất nước,Ca 2,,,0,,,
3279,29/04/2026,3,SMC MANUFACTURING,Suất buffet rau,Ca 2,,,0,,,
3320,30/04/2026,3,SMC MANUFACTURING,Suất mặn,Ca 2,,,0,,,
3321,30/04/2026,3,SMC MANUFACTURING,Suất nước,Ca 2,,,0,,,
2617,23/04/2026,4,TOÀN CẦU LIXIL,,Ca 1,,,0,,,
2629,23/04/2026,4,TOÀN CẦU LIXIL,,Ca 1,0,,0,,,
2684,24/04/2026,4,TOÀN CẦU LIXIL,,Ca 1,52,,52,,,
2685,24/04/2026,4,TOÀN CẦU LIXIL,,Ca 1,49,,49,,,
2686,24/04/2026,4,TOÀN CẦU LIXIL,,Ca 1,89,,89,,,
2775,25/04/2026,4,TOÀN CẦU LIXIL,,Ca 1,,,0,,,
2776,25/04/2026,4,TOÀN CẦU LIXIL,,Ca 1,,,0,,,
2845,25/04/2026,4,TOÀN CẦU LIXIL,,Ca 1,,,0,,,
2979,27/04/2026,4,TOÀN CẦU LIXIL,Suất mặn,Ca 1,,,0,,,
2980,27/04/2026,4,TOÀN CẦU LIXIL,Suất nước,Ca 1,,,0,,,
2981,27/04/2026,4,TOÀN CẦU LIXIL,Suất chay,Ca 1,,,0,,,
3095,28/04/2026,4,TOÀN CẦU LIXIL,Suất mặn,Ca 1,884,,884,,,
3096,28/04/2026,4,TOÀN CẦU LIXIL,Suất nước,Ca 1,,,0,,,
3097,28/04/2026,4,TOÀN CẦU LIXIL,Suất chay,Ca 1,,,0,,,
3221,29/04/2026,4,TOÀN CẦU LIXIL,Suất mặn,Ca 1,,,0,,,
3222,29/04/2026,4,TOÀN CẦU LIXIL,Suất nước,Ca 1,,,0,,,
3282,29/04/2026,4,TOÀN CẦU LIXIL,Suất chay,Ca 1,,,0,,,
2618,23/04/2026,4,TOÀN CẦU LIXIL,,Ca 2,,,0,,,
2619,23/04/2026,4,TOÀN CẦU LIXIL,,Ca 2,,,0,,,
2687,24/04/2026,4,TOÀN CẦU LIXIL,,Ca 2,499,,499,,,
2688,24/04/2026,4,TOÀN CẦU LIXIL,,Ca 2,,,0,,,
2689,24/04/2026,4,TOÀN CẦU LIXIL,,Ca 2,,,0,,,
2777,25/04/2026,4,TOÀN CẦU LIXIL,,Ca 2,,,0,,,
2846,25/04/2026,4,TOÀN CẦU LIXIL,,Ca 2,,,0,,,
2778,25/04/2026,4,TOÀN CẦU LIXIL,,Ca 2,,,0,,,
3178,28/04/2026,4,TOÀN CẦU LIXIL,Suất mặn,Ca 2,147,,147,,,
3223,29/04/2026,4,TOÀN CẦU LIXIL,Suất mặn,Ca 2,,,0,,,
2620,23/04/2026,4,TOÀN CẦU LIXIL,,Ca 3,,,0,,,
2621,23/04/2026,4,TOÀN CẦU LIXIL,,Ca 3,,,0,,,
3179,28/04/2026,4,TOÀN CẦU LIXIL,Suất mì sữa,Ca 3,57,,57,,,
3298,29/04/2026,4,TOÀN CẦU LIXIL,Suất mì sữa,Ca 3,,,0,,,
3322,30/04/2026,4,TOÀN CẦU LIXIL,Suất mặn,"SN, S1, S6 - Ca 1",,,0,,,
3323,30/04/2026,4,TOÀN CẦU LIXIL,Suất chay,"SN, S1, S6 - Ca 1",,,0,,,
3324,30/04/2026,4,TOÀN CẦU LIXIL,Suất mì sữa,"SN, S1, S6 - Ca 1",,,0,,,
3379,30/04/2026,4,TOÀN CẦU LIXIL,Suất nước,"SN, S1, S6 - Ca 1",,,0,,,
3391,30/04/2026,4,TOÀN CẦU LIXIL,Suất mặn,S2 - Ca 2,,,0,,,
3412,30/04/2026,4,TOÀN CẦU LIXIL,Suất chay,S2 - Ca 2,,,0,,,
3413,30/04/2026,4,TOÀN CẦU LIXIL,Suất nước,S2 - Ca 2,,,0,,,
3414,30/04/2026,4,TOÀN CẦU LIXIL,Suất mì sữa,S2 - Ca 2,,,0,,,
3415,30/04/2026,4,TOÀN CẦU LIXIL,Suất mặn,"S3, S7 - Ca 3",,,0,,,
3420,30/04/2026,4,TOÀN CẦU LIXIL,Suất mì sữa,"S3, S7 - Ca 3",,,0,,,
3421,30/04/2026,4,TOÀN CẦU LIXIL,Suất nước,"S3, S7 - Ca 3",,,0,,,
3422,30/04/2026,4,TOÀN CẦU LIXIL,Suất chay,"S3, S7 - Ca 3",,,0,,,
2974,27/04/2026,5,SAITEX D13,Suất mặn,Ca 1,,,0,,,
2975,27/04/2026,5,SAITEX D13,Suất nước,Ca 1,,,0,,,
3090,28/04/2026,5,SAITEX D13,Suất mặn,Ca 1,889,,889,,,
3091,28/04/2026,5,SAITEX D13,Suất nước,Ca 1,182,,182,,,
3143,28/04/2026,5,SAITEX D13,Suất chay,Ca 1,51,,51,,,
3247,29/04/2026,5,SAITEX D13,Suất mặn,Ca 1,,,0,,,
3248,29/04/2026,5,SAITEX D13,Suất nước,Ca 1,,,0,,,
3347,30/04/2026,5,SAITEX D13,Suất mặn,Ca 1,,,0,,,
3348,30/04/2026,5,SAITEX D13,Suất nước,Ca 1,,,0,,,
3144,28/04/2026,5,SAITEX D13,Suất mặn,Ca 2,63,,63,,,
3180,28/04/2026,5,SAITEX D13,Suất mì sữa,Ca 2,400,,400,,,
3249,29/04/2026,5,SAITEX D13,Suất mặn,Ca 2,,,0,,,
3299,29/04/2026,5,SAITEX D13,Suất mì sữa,Ca 2,,,0,,,
3349,30/04/2026,5,SAITEX D13,Suất mặn,Ca 2,,,0,,,
2972,27/04/2026,6,SAITEX 6,Suất mặn,Ca 1,,,0,,,
2973,27/04/2026,6,SAITEX 6,Suất nước,Ca 1,,,0,,,
3088,28/04/2026,6,SAITEX 6,Suất mặn,Ca 1,588,,588,,,
3089,28/04/2026,6,SAITEX 6,Suất nước,Ca 1,248,,248,,,
3201,28/04/2026,6,SAITEX 6,Suất chay,Ca 1,46,,46,,,
3250,29/04/2026,6,SAITEX 6,Suất mặn,Ca 1,,,0,,,
3251,29/04/2026,6,SAITEX 6,Suất nước,Ca 1,,,0,,,
3300,29/04/2026,6,SAITEX 6,Suất chay,Ca 1,,,0,,,
3350,30/04/2026,6,SAITEX 6,Suất mặn,Ca 1,,,0,,,
3351,30/04/2026,6,SAITEX 6,Suất nước,Ca 1,,,0,,,
3190,28/04/2026,6,SAITEX 6,Suất mặn,Ca 2,68,,68,,,
3198,28/04/2026,6,SAITEX 6,Suất chay,Ca 2,0,,0,,,
3200,28/04/2026,6,SAITEX 6,Suất mì sữa,Ca 2,420,,420,,,
3301,29/04/2026,6,SAITEX 6,Suất mặn,Ca 2,,,0,,,
3302,29/04/2026,6,SAITEX 6,Suất chay,Ca 2,,,0,,,
3303,29/04/2026,6,SAITEX 6,Suất mì sữa,Ca 2,,,0,,,
2976,27/04/2026,7,SAITEX D2,Suất mặn,Ca 1,,,0,,,
2977,27/04/2026,7,SAITEX D2,Suất nước,Ca 1,,,0,,,
3092,28/04/2026,7,SAITEX D2,Suất mặn,Ca 1,336,10,346,,,
3093,28/04/2026,7,SAITEX D2,Suất nước,Ca 1,125,,125,,,
3199,28/04/2026,7,SAITEX D2,Suất chay,Ca 1,9,,9,,,
3252,29/04/2026,7,SAITEX D2,Suất mặn,Ca 1,,,0,,,
3284,29/04/2026,7,SAITEX D2,Suất nước,Ca 1,,,0,,,
3304,29/04/2026,7,SAITEX D2,Suất chay,Ca 1,,,0,,,
3392,30/04/2026,7,SAITEX D2,Suất mặn,Ca 1,,,0,,,
3407,30/04/2026,7,SAITEX D2,Suất mặn,Ca 2,,,0,,,
2668,23/04/2026,8,SHISEIDO,,Ca 1,0,,0,,,
2814,25/04/2026,8,SHISEIDO,,Ca 1,,,0,,,
2904,25/04/2026,8,SHISEIDO,,Ca 1,,,0,,,
2954,24/04/2026,8,SHISEIDO,,Ca 1,,,0,,,
2955,24/04/2026,8,SHISEIDO,,Ca 1,,,0,,,
2992,27/04/2026,8,SHISEIDO,Suất mặn,Ca 1,,,0,,,
2993,27/04/2026,8,SHISEIDO,Suất nước,Ca 1,,,0,,,
3108,28/04/2026,8,SHISEIDO,Suất mặn,Ca 1,130,,130,,,
3109,28/04/2026,8,SHISEIDO,Suất nước,Ca 1,0,,0,,,
3189,28/04/2026,8,SHISEIDO,Suất chay,Ca 1,6,,6,,,
3255,29/04/2026,8,SHISEIDO,Suất mặn,Ca 1,,,0,,,
3285,29/04/2026,8,SHISEIDO,Suất nước,Ca 1,,,0,,,
3305,29/04/2026,8,SHISEIDO,Suất chay,Ca 1,,,0,,,
3354,30/04/2026,8,SHISEIDO,Suất mặn,Ca 1,,,0,,,
3381,30/04/2026,8,SHISEIDO,Suất nước,Ca 1,,,0,,,
3393,30/04/2026,8,SHISEIDO,Suất chay,Ca 1,,,0,,,
2666,23/04/2026,9,FIGLA,,Ca 1,0,,0,,,
2812,25/04/2026,9,FIGLA,,Ca 1,,,0,,,
2900,25/04/2026,9,FIGLA,,Ca 1,,,0,,,
2901,25/04/2026,9,FIGLA,,Ca 1,,,0,,,
2948,24/04/2026,9,FIGLA,,Ca 1,,,0,,,
2949,24/04/2026,9,FIGLA,,Ca 1,,,0,,,
2950,24/04/2026,9,FIGLA,,Ca 1,,,0,,,
2982,27/04/2026,9,FIGLA,Suất mặn,Ca 1,,,0,,,
2983,27/04/2026,9,FIGLA,Suất nước,Ca 1,,,0,,,
3098,28/04/2026,9,FIGLA,Suất mặn,Ca 1,,,0,,,
3099,28/04/2026,9,FIGLA,Suất nước,Ca 1,,,0,,,
3253,29/04/2026,9,FIGLA,Suất mặn,Ca 1,,,0,,,
3286,29/04/2026,9,FIGLA,Suất nước,Ca 1,,,0,,,
3352,30/04/2026,9,FIGLA,Suất mặn,Ca 1,,,0,,,
3382,30/04/2026,9,FIGLA,Suất nước,Ca 1,,,0,,,
3403,30/04/2026,9,FIGLA,Suất chay,Ca 1,,,0,,,
2667,23/04/2026,9,FIGLA,,Ca 2,,,0,,,
2813,25/04/2026,9,FIGLA,,Ca 2,,,0,,,
2903,25/04/2026,9,FIGLA,,Ca 2,,,0,,,
2902,25/04/2026,9,FIGLA,,Ca 2,,,0,,,
2951,24/04/2026,9,FIGLA,,Ca 2,,,0,,,
2952,24/04/2026,9,FIGLA,,Ca 2,,,0,,,
2953,24/04/2026,9,FIGLA,,Ca 2,,,0,,,
3184,28/04/2026,9,FIGLA,Suất mặn,Ca 2,,,0,,,
3254,29/04/2026,9,FIGLA,Suất mặn,Ca 2,,,0,,,
3353,30/04/2026,9,FIGLA,Suất mặn,Ca 2,,,0,,,
3404,30/04/2026,9,FIGLA,Suất chay,Ca 2,,,0,,,
2643,23/04/2026,10,CAT THAI,,Ca 1,0,,0,,,
2647,23/04/2026,10,CAT THAI,,Ca 1,,,0,,,
2763,24/04/2026,10,CAT THAI,,Ca 1,,,0,,,
2764,24/04/2026,10,CAT THAI,,Ca 1,,,0,,,
2767,24/04/2026,10,CAT THAI,,Ca 1,,,0,,,
2790,25/04/2026,10,CAT THAI,,Ca 1,,,0,,,
2794,25/04/2026,10,CAT THAI,,Ca 1,,,0,,,
2880,25/04/2026,10,CAT THAI,,Ca 1,,,0,,,
3176,28/04/2026,10,CAT THAI,Suất chay,Ca 1,98,,98,,,
3177,28/04/2026,10,CAT THAI,Suất nước,Ca 1,0,,0,,,
2970,27/04/2026,10,CAT THAI,Suất mặn,Ca 1,,,0,,,
3086,28/04/2026,10,CAT THAI,Suất mặn,Ca 1,679,,679,,,
3235,29/04/2026,10,CAT THAI,Suất mặn,Ca 1,520,,520,,,
3238,29/04/2026,10,CAT THAI,Suất chay,Ca 1,84,,84,,,
3296,29/04/2026,10,CAT THAI,Suất nước,Ca 1,123,,123,,,
3336,30/04/2026,10,CAT THAI,Suất mặn,Ca 1,,,0,,,
3339,30/04/2026,10,CAT THAI,Suất chay,Ca 1,,,0,,,
2648,23/04/2026,10,CAT THAI,,Ca 2,,,0,,,
2649,23/04/2026,10,CAT THAI,,Ca 2,,,0,,,
2765,24/04/2026,10,CAT THAI,,Ca 3,,,0,,,
2766,24/04/2026,10,CAT THAI,,Ca 3,,,0,,,
2795,25/04/2026,10,CAT THAI,,Ca 3,,,0,,,
2835,25/04/2026,10,CAT THAI,,Ca 3,,,0,,,
2881,25/04/2026,10,CAT THAI,,Ca 3,,,0,,,
2914,24/04/2026,10,CAT THAI,,Ca 3,,,0,,,
3173,28/04/2026,10,CAT THAI,Suất mặn,Ca 3,121,,121,,,
3195,28/04/2026,10,CAT THAI,Suất chay,Ca 3,10,,10,,,
3297,29/04/2026,10,CAT THAI,Suất mặn,Ca 3,,,0,,,
3306,29/04/2026,10,CAT THAI,Suất chay,Ca 3,,,0,,,
3389,30/04/2026,10,CAT THAI,Suất mặn,Ca 3,,,0,,,
3390,30/04/2026,10,CAT THAI,Suất chay,Ca 3,,,0,,,
2650,23/04/2026,11,MASPRO,,Ca 1,0,,0,,,
2796,25/04/2026,11,MASPRO,,Ca 1,,,0,,,
2884,25/04/2026,11,MASPRO,,Ca 1,,,0,,,
2919,24/04/2026,11,MASPRO,,Ca 1,,,0,,,
2920,24/04/2026,11,MASPRO,,Ca 1,,,0,,,
2971,27/04/2026,11,MASPRO,Suất mặn,Ca 1,,,0,,,
2986,27/04/2026,11,MASPRO,Suất nước,Ca 1,,,0,,,
3087,28/04/2026,11,MASPRO,Suất mặn,Ca 1,15,,15,,,
3102,28/04/2026,11,MASPRO,Suất nước,Ca 1,103,,103,,,
3191,28/04/2026,11,MASPRO,Suất chay,Ca 1,2,,2,,,
3239,29/04/2026,11,MASPRO,Suất mặn,Ca 1,121,,121,,,
3240,29/04/2026,11,MASPRO,Suất nước,Ca 1,,,0,,,
3308,29/04/2026,11,MASPRO,Suất chay,Ca 1,1,,1,,,
3340,30/04/2026,11,MASPRO,Suất mặn,Ca 1,,,0,,,
2651,23/04/2026,11,MASPRO,,Ca 2,,,0,,,
2797,25/04/2026,11,MASPRO,,Ca 2,,,0,,,
2885,25/04/2026,11,MASPRO,,Ca 2,,,0,,,
2921,24/04/2026,11,MASPRO,,Ca 2,,,0,,,
2922,24/04/2026,11,MASPRO,,Ca 2,,,0,,,
3192,28/04/2026,11,MASPRO,Suất mặn,Ca 2,7,,7,,,
3307,29/04/2026,11,MASPRO,Suất mặn,Ca 2,7,,7,,,
2987,27/04/2026,12,ON SEMICONDUCTOR,Suất mặn,Ca 1,284,,284,,,
3020,27/04/2026,12,ON SEMICONDUCTOR,Suất nước,Ca 1,40,,40,,,
3103,28/04/2026,12,ON SEMICONDUCTOR,Suất mặn,Ca 1,284,,284,,,
3136,28/04/2026,12,ON SEMICONDUCTOR,Suất nước,Ca 1,,,0,,,
3230,29/04/2026,12,ON SEMICONDUCTOR,Suất mặn,Ca 1,278,,278,,,
3270,29/04/2026,12,ON SEMICONDUCTOR,Suất nước,Ca 1,,,0,,,
3331,30/04/2026,12,ON SEMICONDUCTOR,Suất mặn,Ca 1,,,0,,,
3369,30/04/2026,12,ON SEMICONDUCTOR,Suất nước,Ca 1,,,0,,,
2632,23/04/2026,12,ON SEMICONDUCTOR,,Ca 1 + Hành Chánh,,,0,,,
2636,23/04/2026,12,ON SEMICONDUCTOR,,Ca 1 + Hành Chánh,,,0,,,
2752,24/04/2026,12,ON SEMICONDUCTOR,,Ca 1 + Hành Chánh,,,0,,,
2753,24/04/2026,12,ON SEMICONDUCTOR,,Ca 1 + Hành Chánh,,,0,,,
2785,25/04/2026,12,ON SEMICONDUCTOR,,Ca 1 + Hành Chánh,,,0,,,
2873,25/04/2026,12,ON SEMICONDUCTOR,,Ca 1 + Hành Chánh,,,0,,,
2633,23/04/2026,12,ON SEMICONDUCTOR,,Ca 2,,,0,,,
2635,23/04/2026,12,ON SEMICONDUCTOR,,Ca 2,,,0,,,
2754,24/04/2026,12,ON SEMICONDUCTOR,,Ca 2,,,0,,,
2755,24/04/2026,12,ON SEMICONDUCTOR,,Ca 2,,,0,,,
2787,25/04/2026,12,ON SEMICONDUCTOR,,Ca 2,,,0,,,
2875,25/04/2026,12,ON SEMICONDUCTOR,,Ca 2,,,0,,,
3021,27/04/2026,12,ON SEMICONDUCTOR,Suất mặn,Ca 2,10,,10,,,
3022,27/04/2026,12,ON SEMICONDUCTOR,Suất nước,Ca 2,10,,10,,,
3137,28/04/2026,12,ON SEMICONDUCTOR,Suất mặn,Ca 2,73,,73,,,
3138,28/04/2026,12,ON SEMICONDUCTOR,Suất nước,Ca 2,,,0,,,
3232,29/04/2026,12,ON SEMICONDUCTOR,Suất mặn,Ca 2,74,,74,,,
3271,29/04/2026,12,ON SEMICONDUCTOR,Suất nước,Ca 2,,,0,,,
3333,30/04/2026,12,ON SEMICONDUCTOR,Suất mặn,Ca 2,,,0,,,
3370,30/04/2026,12,ON SEMICONDUCTOR,Suất nước,Ca 2,,,0,,,
2634,23/04/2026,12,ON SEMICONDUCTOR,,Ca 3,,,0,,,
2638,23/04/2026,12,ON SEMICONDUCTOR,,Ca 3,0,,0,,,
2756,24/04/2026,12,ON SEMICONDUCTOR,,Ca 3,,,0,,,
2757,24/04/2026,12,ON SEMICONDUCTOR,,Ca 3,,,0,,,
2786,25/04/2026,12,ON SEMICONDUCTOR,,Ca 3,,,0,,,
2874,25/04/2026,12,ON SEMICONDUCTOR,,Ca 3,,,0,,,
2988,27/04/2026,12,ON SEMICONDUCTOR,Suất nước,Ca 3,,,0,,,
3023,27/04/2026,12,ON SEMICONDUCTOR,Suất mặn,Ca 3,,,0,,,
3104,28/04/2026,12,ON SEMICONDUCTOR,Suất nước,Ca 3,,,0,,,
3139,28/04/2026,12,ON SEMICONDUCTOR,Suất mặn,Ca 3,60,,60,,,
3231,29/04/2026,12,ON SEMICONDUCTOR,Suất mặn,Ca 3,5,,5,,,
3332,30/04/2026,12,ON SEMICONDUCTOR,Suất nước,Ca 3,,,0,,,
2646,23/04/2026,13,VIKYNO,,Ca 1,0,,0,,,
2758,24/04/2026,13,VIKYNO,,Ca 1,,,0,,,
2759,24/04/2026,13,VIKYNO,,Ca 1,,,0,,,
2788,25/04/2026,13,VIKYNO,,Ca 1,,,0,,,
2876,25/04/2026,13,VIKYNO,,Ca 1,,,0,,,
2989,27/04/2026,13,VIKYNO,Suất mặn,Ca 1,73,,73,,,
3105,28/04/2026,13,VIKYNO,Suất mặn,Ca 1,139,,139,,,
3188,28/04/2026,13,VIKYNO,Suất chay,Ca 1,12,,12,,,
3233,29/04/2026,13,VIKYNO,Suất mặn,Ca 1,13,,13,,,
3309,29/04/2026,13,VIKYNO,Suất chay,Ca 1,,,0,,,
3334,30/04/2026,13,VIKYNO,Suất mặn,Ca 1,,,0,,,
3394,30/04/2026,13,VIKYNO,Suất chay,Ca 1,,,0,,,
2652,23/04/2026,14,CREATE MEDIC,,Ca 1,0,,0,,,
2798,25/04/2026,14,CREATE MEDIC,,Ca 1,,,0,,,
2889,25/04/2026,14,CREATE MEDIC,,Ca 1,,,0,,,
2888,25/04/2026,14,CREATE MEDIC,,Ca 1,,,0,,,
2923,24/04/2026,14,CREATE MEDIC,,Ca 1,,,0,,,
2924,24/04/2026,14,CREATE MEDIC,,Ca 1,,,0,,,
2925,24/04/2026,14,CREATE MEDIC,,Ca 1,,,0,,,
2984,27/04/2026,14,CREATE MEDIC,Suất mặn,Ca 1,,,0,,,
2985,27/04/2026,14,CREATE MEDIC,Suất nước,Ca 1,,,0,,,
3100,28/04/2026,14,CREATE MEDIC,Suất mặn,Ca 1,93,,93,,,
3101,28/04/2026,14,CREATE MEDIC,Suất nước,Ca 1,0,,0,,,
3210,28/04/2026,14,CREATE MEDIC,Suất chay,Ca 1,5,,5,,,
3241,29/04/2026,14,CREATE MEDIC,Suất mặn,Ca 1,96,,96,,,
3283,29/04/2026,14,CREATE MEDIC,Suất nước,Ca 1,,,0,,,
3310,29/04/2026,14,CREATE MEDIC,Suất chay,Ca 1,5,,5,,,
3341,30/04/2026,14,CREATE MEDIC,Suất mặn,Ca 1,,,0,,,
3380,30/04/2026,14,CREATE MEDIC,Suất nước,Ca 1,,,0,,,
3395,30/04/2026,14,CREATE MEDIC,Suất chay,Ca 1,,,0,,,
2623,23/04/2026,15,QUARILLE,,Ca 1,0,,0,,,
2745,24/04/2026,15,QUARILLE,,Ca 1,,,0,,,
2746,24/04/2026,15,QUARILLE,,Ca 1,,,0,,,
2783,25/04/2026,15,QUARILLE,,Ca 1,,,0,,,
2870,25/04/2026,15,QUARILLE,,Ca 1,,,0,,,
2990,27/04/2026,15,QUARILLE,Suất mặn,Ca 1,,,0,,,
2991,27/04/2026,15,QUARILLE,Suất chay,Ca 1,60,,60,,,
3106,28/04/2026,15,QUARILLE,Suất mặn,Ca 1,,,0,,,
3107,28/04/2026,15,QUARILLE,Suất chay,Ca 1,,,0,,,
3228,29/04/2026,15,QUARILLE,Suất mặn,Ca 1,,,0,,,
3281,29/04/2026,15,QUARILLE,Suất chay,Ca 1,,,0,,,
3329,30/04/2026,15,QUARILLE,Suất mặn,Ca 1,,,0,,,
3378,30/04/2026,15,QUARILLE,Suất chay,Ca 1,,,0,,,
3410,30/04/2026,15,QUARILLE,Suất nước,Ca 1,,,0,,,
2669,23/04/2026,16,JFE SHOJI,,Ca 1,0,,0,,,
2799,25/04/2026,16,JFE SHOJI,,Ca 1,,,0,,,
2890,25/04/2026,16,JFE SHOJI,,Ca 1,,,0,,,
2926,24/04/2026,16,JFE SHOJI,,Ca 1,,,0,,,
2927,24/04/2026,16,JFE SHOJI,,Ca 1,,,0,,,
2996,27/04/2026,16,JFE SHOJI,Suất mặn,Ca 1,,,0,,,
3112,28/04/2026,16,JFE SHOJI,Suất mặn,Ca 1,58,,58,,,
3183,28/04/2026,16,JFE SHOJI,Suất chay,Ca 1,1,,1,,,
3242,29/04/2026,16,JFE SHOJI,Suất mặn,Ca 1,54,,54,,,
3311,29/04/2026,16,JFE SHOJI,Suất chay,Ca 1,1,,1,,,
3342,30/04/2026,16,JFE SHOJI,Suất mặn,Ca 1,,,0,,,
3396,30/04/2026,16,JFE SHOJI,Suất chay,Ca 1,,,0,,,
2670,23/04/2026,16,JFE SHOJI,,Ca 2,,,0,,,
2800,25/04/2026,16,JFE SHOJI,,Ca 2,,,0,,,
2891,25/04/2026,16,JFE SHOJI,,Ca 2,,,0,,,
2928,24/04/2026,16,JFE SHOJI,,Ca 2,,,0,,,
2929,24/04/2026,16,JFE SHOJI,,Ca 2,,,0,,,
3186,28/04/2026,16,JFE SHOJI,Suất mặn,Ca 2,,,0,,,
3243,29/04/2026,16,JFE SHOJI,Suất mặn,Ca 2,,,0,,,
3343,30/04/2026,16,JFE SHOJI,Suất mặn,Ca 2,,,0,,,
2622,23/04/2026,17,ZAMIL,,Ca 1,,,0,,,
2624,23/04/2026,17,ZAMIL,,Ca 1,,,0,,,
2690,24/04/2026,17,ZAMIL,,Ca 1,,,0,,,
2691,24/04/2026,17,ZAMIL,,Ca 1,,,0,,,
2692,24/04/2026,17,ZAMIL,,Ca 1,,,0,,,
2779,25/04/2026,17,ZAMIL,,Ca 1,,,0,,,
2847,25/04/2026,17,ZAMIL,,Ca 1,,,0,,,
2848,25/04/2026,17,ZAMIL,,Ca 1,,,0,,,
2994,27/04/2026,17,ZAMIL,Suất chay,Ca 1,,,0,,,
2997,27/04/2026,17,ZAMIL,Suất mặn,Ca 1,,,0,,,
3110,28/04/2026,17,ZAMIL,Suất chay,Ca 1,9,,9,,,
3113,28/04/2026,17,ZAMIL,Suất mặn,Ca 1,334,,334,,,
3224,29/04/2026,17,ZAMIL,Suất mặn,Ca 1,,,0,,,
3260,29/04/2026,17,ZAMIL,Suất chay,Ca 1,,,0,,,
3325,30/04/2026,17,ZAMIL,Suất mặn,Ca 1,,,0,,,
3359,30/04/2026,17,ZAMIL,Suất chay,Ca 1,,,0,,,
3409,30/04/2026,17,ZAMIL,Suất nước,Ca 1,,,0,,,
2655,23/04/2026,18,BRISKHEAT ,,Ca 1,0,,0,,,
2656,23/04/2026,18,BRISKHEAT ,,Ca 1,,,0,,,
2657,23/04/2026,18,BRISKHEAT ,,Ca 1,,,0,,,
2803,25/04/2026,18,BRISKHEAT ,,Ca 1,,,0,,,
2896,25/04/2026,18,BRISKHEAT ,,Ca 1,,,0,,,
2895,25/04/2026,18,BRISKHEAT ,,Ca 1,,,0,,,
2894,25/04/2026,18,BRISKHEAT ,,Ca 1,,,0,,,
2934,24/04/2026,18,BRISKHEAT ,,Ca 1,,,0,,,
2935,24/04/2026,18,BRISKHEAT ,,Ca 1,,,0,,,
2936,24/04/2026,18,BRISKHEAT ,,Ca 1,,,0,,,
2937,24/04/2026,18,BRISKHEAT ,,Ca 1,,,0,,,
2995,27/04/2026,18,BRISKHEAT ,Suất mặn,Ca 1,,,0,,,
2998,27/04/2026,18,BRISKHEAT ,Suất chay,Ca 1,,,0,,,
2999,27/04/2026,18,BRISKHEAT ,Suất nước,Ca 1,,,0,,,
3111,28/04/2026,18,BRISKHEAT ,Suất mặn,Ca 1,247,,247,,,
3114,28/04/2026,18,BRISKHEAT ,Suất chay,Ca 1,49,,49,,,
3115,28/04/2026,18,BRISKHEAT ,Suất nước,Ca 1,154,,154,,,
3244,29/04/2026,18,BRISKHEAT ,Suất mặn,Ca 1,361,,361,,,
3274,29/04/2026,18,BRISKHEAT ,Suất chay,Ca 1,80,,80,,,
3275,29/04/2026,18,BRISKHEAT ,Suất nước,Ca 1,,,0,,,
3344,30/04/2026,18,BRISKHEAT ,Suất mặn,Ca 1,,,0,,,
3373,30/04/2026,18,BRISKHEAT ,Suất chay,Ca 1,,,0,,,
3374,30/04/2026,18,BRISKHEAT ,Suất nước,Ca 1,,,0,,,
2637,23/04/2026,19,SCAVI,,Ca 1,,,0,,,
2639,23/04/2026,19,SCAVI,,Ca 1,0,,0,,,
2640,23/04/2026,19,SCAVI,,Ca 1,0,,0,,,
2644,23/04/2026,19,SCAVI,,Ca 1,,,0,,,
2747,24/04/2026,19,SCAVI,,Ca 1,,,0,,,
2748,24/04/2026,19,SCAVI,,Ca 1,,,0,,,
2749,24/04/2026,19,SCAVI,,Ca 1,,,0,,,
2750,24/04/2026,19,SCAVI,,Ca 1,,,0,,,
2751,24/04/2026,19,SCAVI,,Ca 1,,,0,,,
2784,25/04/2026,19,SCAVI,,Ca 1,,,0,,,
2791,25/04/2026,19,SCAVI,,Ca 1,,,0,,,
2832,25/04/2026,19,SCAVI,,Ca 1,,,0,,,
2833,25/04/2026,19,SCAVI,,Ca 1,,,0,,,
2872,25/04/2026,19,SCAVI,,Ca 1,,,0,,,
3000,27/04/2026,19,SCAVI,Suất mặn,Ca 1,,,0,,,
3001,27/04/2026,19,SCAVI,Suất nước,Ca 1,,,0,,,
3002,27/04/2026,19,SCAVI,Suất chay,Ca 1,,,0,,,
3116,28/04/2026,19,SCAVI,Suất mặn,Ca 1,820,,820,,,
3117,28/04/2026,19,SCAVI,Suất nước,Ca 1,445,,445,,,
3118,28/04/2026,19,SCAVI,Suất chay,Ca 1,51,,51,,,
3174,28/04/2026,19,SCAVI,Suất mì sữa,Ca 1,30,,30,,,
3229,29/04/2026,19,SCAVI,Suất mặn,Ca 1,,,0,,,
3236,29/04/2026,19,SCAVI,Suất nước,Ca 1,,,0,,,
3272,29/04/2026,19,SCAVI,Suất chay,Ca 1,,,0,,,
3312,29/04/2026,19,SCAVI,Suất mì sữa,Ca 1,,,0,,,
3330,30/04/2026,19,SCAVI,Suất mặn,Ca 1,,,0,,,
3337,30/04/2026,19,SCAVI,Suất nước,Ca 1,,,0,,,
3371,30/04/2026,19,SCAVI,Suất chay,Ca 1,,,0,,,
3397,30/04/2026,19,SCAVI,Suất mì sữa,Ca 1,,,0,,,
2641,23/04/2026,20,SHINE,,Ca 1,0,,0,,,
2642,23/04/2026,20,SHINE,,Ca 1,,,0,,,
2760,24/04/2026,20,SHINE,,Ca 1,,,0,,,
2761,24/04/2026,20,SHINE,,Ca 1,,,0,,,
2762,24/04/2026,20,SHINE,,Ca 1,,,0,,,
2789,25/04/2026,20,SHINE,,Ca 1,,,0,,,
2879,25/04/2026,20,SHINE,,Ca 1,,,0,,,
2878,25/04/2026,20,SHINE,,Ca 1,,,0,,,
3004,27/04/2026,20,SHINE,Suất mặn,Ca 1,,,0,,,
3005,27/04/2026,20,SHINE,Suất nước,Ca 1,,,0,,,
3120,28/04/2026,20,SHINE,Suất mặn,Ca 1,,,0,,,
3121,28/04/2026,20,SHINE,Suất nước,Ca 1,,,0,,,
3234,29/04/2026,20,SHINE,Suất mặn,Ca 1,,,0,,,
3273,29/04/2026,20,SHINE,Suất nước,Ca 1,,,0,,,
3335,30/04/2026,20,SHINE,Suất mặn,Ca 1,,,0,,,
3372,30/04/2026,20,SHINE,Suất nước,Ca 1,,,0,,,
3405,30/04/2026,20,SHINE,Suất chay,Ca 1,,,0,,,
3406,30/04/2026,20,SHINE,Suất mì sữa,Ca 1,,,0,,,
2658,23/04/2026,21,FINE HOME SOFA,,Ca 1,0,,0,,,
2659,23/04/2026,21,FINE HOME SOFA,,Ca 1,,,0,,,
2804,25/04/2026,21,FINE HOME SOFA,,Ca 1,476,,476,,,
2805,25/04/2026,21,FINE HOME SOFA,,Ca 1,,,0,,,
2899,25/04/2026,21,FINE HOME SOFA,,Ca 1,,,0,,,
2898,25/04/2026,21,FINE HOME SOFA,,Ca 1,,,0,,,
2938,24/04/2026,21,FINE HOME SOFA,,Ca 1,,,0,,,
2939,24/04/2026,21,FINE HOME SOFA,,Ca 1,,,0,,,
2940,24/04/2026,21,FINE HOME SOFA,,Ca 1,,,0,,,
2941,24/04/2026,21,FINE HOME SOFA,,Ca 1,,,0,,,
3006,27/04/2026,21,FINE HOME SOFA,Suất mặn,Ca 1,,,0,,,
3007,27/04/2026,21,FINE HOME SOFA,Suất nước,Ca 1,,,0,,,
3122,28/04/2026,21,FINE HOME SOFA,Suất mặn,Ca 1,305,,305,,,
3123,28/04/2026,21,FINE HOME SOFA,Suất nước,Ca 1,,,0,,,
3142,28/04/2026,21,FINE HOME SOFA,Suất chay,Ca 1,2,,2,,,
3245,29/04/2026,21,FINE HOME SOFA,Suất mặn,Ca 1,463,,463,,,
3246,29/04/2026,21,FINE HOME SOFA,Suất nước,Ca 1,,,0,,,
3289,29/04/2026,21,FINE HOME SOFA,Suất mì sữa,Ca 1,210,,210,,,
3315,29/04/2026,21,FINE HOME SOFA,Suất chay,Ca 1,30,,30,,,
3345,30/04/2026,21,FINE HOME SOFA,Suất mặn,Ca 1,,,0,,,
3346,30/04/2026,21,FINE HOME SOFA,Suất nước,Ca 1,,,0,,,
3398,30/04/2026,21,FINE HOME SOFA,Suất chay,Ca 1,,,0,,,
3399,30/04/2026,21,FINE HOME SOFA,Suất mì sữa,Ca 1,,,0,,,
3400,30/04/2026,21,FINE HOME SOFA,Suất quản lý,Ca 1,,,0,,,
3141,28/04/2026,21,FINE HOME SOFA,Suất chay,Ca 2,3,,3,,,
3214,28/04/2026,21,FINE HOME SOFA,Suất mặn,Ca 2,309,,309,,,
3313,29/04/2026,21,FINE HOME SOFA,Suất mặn,Ca 2,,,0,,,
3314,29/04/2026,21,FINE HOME SOFA,Suất chay,Ca 2,,,0,,,
3401,30/04/2026,21,FINE HOME SOFA,Suất quản lý,Ca 2,,,0,,,
3416,30/04/2026,21,FINE HOME SOFA,Suất mặn,Ca 2,,,0,,,
3417,30/04/2026,21,FINE HOME SOFA,Suất chay,Ca 2,,,0,,,
3418,30/04/2026,21,FINE HOME SOFA,Suất mì sữa,Ca 2,,,0,,,
3419,30/04/2026,21,FINE HOME SOFA,Suất nước,Ca 2,,,0,,,
3008,27/04/2026,21,SOFA QUẢN LÝ,Suất mặn,Ca 1,,,0,,,
3124,28/04/2026,21,SOFA QUẢN LÝ,Suất mặn,Ca 1,15,,15,,,
3256,29/04/2026,21,SOFA QUẢN LÝ,Suất mặn,Ca 1,,,0,,,
3355,30/04/2026,21,SOFA QUẢN LÝ,Suất mặn,Ca 1,,,0,,,
3185,28/04/2026,21,SOFA QUẢN LÝ,Suất mặn,Ca 2,15,,15,,,
3257,29/04/2026,21,SOFA QUẢN LÝ,Suất mặn,Ca 2,,,0,,,
3356,30/04/2026,21,SOFA QUẢN LÝ,Suất mặn,Ca 2,,,0,,,
2625,23/04/2026,22,OM DIGITAL SOLUTIONS,,Ca 1,0,,0,,,
2626,23/04/2026,22,OM DIGITAL SOLUTIONS,,Ca 1,,,0,,,
2693,24/04/2026,22,OM DIGITAL SOLUTIONS,,Ca 1,,,0,,,
2694,24/04/2026,22,OM DIGITAL SOLUTIONS,,Ca 1,,,0,,,
2695,24/04/2026,22,OM DIGITAL SOLUTIONS,,Ca 1,,,0,,,
2696,24/04/2026,22,OM DIGITAL SOLUTIONS,,Ca 1,,,0,,,
2697,24/04/2026,22,OM DIGITAL SOLUTIONS,,Ca 1,,,0,,,
2698,24/04/2026,22,OM DIGITAL SOLUTIONS,,Ca 1,,,0,,,
2699,24/04/2026,22,OM DIGITAL SOLUTIONS,,Ca 1,,,0,,,
2780,25/04/2026,22,OM DIGITAL SOLUTIONS,,Ca 1,,,0,,,
2851,25/04/2026,22,OM DIGITAL SOLUTIONS,,Ca 1,,,0,,,
2852,25/04/2026,22,OM DIGITAL SOLUTIONS,,Ca 1,,,0,,,
2850,25/04/2026,22,OM DIGITAL SOLUTIONS,,Ca 1,,,0,,,
2849,25/04/2026,22,OM DIGITAL SOLUTIONS,,Ca 1,,,0,,,
2853,25/04/2026,22,OM DIGITAL SOLUTIONS,,Ca 1,,,0,,,
2854,25/04/2026,22,OM DIGITAL SOLUTIONS,,Ca 1,,,0,,,
3009,27/04/2026,22,OM DIGITAL SOLUTIONS,Suất mặn,Ca 1,,,0,,,
3013,27/04/2026,22,OM DIGITAL SOLUTIONS,Suất cải thiện,Ca 1,180,,180,,,
3014,27/04/2026,22,OM DIGITAL SOLUTIONS,Suất cháo,Ca 1,141,,141,,,
3017,27/04/2026,22,OM DIGITAL SOLUTIONS,Suất chay,Ca 1,,,0,,,
3019,27/04/2026,22,OM DIGITAL SOLUTIONS,Suất ăn sáng 2,Ca 1,6,,6,,,
3075,27/04/2026,22,OM DIGITAL SOLUTIONS,Suất ăn sáng 1,Ca 1,72,,72,,,
3125,28/04/2026,22,OM DIGITAL SOLUTIONS,Suất mặn,Ca 1,,,0,,,
3129,28/04/2026,22,OM DIGITAL SOLUTIONS,Suất cải thiện,Ca 1,,,0,,,
3130,28/04/2026,22,OM DIGITAL SOLUTIONS,Suất cháo,Ca 1,,,0,,,
3133,28/04/2026,22,OM DIGITAL SOLUTIONS,Suất chay,Ca 1,,,0,,,
3135,28/04/2026,22,OM DIGITAL SOLUTIONS,Suất ăn sáng 2,Ca 1,,,0,,,
3140,28/04/2026,22,OM DIGITAL SOLUTIONS,Suất ăn sáng 1,Ca 1,,,0,,,
3193,28/04/2026,22,OM DIGITAL SOLUTIONS,Suất nước,Ca 1,,,0,,,
3225,29/04/2026,22,OM DIGITAL SOLUTIONS,Suất mặn,Ca 1,,,0,,,
3261,29/04/2026,22,OM DIGITAL SOLUTIONS,Suất cải thiện,Ca 1,,,0,,,
3262,29/04/2026,22,OM DIGITAL SOLUTIONS,Suất cháo,Ca 1,,,0,,,
3263,29/04/2026,22,OM DIGITAL SOLUTIONS,Suất chay,Ca 1,,,0,,,
3267,29/04/2026,22,OM DIGITAL SOLUTIONS,Suất ăn sáng 2,Ca 1,,,0,,,
3268,29/04/2026,22,OM DIGITAL SOLUTIONS,Suất ăn sáng 1,Ca 1,,,0,,,
3292,29/04/2026,22,OM DIGITAL SOLUTIONS,Suất nước,Ca 1,,,0,,,
3326,30/04/2026,22,OM DIGITAL SOLUTIONS,Suất mặn,Ca 1,,,0,,,
3360,30/04/2026,22,OM DIGITAL SOLUTIONS,Suất cải thiện,Ca 1,,,0,,,
3361,30/04/2026,22,OM DIGITAL SOLUTIONS,Suất cháo,Ca 1,,,0,,,
3362,30/04/2026,22,OM DIGITAL SOLUTIONS,Suất chay,Ca 1,,,0,,,
3366,30/04/2026,22,OM DIGITAL SOLUTIONS,Suất ăn sáng 2,Ca 1,,,0,,,
3367,30/04/2026,22,OM DIGITAL SOLUTIONS,Suất ăn sáng 1,Ca 1,,,0,,,
3386,30/04/2026,22,OM DIGITAL SOLUTIONS,Suất nước,Ca 1,,,0,,,
2627,23/04/2026,22,OM DIGITAL SOLUTIONS,,Ca 2,,,0,,,
2631,23/04/2026,22,OM DIGITAL SOLUTIONS,,Ca 2,,,0,,,
2700,24/04/2026,22,OM DIGITAL SOLUTIONS,,Ca 2,,,0,,,
2701,24/04/2026,22,OM DIGITAL SOLUTIONS,,Ca 2,,,0,,,
2702,24/04/2026,22,OM DIGITAL SOLUTIONS,,Ca 2,,,0,,,
2703,24/04/2026,22,OM DIGITAL SOLUTIONS,,Ca 2,,,0,,,
2704,24/04/2026,22,OM DIGITAL SOLUTIONS,,Ca 2,,,0,,,
2705,24/04/2026,22,OM DIGITAL SOLUTIONS,,Ca 2,,,0,,,
2706,24/04/2026,22,OM DIGITAL SOLUTIONS,,Ca 2,,,0,,,
2781,25/04/2026,22,OM DIGITAL SOLUTIONS,,Ca 2,,,0,,,
2869,25/04/2026,22,OM DIGITAL SOLUTIONS,,Ca 2,,,0,,,
2868,25/04/2026,22,OM DIGITAL SOLUTIONS,,Ca 2,,,0,,,
2867,25/04/2026,22,OM DIGITAL SOLUTIONS,,Ca 2,,,0,,,
2866,25/04/2026,22,OM DIGITAL SOLUTIONS,,Ca 2,,,0,,,
2865,25/04/2026,22,OM DIGITAL SOLUTIONS,,Ca 2,,,0,,,
2864,25/04/2026,22,OM DIGITAL SOLUTIONS,,Ca 2,,,0,,,
3010,27/04/2026,22,OM DIGITAL SOLUTIONS,Suất mặn,Ca 2,,,0,,,
3015,27/04/2026,22,OM DIGITAL SOLUTIONS,Suất cháo,Ca 2,30,,30,,,
3018,27/04/2026,22,OM DIGITAL SOLUTIONS,Suất chay,Ca 2,6,,6,,,
3126,28/04/2026,22,OM DIGITAL SOLUTIONS,Suất mặn,Ca 2,,,0,,,
3131,28/04/2026,22,OM DIGITAL SOLUTIONS,Suất cháo,Ca 2,,,0,,,
3134,28/04/2026,22,OM DIGITAL SOLUTIONS,Suất chay,Ca 2,,,0,,,
3187,28/04/2026,22,OM DIGITAL SOLUTIONS,Suất cải thiện,Ca 2,,,0,,,
3194,28/04/2026,22,OM DIGITAL SOLUTIONS,Suất nước,Ca 2,,,0,,,
3227,29/04/2026,22,OM DIGITAL SOLUTIONS,Suất mặn,Ca 2,,,0,,,
3264,29/04/2026,22,OM DIGITAL SOLUTIONS,Suất cải thiện,Ca 2,,,0,,,
3265,29/04/2026,22,OM DIGITAL SOLUTIONS,Suất cháo,Ca 2,,,0,,,
3266,29/04/2026,22,OM DIGITAL SOLUTIONS,Suất chay,Ca 2,,,0,,,
3293,29/04/2026,22,OM DIGITAL SOLUTIONS,Suất nước,Ca 2,,,0,,,
3328,30/04/2026,22,OM DIGITAL SOLUTIONS,Suất mặn,Ca 2,,,0,,,
3363,30/04/2026,22,OM DIGITAL SOLUTIONS,Suất cải thiện,Ca 2,,,0,,,
3364,30/04/2026,22,OM DIGITAL SOLUTIONS,Suất cháo,Ca 2,,,0,,,
3365,30/04/2026,22,OM DIGITAL SOLUTIONS,Suất chay,Ca 2,,,0,,,
3387,30/04/2026,22,OM DIGITAL SOLUTIONS,Suất nước,Ca 2,,,0,,,
2630,23/04/2026,22,OM DIGITAL SOLUTIONS,,Ca 3,,,0,,,
2707,24/04/2026,22,OM DIGITAL SOLUTIONS,,Ca 3,,,0,,,
2739,24/04/2026,22,OM DIGITAL SOLUTIONS,,Ca 3,,,0,,,
2740,24/04/2026,22,OM DIGITAL SOLUTIONS,,Ca 3,,,0,,,
2741,24/04/2026,22,OM DIGITAL SOLUTIONS,,Ca 3,,,0,,,
2742,24/04/2026,22,OM DIGITAL SOLUTIONS,,Ca 3,,,0,,,
2743,24/04/2026,22,OM DIGITAL SOLUTIONS,,Ca 3,,,0,,,
2744,24/04/2026,22,OM DIGITAL SOLUTIONS,,Ca 3,,,0,,,
2782,25/04/2026,22,OM DIGITAL SOLUTIONS,,Ca 3,,,0,,,
2863,25/04/2026,22,OM DIGITAL SOLUTIONS,,Ca 3,,,0,,,
2862,25/04/2026,22,OM DIGITAL SOLUTIONS,,Ca 3,,,0,,,
2861,25/04/2026,22,OM DIGITAL SOLUTIONS,,Ca 3,,,0,,,
2860,25/04/2026,22,OM DIGITAL SOLUTIONS,,Ca 3,,,0,,,
2859,25/04/2026,22,OM DIGITAL SOLUTIONS,,Ca 3,,,0,,,
2858,25/04/2026,22,OM DIGITAL SOLUTIONS,,Ca 3,,,0,,,
3011,27/04/2026,22,OM DIGITAL SOLUTIONS,Suất mặn,Ca 3,,,0,,,
3012,27/04/2026,22,OM DIGITAL SOLUTIONS,Suất nước,Ca 3,,,0,,,
3016,27/04/2026,22,OM DIGITAL SOLUTIONS,Suất cháo,Ca 3,,,0,,,
3127,28/04/2026,22,OM DIGITAL SOLUTIONS,Suất mặn,Ca 3,,,0,,,
3128,28/04/2026,22,OM DIGITAL SOLUTIONS,Suất nước,Ca 3,,,0,,,
3132,28/04/2026,22,OM DIGITAL SOLUTIONS,Suất cháo,Ca 3,,,0,,,
3226,29/04/2026,22,OM DIGITAL SOLUTIONS,Suất nước,Ca 3,,,0,,,
3269,29/04/2026,22,OM DIGITAL SOLUTIONS,Suất cháo,Ca 3,,,0,,,
3327,30/04/2026,22,OM DIGITAL SOLUTIONS,Suất nước,Ca 3,,,0,,,
3368,30/04/2026,22,OM DIGITAL SOLUTIONS,Suất cháo,Ca 3,,,0,,,
2660,23/04/2026,23,DONA QUẾ BẰNG,,Ca 1,0,,0,,,
2672,23/04/2026,23,DONA QUẾ BẰNG,,Ca 1,,,0,,,
2817,25/04/2026,23,DONA QUẾ BẰNG,,Ca 1,,,0,,,
2910,25/04/2026,23,DONA QUẾ BẰNG,,Ca 1,,,0,,,
2909,25/04/2026,23,DONA QUẾ BẰNG,,Ca 1,,,0,,,
2908,25/04/2026,23,DONA QUẾ BẰNG,,Ca 1,,,0,,,
2956,24/04/2026,23,DONA QUẾ BẰNG,,Ca 1,,,0,,,
2957,24/04/2026,23,DONA QUẾ BẰNG,,Ca 1,,,0,,,
2958,24/04/2026,23,DONA QUẾ BẰNG,,Ca 1,,,0,,,
2959,24/04/2026,23,DONA QUẾ BẰNG,,Ca 1,,,0,,,
3076,27/04/2026,23,DONA QUẾ BẰNG,Suất mặn,Ca 1,,,0,,,
3077,27/04/2026,23,DONA QUẾ BẰNG,Suất nước,Ca 1,,,0,,,
3258,29/04/2026,23,DONA QUẾ BẰNG,Suất mặn,Ca 1,133,,133,,,
3276,29/04/2026,23,DONA QUẾ BẰNG,Suất mì sữa,Ca 1,203,,203,,,
3357,30/04/2026,23,DONA QUẾ BẰNG,Suất mặn,Ca 1,,,0,,,
3358,30/04/2026,23,DONA QUẾ BẰNG,Suất chay,Ca 1,,,0,,,
3375,30/04/2026,23,DONA QUẾ BẰNG,Suất nước,Ca 1,,,0,,,
3376,30/04/2026,23,DONA QUẾ BẰNG,Suất mì sữa,Ca 1,,,0,,,
2673,23/04/2026,23,DONA QUẾ BẰNG,,Ca 2,,,0,,,
2818,25/04/2026,23,DONA QUẾ BẰNG,,Ca 2,,,0,,,
2913,25/04/2026,23,DONA QUẾ BẰNG,,Ca 2,,,0,,,
2912,25/04/2026,23,DONA QUẾ BẰNG,,Ca 2,,,0,,,
2911,25/04/2026,23,DONA QUẾ BẰNG,,Ca 2,,,0,,,
2960,24/04/2026,23,DONA QUẾ BẰNG,,Ca 2,,,0,,,
2961,24/04/2026,23,DONA QUẾ BẰNG,,Ca 2,,,0,,,
2962,24/04/2026,23,DONA QUẾ BẰNG,,Ca 2,,,0,,,
2963,24/04/2026,23,DONA QUẾ BẰNG,,Ca 2,,,0,,,
3259,29/04/2026,23,DONA QUẾ BẰNG,Suất mặn,Ca 2,,,0,,,
3277,29/04/2026,23,DONA QUẾ BẰNG,Suất nước,Ca 2,,,0,,,
3290,29/04/2026,23,DONA QUẾ BẰNG,Suất mì sữa,Ca 2,,,0,,,
3385,30/04/2026,23,DONA QUẾ BẰNG,Suất mặn,Ca 2,,,0,,,
3423,30/04/2026,23,DONA QUẾ BẰNG,Suất nước,Ca 2,,,0,,,
3424,30/04/2026,23,DONA QUẾ BẰNG,Suất chay,Ca 2,,,0,,,
3425,30/04/2026,23,DONA QUẾ BẰNG,Suất mì sữa,Ca 2,,,0,,,
3079,27/04/2026,24,ARTWELL,Suất mặn,Ca 1,,,0,,,
3288,29/04/2026,24,ARTWELL,Suất mặn,Ca 1,,,0,,,
3383,30/04/2026,24,ARTWELL,Suất mặn,Ca 1,,,0,,,
3384,30/04/2026,24,ARTWELL,Suất mặn,Ca 2,,,0,,,
3411,30/04/2026,24,ARTWELL,Suất nước,Ca 2,,,0,,,
3003,27/04/2026,,SCAVI CƠM KHÁCH 50K,Suất mặn,Ca 1,,,0,,,
3119,28/04/2026,,SCAVI CƠM KHÁCH 50K,Suất mặn,Ca 1,9,,9,,,
3287,29/04/2026,,SCAVI CƠM KHÁCH 50K,Suất mặn,Ca 1,,,0,,,
2671,23/04/2026,,FUKUVI,,Ca 1,0,,0,,,
2801,25/04/2026,,FUKUVI,,Ca 1,,,0,,,
2892,25/04/2026,,FUKUVI,,Ca 1,,,0,,,
2930,24/04/2026,,FUKUVI,,Ca 1,,,0,,,
2931,24/04/2026,,FUKUVI,,Ca 1,,,0,,,
2654,23/04/2026,,FUKUVI,,Ca 2,,,0,,,
2802,25/04/2026,,FUKUVI,,Ca 2,,,0,,,
2893,25/04/2026,,FUKUVI,,Ca 2,,,0,,,
2932,24/04/2026,,FUKUVI,,Ca 2,,,0,,,
2933,24/04/2026,,FUKUVI,,Ca 2,,,0,,,
2653,23/04/2026,,SAITEX INTERNATIONAL,,Ca 1,,,0,,,
2662,23/04/2026,,SAITEX INTERNATIONAL,,Ca 1,,,0,,,
2664,23/04/2026,,SAITEX INTERNATIONAL,,Ca 1,,,0,,,
2806,25/04/2026,,SAITEX INTERNATIONAL,,Ca 1,,,0,,,
2807,25/04/2026,,SAITEX INTERNATIONAL,,Ca 1,,,0,,,
2808,25/04/2026,,SAITEX INTERNATIONAL,,Ca 1,,,0,,,
2942,24/04/2026,,SAITEX INTERNATIONAL,,Ca 1,,,0,,,
2943,24/04/2026,,SAITEX INTERNATIONAL,,Ca 1,,,0,,,
2944,24/04/2026,,SAITEX INTERNATIONAL,,Ca 1,,,0,,,
2661,23/04/2026,,SAITEX INTERNATIONAL,,Ca 2,,,0,,,
2663,23/04/2026,,SAITEX INTERNATIONAL,,Ca 2,,,0,,,
2665,23/04/2026,,SAITEX INTERNATIONAL,,Ca 2,,,0,,,
2809,25/04/2026,,SAITEX INTERNATIONAL,,Ca 2,,,0,,,
2810,25/04/2026,,SAITEX INTERNATIONAL,,Ca 2,,,0,,,
2811,25/04/2026,,SAITEX INTERNATIONAL,,Ca 2,,,0,,,
2945,24/04/2026,,SAITEX INTERNATIONAL,,Ca 2,,,0,,,
2946,24/04/2026,,SAITEX INTERNATIONAL,,Ca 2,,,0,,,
2947,24/04/2026,,SAITEX INTERNATIONAL,,Ca 2,,,0,,,
3078,27/04/2026,,CHAY DONA,Suất chay,Ca 1,,,0,,,
3291,29/04/2026,,CHAY DONA,Suất chay,Ca 1,,,0,,,
3294,29/04/2026,,CHAY DONA,Suất chay,Ca 2,,,0,,,
793,01/04/2026,,,,Ca 1,,,0,,,
794,01/04/2026,,,,Ca 1,,,0,,,
795,01/04/2026,,,,Ca 1,,,0,,,
796,01/04/2026,,,,Ca 1,,,0,,,
797,01/04/2026,,,,Ca 1,,,0,,,
798,01/04/2026,,,,Ca 1,,,0,,,
805,01/04/2026,,,,Ca 1,,,0,,,
806,01/04/2026,,,,Ca 1,,,0,,,
807,01/04/2026,,,,Ca 1,,,0,,,
808,01/04/2026,,,,Ca 1,,,0,,,
809,01/04/2026,,,,Ca 1,,,0,,,
812,01/04/2026,,,,Ca 1,,,0,,,
813,01/04/2026,,,,Ca 1,,,0,,,
816,01/04/2026,,,,Ca 1,,,0,,,
817,01/04/2026,,,,Ca 1,,,0,,,
821,01/04/2026,,,,Ca 1,,,0,,,
822,01/04/2026,,,,Ca 1,,,0,,,
823,01/04/2026,,,,Ca 1,,,0,,,
824,01/04/2026,,,,Ca 1,,,0,,,
825,01/04/2026,,,,Ca 1,,,0,,,
827,01/04/2026,,,,Ca 1,,,0,,,
828,01/04/2026,,,,Ca 1,,,0,,,
829,01/04/2026,,,,Ca 1,,,0,,,
831,01/04/2026,,,,Ca 1,,,0,,,
833,01/04/2026,,,,Ca 1,,,0,,,
834,01/04/2026,,,,Ca 1,,,0,,,
836,01/04/2026,,,,Ca 1,,,0,,,
838,01/04/2026,,,,Ca 1,,,0,,,
839,01/04/2026,,,,Ca 1,,,0,,,
840,01/04/2026,,,,Ca 1,,,0,,,
841,01/04/2026,,,,Ca 1,,,0,,,
842,01/04/2026,,,,Ca 1,,,0,,,
843,01/04/2026,,,,Ca 1,,,0,,,
844,01/04/2026,,,,Ca 1,,,0,,,
845,01/04/2026,,,,Ca 1,,,0,,,
849,01/04/2026,,,,Ca 1,,,0,,,
851,01/04/2026,,,,Ca 1,,,0,,,
854,01/04/2026,,,,Ca 1,,,0,,,
982,02/04/2026,,,,Ca 1,,1,1,,,
983,02/04/2026,,,,Ca 1,,1,1,,,
984,02/04/2026,,,,Ca 1,,1,1,,,
985,02/04/2026,,,,Ca 1,,1,1,,,
986,02/04/2026,,,,Ca 1,,1,1,,,
987,02/04/2026,,,,Ca 1,,1,1,,,
994,02/04/2026,,,,Ca 1,,1,1,,,
995,02/04/2026,,,,Ca 1,,1,1,,,
996,02/04/2026,,,,Ca 1,,1,1,,,
997,02/04/2026,,,,Ca 1,,1,1,,,
998,02/04/2026,,,,Ca 1,,1,1,,,
1001,02/04/2026,,,,Ca 1,,1,1,,,
1002,02/04/2026,,,,Ca 1,,1,1,,,
1005,02/04/2026,,,,Ca 1,,1,1,,,
1006,02/04/2026,,,,Ca 1,,1,1,,,
1010,02/04/2026,,,,Ca 1,,1,1,,,
1011,02/04/2026,,,,Ca 1,,1,1,,,
1012,02/04/2026,,,,Ca 1,,1,1,,,
1013,02/04/2026,,,,Ca 1,,1,1,,,
1014,02/04/2026,,,,Ca 1,,1,1,,,
1016,02/04/2026,,,,Ca 1,,1,1,,,
1017,02/04/2026,,,,Ca 1,,1,1,,,
1018,02/04/2026,,,,Ca 1,,1,1,,,
1020,02/04/2026,,,,Ca 1,,1,1,,,
1022,02/04/2026,,,,Ca 1,,1,1,,,
1023,02/04/2026,,,,Ca 1,,1,1,,,
1025,02/04/2026,,,,Ca 1,,1,1,,,
1027,02/04/2026,,,,Ca 1,,1,1,,,
1028,02/04/2026,,,,Ca 1,,1,1,,,
1029,02/04/2026,,,,Ca 1,,1,1,,,
1030,02/04/2026,,,,Ca 1,,1,1,,,
1031,02/04/2026,,,,Ca 1,,1,1,,,
1032,02/04/2026,,,,Ca 1,,1,1,,,
1033,02/04/2026,,,,Ca 1,,1,1,,,
1034,02/04/2026,,,,Ca 1,,1,1,,,
1038,02/04/2026,,,,Ca 1,,1,1,,,
1040,02/04/2026,,,,Ca 1,,1,1,,,
1043,02/04/2026,,,,Ca 1,,1,1,,,
1045,03/04/2026,,,,Ca 1,,1,1,,,
1046,03/04/2026,,,,Ca 1,,1,1,,,
1047,03/04/2026,,,,Ca 1,,1,1,,,
1048,03/04/2026,,,,Ca 1,,1,1,,,
1049,03/04/2026,,,,Ca 1,,1,1,,,
1050,03/04/2026,,,,Ca 1,,1,1,,,
1057,03/04/2026,,,,Ca 1,,1,1,,,
1058,03/04/2026,,,,Ca 1,,1,1,,,
1059,03/04/2026,,,,Ca 1,,,0,,,
1060,03/04/2026,,,,Ca 1,,,0,,,
1061,03/04/2026,,,,Ca 1,,,0,,,
1064,03/04/2026,,,,Ca 1,,,0,,,
1065,03/04/2026,,,,Ca 1,,,0,,,
1068,03/04/2026,,,,Ca 1,,,0,,,
1069,03/04/2026,,,,Ca 1,,,0,,,
1073,03/04/2026,,,,Ca 1,,,0,,,
1074,03/04/2026,,,,Ca 1,,,0,,,
1075,03/04/2026,,,,Ca 1,,,0,,,
1076,03/04/2026,,,,Ca 1,,,0,,,
1077,03/04/2026,,,,Ca 1,,,0,,,
1079,03/04/2026,,,,Ca 1,,,0,,,
1080,03/04/2026,,,,Ca 1,,,0,,,
1081,03/04/2026,,,,Ca 1,,,0,,,
1083,03/04/2026,,,,Ca 1,,,0,,,
1085,03/04/2026,,,,Ca 1,,1,1,,,
1086,03/04/2026,,,,Ca 1,,1,1,,,
1088,03/04/2026,,,,Ca 1,,1,1,,,
1090,03/04/2026,,,,Ca 1,,1,1,,,
1091,03/04/2026,,,,Ca 1,,1,1,,,
1092,03/04/2026,,,,Ca 1,,1,1,,,
1093,03/04/2026,,,,Ca 1,,1,1,,,
1094,03/04/2026,,,,Ca 1,,1,1,,,
1095,03/04/2026,,,,Ca 1,,1,1,,,
1096,03/04/2026,,,,Ca 1,,1,1,,,
1097,03/04/2026,,,,Ca 1,,1,1,,,
1101,03/04/2026,,,,Ca 1,,1,1,,,
1103,03/04/2026,,,,Ca 1,,1,1,,,
1106,03/04/2026,,,,Ca 1,,1,1,,,
1108,04/04/2026,,,,Ca 1,,,0,,,
1109,04/04/2026,,,,Ca 1,,,0,,,
1110,04/04/2026,,,,Ca 1,,,0,,,
1111,04/04/2026,,,,Ca 1,,,0,,,
1112,04/04/2026,,,,Ca 1,,,0,,,
1113,04/04/2026,,,,Ca 1,,,0,,,
1120,04/04/2026,,,,Ca 1,,,0,,,
1121,04/04/2026,,,,Ca 1,,,0,,,
1122,04/04/2026,,,,Ca 1,,,0,,,
1123,04/04/2026,,,,Ca 1,,,0,,,
1124,04/04/2026,,,,Ca 1,,,0,,,
1127,04/04/2026,,,,Ca 1,,,0,,,
1128,04/04/2026,,,,Ca 1,,,0,,,
1131,04/04/2026,,,,Ca 1,,,0,,,
1132,04/04/2026,,,,Ca 1,,,0,,,
1136,04/04/2026,,,,Ca 1,,,0,,,
1137,04/04/2026,,,,Ca 1,,,0,,,
1138,04/04/2026,,,,Ca 1,,,0,,,
1139,04/04/2026,,,,Ca 1,,,0,,,
1140,04/04/2026,,,,Ca 1,,,0,,,
1142,04/04/2026,,,,Ca 1,,,0,,,
1143,04/04/2026,,,,Ca 1,,,0,,,
1144,04/04/2026,,,,Ca 1,,,0,,,
1146,04/04/2026,,,,Ca 1,,,0,,,
1148,04/04/2026,,,,Ca 1,,,0,,,
1149,04/04/2026,,,,Ca 1,,,0,,,
1151,04/04/2026,,,,Ca 1,,,0,,,
1153,04/04/2026,,,,Ca 1,,,0,,,
1154,04/04/2026,,,,Ca 1,,,0,,,
1155,04/04/2026,,,,Ca 1,,,0,,,
1156,04/04/2026,,,,Ca 1,,,0,,,
1157,04/04/2026,,,,Ca 1,,,0,,,
1158,04/04/2026,,,,Ca 1,,,0,,,
1159,04/04/2026,,,,Ca 1,,,0,,,
1160,04/04/2026,,,,Ca 1,,,0,,,
1164,04/04/2026,,,,Ca 1,,,0,,,
1166,04/04/2026,,,,Ca 1,,,0,,,
1169,04/04/2026,,,,Ca 1,,,0,,,
1171,05/04/2026,,,,Ca 1,,,0,,,
1172,05/04/2026,,,,Ca 1,,,0,,,
1173,05/04/2026,,,,Ca 1,,,0,,,
1174,05/04/2026,,,,Ca 1,,,0,,,
1175,05/04/2026,,,,Ca 1,,,0,,,
1176,05/04/2026,,,,Ca 1,,,0,,,
1183,05/04/2026,,,,Ca 1,,,0,,,
1184,05/04/2026,,,,Ca 1,,,0,,,
1185,05/04/2026,,,,Ca 1,,,0,,,
1186,05/04/2026,,,,Ca 1,,,0,,,
1187,05/04/2026,,,,Ca 1,,,0,,,
1190,05/04/2026,,,,Ca 1,,,0,,,
1191,05/04/2026,,,,Ca 1,,,0,,,
1194,05/04/2026,,,,Ca 1,,,0,,,
1195,05/04/2026,,,,Ca 1,,,0,,,
1199,05/04/2026,,,,Ca 1,,,0,,,
1200,05/04/2026,,,,Ca 1,,,0,,,
1201,05/04/2026,,,,Ca 1,,,0,,,
1202,05/04/2026,,,,Ca 1,,,0,,,
1203,05/04/2026,,,,Ca 1,,,0,,,
1205,05/04/2026,,,,Ca 1,,,0,,,
1206,05/04/2026,,,,Ca 1,,,0,,,
1207,05/04/2026,,,,Ca 1,,,0,,,
1209,05/04/2026,,,,Ca 1,,,0,,,
1211,05/04/2026,,,,Ca 1,,,0,,,
1212,05/04/2026,,,,Ca 1,,,0,,,
1214,05/04/2026,,,,Ca 1,,,0,,,
1216,05/04/2026,,,,Ca 1,,,0,,,
1217,05/04/2026,,,,Ca 1,,,0,,,
1218,05/04/2026,,,,Ca 1,,,0,,,
1219,05/04/2026,,,,Ca 1,,,0,,,
1220,05/04/2026,,,,Ca 1,,,0,,,
1221,05/04/2026,,,,Ca 1,,,0,,,
1222,05/04/2026,,,,Ca 1,,,0,,,
1223,05/04/2026,,,,Ca 1,,,0,,,
1227,05/04/2026,,,,Ca 1,,,0,,,
1229,05/04/2026,,,,Ca 1,,,0,,,
1232,05/04/2026,,,,Ca 1,,,0,,,
1234,06/04/2026,,,,Ca 1,,,0,,,
1235,06/04/2026,,,,Ca 1,,,0,,,
1236,06/04/2026,,,,Ca 1,,,0,,,
1237,06/04/2026,,,,Ca 1,,,0,,,
1238,06/04/2026,,,,Ca 1,,,0,,,
1239,06/04/2026,,,,Ca 1,,,0,,,
1246,06/04/2026,,,,Ca 1,,,0,,,
1247,06/04/2026,,,,Ca 1,,,0,,,
1248,06/04/2026,,,,Ca 1,,,0,,,
1249,06/04/2026,,,,Ca 1,,,0,,,
1250,06/04/2026,,,,Ca 1,,,0,,,
1253,06/04/2026,,,,Ca 1,,,0,,,
1254,06/04/2026,,,,Ca 1,,,0,,,
1257,06/04/2026,,,,Ca 1,,,0,,,
1258,06/04/2026,,,,Ca 1,,,0,,,
1262,06/04/2026,,,,Ca 1,,,0,,,
1263,06/04/2026,,,,Ca 1,,,0,,,
1264,06/04/2026,,,,Ca 1,,,0,,,
1265,06/04/2026,,,,Ca 1,,,0,,,
1266,06/04/2026,,,,Ca 1,,,0,,,
1268,06/04/2026,,,,Ca 1,,,0,,,
1269,06/04/2026,,,,Ca 1,,,0,,,
1270,06/04/2026,,,,Ca 1,,,0,,,
1272,06/04/2026,,,,Ca 1,,,0,,,
1274,06/04/2026,,,,Ca 1,,,0,,,
1275,06/04/2026,,,,Ca 1,,,0,,,
1277,06/04/2026,,,,Ca 1,,,0,,,
1279,06/04/2026,,,,Ca 1,,,0,,,
1280,06/04/2026,,,,Ca 1,,,0,,,
1281,06/04/2026,,,,Ca 1,,,0,,,
1282,06/04/2026,,,,Ca 1,,,0,,,
1283,06/04/2026,,,,Ca 1,,,0,,,
1284,06/04/2026,,,,Ca 1,,,0,,,
1285,06/04/2026,,,,Ca 1,,,0,,,
1286,06/04/2026,,,,Ca 1,,,0,,,
1290,06/04/2026,,,,Ca 1,,,0,,,
1292,06/04/2026,,,,Ca 1,,,0,,,
1295,06/04/2026,,,,Ca 1,,,0,,,
1297,08/04/2026,,,,Ca 1,,,0,,,
1298,08/04/2026,,,,Ca 1,,,0,,,
1299,08/04/2026,,,,Ca 1,,,0,,,
1300,08/04/2026,,,,Ca 1,,,0,,,
1301,08/04/2026,,,,Ca 1,,,0,,,
1302,08/04/2026,,,,Ca 1,,,0,,,
1309,08/04/2026,,,,Ca 1,,,0,,,
1310,08/04/2026,,,,Ca 1,,,0,,,
1311,08/04/2026,,,,Ca 1,,,0,,,
1312,08/04/2026,,,,Ca 1,,,0,,,
1313,08/04/2026,,,,Ca 1,,,0,,,
1316,08/04/2026,,,,Ca 1,,,0,,,
1317,08/04/2026,,,,Ca 1,,,0,,,
1320,08/04/2026,,,,Ca 1,,,0,,,
1321,08/04/2026,,,,Ca 1,,,0,,,
1325,08/04/2026,,,,Ca 1,,,0,,,
1326,08/04/2026,,,,Ca 1,,,0,,,
1327,08/04/2026,,,,Ca 1,,,0,,,
1328,08/04/2026,,,,Ca 1,,,0,,,
1329,08/04/2026,,,,Ca 1,,,0,,,
1331,08/04/2026,,,,Ca 1,,,0,,,
1332,08/04/2026,,,,Ca 1,,,0,,,
1333,08/04/2026,,,,Ca 1,,,0,,,
1335,08/04/2026,,,,Ca 1,,,0,,,
1337,08/04/2026,,,,Ca 1,,,0,,,
1338,08/04/2026,,,,Ca 1,,,0,,,
1340,08/04/2026,,,,Ca 1,,,0,,,
1342,08/04/2026,,,,Ca 1,,,0,,,
1343,08/04/2026,,,,Ca 1,,,0,,,
1344,08/04/2026,,,,Ca 1,,,0,,,
1345,08/04/2026,,,,Ca 1,,,0,,,
1346,08/04/2026,,,,Ca 1,,,0,,,
1347,08/04/2026,,,,Ca 1,,,0,,,
1348,08/04/2026,,,,Ca 1,,,0,,,
1349,08/04/2026,,,,Ca 1,,,0,,,
1353,08/04/2026,,,,Ca 1,,,0,,,
1355,08/04/2026,,,,Ca 1,,,0,,,
1358,08/04/2026,,,,Ca 1,,,0,,,
1360,09/04/2026,,,,Ca 1,,,0,,,
1361,09/04/2026,,,,Ca 1,,,0,,,
1362,09/04/2026,,,,Ca 1,,,0,,,
1363,09/04/2026,,,,Ca 1,,,0,,,
1364,09/04/2026,,,,Ca 1,,,0,,,
1365,09/04/2026,,,,Ca 1,,,0,,,
1372,09/04/2026,,,,Ca 1,,,0,,,
1373,09/04/2026,,,,Ca 1,,,0,,,
1374,09/04/2026,,,,Ca 1,,,0,,,
1375,09/04/2026,,,,Ca 1,,,0,,,
1376,09/04/2026,,,,Ca 1,,,0,,,
1379,09/04/2026,,,,Ca 1,,,0,,,
1380,09/04/2026,,,,Ca 1,,,0,,,
1383,09/04/2026,,,,Ca 1,,,0,,,
1384,09/04/2026,,,,Ca 1,,,0,,,
1388,09/04/2026,,,,Ca 1,,,0,,,
1389,09/04/2026,,,,Ca 1,,,0,,,
1390,09/04/2026,,,,Ca 1,,,0,,,
1391,09/04/2026,,,,Ca 1,,,0,,,
1392,09/04/2026,,,,Ca 1,,,0,,,
1394,09/04/2026,,,,Ca 1,,,0,,,
1395,09/04/2026,,,,Ca 1,,,0,,,
1396,09/04/2026,,,,Ca 1,,,0,,,
1398,09/04/2026,,,,Ca 1,,,0,,,
1400,09/04/2026,,,,Ca 1,,,0,,,
1401,09/04/2026,,,,Ca 1,,,0,,,
1403,09/04/2026,,,,Ca 1,,,0,,,
1405,09/04/2026,,,,Ca 1,,,0,,,
1406,09/04/2026,,,,Ca 1,,,0,,,
1407,09/04/2026,,,,Ca 1,,,0,,,
1408,09/04/2026,,,,Ca 1,,,0,,,
1409,09/04/2026,,,,Ca 1,,,0,,,
1410,09/04/2026,,,,Ca 1,,,0,,,
1411,09/04/2026,,,,Ca 1,,,0,,,
1412,09/04/2026,,,,Ca 1,,,0,,,
1416,09/04/2026,,,,Ca 1,,,0,,,
1418,09/04/2026,,,,Ca 1,,,0,,,
1421,09/04/2026,,,,Ca 1,,,0,,,
1423,10/04/2026,,,,Ca 1,,,0,,,
1424,10/04/2026,,,,Ca 1,,,0,,,
1425,10/04/2026,,,,Ca 1,,,0,,,
1426,10/04/2026,,,,Ca 1,,,0,,,
1427,10/04/2026,,,,Ca 1,,,0,,,
1428,10/04/2026,,,,Ca 1,,,0,,,
1435,10/04/2026,,,,Ca 1,,,0,,,
1436,10/04/2026,,,,Ca 1,,,0,,,
1437,10/04/2026,,,,Ca 1,,,0,,,
1438,10/04/2026,,,,Ca 1,,,0,,,
1439,10/04/2026,,,,Ca 1,,,0,,,
1442,10/04/2026,,,,Ca 1,,,0,,,
1443,10/04/2026,,,,Ca 1,,,0,,,
1446,10/04/2026,,,,Ca 1,,,0,,,
1447,10/04/2026,,,,Ca 1,,,0,,,
1451,10/04/2026,,,,Ca 1,,,0,,,
1452,10/04/2026,,,,Ca 1,,,0,,,
1453,10/04/2026,,,,Ca 1,,,0,,,
1454,10/04/2026,,,,Ca 1,,,0,,,
1455,10/04/2026,,,,Ca 1,,,0,,,
1457,10/04/2026,,,,Ca 1,,,0,,,
1458,10/04/2026,,,,Ca 1,,,0,,,
1459,10/04/2026,,,,Ca 1,,,0,,,
1461,10/04/2026,,,,Ca 1,,,0,,,
1463,10/04/2026,,,,Ca 1,,,0,,,
1464,10/04/2026,,,,Ca 1,,,0,,,
1466,10/04/2026,,,,Ca 1,,,0,,,
1468,10/04/2026,,,,Ca 1,,,0,,,
1469,10/04/2026,,,,Ca 1,,,0,,,
1470,10/04/2026,,,,Ca 1,,,0,,,
1471,10/04/2026,,,,Ca 1,,,0,,,
1472,10/04/2026,,,,Ca 1,,,0,,,
1473,10/04/2026,,,,Ca 1,,,0,,,
1474,10/04/2026,,,,Ca 1,,,0,,,
1475,10/04/2026,,,,Ca 1,,,0,,,
1479,10/04/2026,,,,Ca 1,,,0,,,
1481,10/04/2026,,,,Ca 1,,,0,,,
1484,10/04/2026,,,,Ca 1,,,0,,,
1486,11/04/2026,,,,Ca 1,,,0,,,
1487,11/04/2026,,,,Ca 1,,,0,,,
1488,11/04/2026,,,,Ca 1,,,0,,,
1489,11/04/2026,,,,Ca 1,,,0,,,
1490,11/04/2026,,,,Ca 1,,,0,,,
1491,11/04/2026,,,,Ca 1,,,0,,,
1498,11/04/2026,,,,Ca 1,,,0,,,
1499,11/04/2026,,,,Ca 1,,,0,,,
1500,11/04/2026,,,,Ca 1,,,0,,,
1501,11/04/2026,,,,Ca 1,,,0,,,
1502,11/04/2026,,,,Ca 1,,,0,,,
1505,11/04/2026,,,,Ca 1,,,0,,,
1506,11/04/2026,,,,Ca 1,,,0,,,
1509,11/04/2026,,,,Ca 1,,,0,,,
1510,11/04/2026,,,,Ca 1,,,0,,,
1514,11/04/2026,,,,Ca 1,,,0,,,
1515,11/04/2026,,,,Ca 1,,,0,,,
1516,11/04/2026,,,,Ca 1,,,0,,,
1517,11/04/2026,,,,Ca 1,,,0,,,
1518,11/04/2026,,,,Ca 1,,,0,,,
1520,11/04/2026,,,,Ca 1,,,0,,,
1521,11/04/2026,,,,Ca 1,,,0,,,
1522,11/04/2026,,,,Ca 1,,,0,,,
1524,11/04/2026,,,,Ca 1,,,0,,,
1526,11/04/2026,,,,Ca 1,,,0,,,
1527,11/04/2026,,,,Ca 1,,,0,,,
1529,11/04/2026,,,,Ca 1,,,0,,,
1531,11/04/2026,,,,Ca 1,,,0,,,
1532,11/04/2026,,,,Ca 1,,,0,,,
1533,11/04/2026,,,,Ca 1,,,0,,,
1534,11/04/2026,,,,Ca 1,,,0,,,
1535,11/04/2026,,,,Ca 1,,,0,,,
1536,11/04/2026,,,,Ca 1,,,0,,,
1537,11/04/2026,,,,Ca 1,,,0,,,
1538,11/04/2026,,,,Ca 1,,,0,,,
1542,11/04/2026,,,,Ca 1,,,0,,,
1544,11/04/2026,,,,Ca 1,,,0,,,
1547,11/04/2026,,,,Ca 1,,,0,,,
1549,12/04/2026,,,,Ca 1,,,0,,,
1550,12/04/2026,,,,Ca 1,,,0,,,
1551,12/04/2026,,,,Ca 1,,,0,,,
1552,12/04/2026,,,,Ca 1,,,0,,,
1553,12/04/2026,,,,Ca 1,,,0,,,
1554,12/04/2026,,,,Ca 1,,,0,,,
1561,12/04/2026,,,,Ca 1,,,0,,,
1562,12/04/2026,,,,Ca 1,,,0,,,
1563,12/04/2026,,,,Ca 1,,,0,,,
1564,12/04/2026,,,,Ca 1,,,0,,,
1565,12/04/2026,,,,Ca 1,,,0,,,
1568,12/04/2026,,,,Ca 1,,,0,,,
1569,12/04/2026,,,,Ca 1,,,0,,,
1572,12/04/2026,,,,Ca 1,,,0,,,
1573,12/04/2026,,,,Ca 1,,,0,,,
1577,12/04/2026,,,,Ca 1,,,0,,,
1578,12/04/2026,,,,Ca 1,,,0,,,
1579,12/04/2026,,,,Ca 1,,,0,,,
1580,12/04/2026,,,,Ca 1,,,0,,,
1581,12/04/2026,,,,Ca 1,,,0,,,
1583,12/04/2026,,,,Ca 1,,,0,,,
1584,12/04/2026,,,,Ca 1,,,0,,,
1585,12/04/2026,,,,Ca 1,,,0,,,
1587,12/04/2026,,,,Ca 1,,,0,,,
1589,12/04/2026,,,,Ca 1,,,0,,,
1590,12/04/2026,,,,Ca 1,,,0,,,
1592,12/04/2026,,,,Ca 1,,,0,,,
1594,12/04/2026,,,,Ca 1,,,0,,,
1595,12/04/2026,,,,Ca 1,,,0,,,
1596,12/04/2026,,,,Ca 1,,,0,,,
1597,12/04/2026,,,,Ca 1,,,0,,,
1598,12/04/2026,,,,Ca 1,,,0,,,
1599,12/04/2026,,,,Ca 1,,,0,,,
1600,12/04/2026,,,,Ca 1,,,0,,,
1601,12/04/2026,,,,Ca 1,,,0,,,
1605,12/04/2026,,,,Ca 1,,,0,,,
1607,12/04/2026,,,,Ca 1,,,0,,,
1610,12/04/2026,,,,Ca 1,,,0,,,
1612,13/04/2026,,,,Ca 1,,,0,,,
1613,13/04/2026,,,,Ca 1,,,0,,,
1614,13/04/2026,,,,Ca 1,0,,0,,,
1615,13/04/2026,,,,Ca 1,0,,0,,,
1616,13/04/2026,,,,Ca 1,0,,0,,,
1617,13/04/2026,,,,Ca 1,0,,0,,,
1864,13/04/2026,,,,Ca 1,0,,0,,,
1624,13/04/2026,,,,Ca 1,0,,0,,,
1625,13/04/2026,,,,Ca 1,0,,0,,,
1626,13/04/2026,,,,Ca 1,0,,0,,,
1631,13/04/2026,,,,Ca 1,0,,0,,,
1632,13/04/2026,,,,Ca 1,15,,15,,,
1635,13/04/2026,,,,Ca 1,0,,0,,,
1636,13/04/2026,,,,Ca 1,0,,0,,,
1640,13/04/2026,,,,Ca 1,0,,0,,,
1641,13/04/2026,,,,Ca 1,0,,0,,,
1642,13/04/2026,,,,Ca 1,,,0,,,
1643,13/04/2026,,,,Ca 1,0,,0,,,
1644,13/04/2026,,,,Ca 1,0,,0,,,
1646,13/04/2026,,,,Ca 1,,,0,,,
1647,13/04/2026,,,,Ca 1,,,0,,,
1648,13/04/2026,,,,Ca 1,,,0,,,
1650,13/04/2026,,,,Ca 1,0,,0,,,
1652,13/04/2026,,,,Ca 1,0,,0,,,
1653,13/04/2026,,,,Ca 1,0,,0,,,
1655,13/04/2026,,,,Ca 1,0,,0,,,
1657,13/04/2026,,,,Ca 1,0,,0,,,
1658,13/04/2026,,,,Ca 1,0,,0,,,
1659,13/04/2026,,,,Ca 1,0,,0,,,
1660,13/04/2026,,,,Ca 1,0,,0,,,
1661,13/04/2026,,,,Ca 1,0,,0,,,
1662,13/04/2026,,,,Ca 1,0,,0,,,
1663,13/04/2026,,,,Ca 1,0,,0,,,
1664,13/04/2026,,,,Ca 1,0,,0,,,
1668,13/04/2026,,,,Ca 1,0,,0,,,
1670,13/04/2026,,,,Ca 1,0,,0,,,
1673,13/04/2026,,,,Ca 1,,,0,,,
1675,14/04/2026,,,,Ca 1,,,0,,,
1676,14/04/2026,,,,Ca 1,,,0,,,
1677,14/04/2026,,,,Ca 1,0,,0,,,
1678,14/04/2026,,,,Ca 1,0,,0,,,
1679,14/04/2026,,,,Ca 1,0,,0,,,
1680,14/04/2026,,,,Ca 1,0,,0,,,
1687,14/04/2026,,,,Ca 1,0,,0,,,
1688,14/04/2026,,,,Ca 1,0,,0,,,
1689,14/04/2026,,,,Ca 1,0,,0,,,
1690,14/04/2026,,,,Ca 1,0,,0,,,
1691,14/04/2026,,,,Ca 1,0,,0,,,
1694,14/04/2026,,,,Ca 1,0,,0,,,
1695,14/04/2026,,,,Ca 1,15,,15,,,
1698,14/04/2026,,,,Ca 1,0,,0,,,
1699,14/04/2026,,,,Ca 1,0,,0,,,
1703,14/04/2026,,,,Ca 1,0,,0,,,
1704,14/04/2026,,,,Ca 1,0,,0,,,
1705,14/04/2026,,,,Ca 1,,,0,,,
1706,14/04/2026,,,,Ca 1,0,,0,,,
1707,14/04/2026,,,,Ca 1,0,,0,,,
1709,14/04/2026,,,,Ca 1,,,0,,,
1710,14/04/2026,,,,Ca 1,,,0,,,
1711,14/04/2026,,,,Ca 1,,,0,,,
1713,14/04/2026,,,,Ca 1,0,,0,,,
1715,14/04/2026,,,,Ca 1,0,,0,,,
1716,14/04/2026,,,,Ca 1,0,,0,,,
1718,14/04/2026,,,,Ca 1,0,,0,,,
1720,14/04/2026,,,,Ca 1,0,,0,,,
1721,14/04/2026,,,,Ca 1,0,,0,,,
1722,14/04/2026,,,,Ca 1,0,,0,,,
1723,14/04/2026,,,,Ca 1,0,,0,,,
1724,14/04/2026,,,,Ca 1,0,,0,,,
1725,14/04/2026,,,,Ca 1,0,,0,,,
1726,14/04/2026,,,,Ca 1,0,,0,,,
1727,14/04/2026,,,,Ca 1,0,,0,,,
1731,14/04/2026,,,,Ca 1,0,,0,,,
1733,14/04/2026,,,,Ca 1,0,,0,,,
1736,14/04/2026,,,,Ca 1,,,0,,,
1738,15/04/2026,,,,Ca 1,,,0,,,
1739,15/04/2026,,,,Ca 1,,,0,,,
1740,15/04/2026,,,,Ca 1,0,,0,,,
1741,15/04/2026,,,,Ca 1,0,,0,,,
1742,15/04/2026,,,,Ca 1,0,,0,,,
1743,15/04/2026,,,,Ca 1,0,,0,,,
1750,15/04/2026,,,,Ca 1,0,,0,,,
1751,15/04/2026,,,,Ca 1,0,,0,,,
1752,15/04/2026,,,,Ca 1,0,,0,,,
1753,15/04/2026,,,,Ca 1,0,,0,,,
1754,15/04/2026,,,,Ca 1,0,,0,,,
1757,15/04/2026,,,,Ca 1,0,,0,,,
1758,15/04/2026,,,,Ca 1,20,,20,,,
1761,15/04/2026,,,,Ca 1,0,,0,,,
1762,15/04/2026,,,,Ca 1,0,,0,,,
1766,15/04/2026,,,,Ca 1,0,,0,,,
1767,15/04/2026,,,,Ca 1,0,,0,,,
1768,15/04/2026,,,,Ca 1,,,0,,,
1769,15/04/2026,,,,Ca 1,0,,0,,,
1770,15/04/2026,,,,Ca 1,0,,0,,,
1772,15/04/2026,,,,Ca 1,,,0,,,
1773,15/04/2026,,,,Ca 1,,,0,,,
1774,15/04/2026,,,,Ca 1,,,0,,,
1776,15/04/2026,,,,Ca 1,0,,0,,,
1778,15/04/2026,,,,Ca 1,0,,0,,,
1779,15/04/2026,,,,Ca 1,0,,0,,,
1781,15/04/2026,,,,Ca 1,0,,0,,,
1783,15/04/2026,,,,Ca 1,0,,0,,,
1784,15/04/2026,,,,Ca 1,0,,0,,,
1785,15/04/2026,,,,Ca 1,0,,0,,,
1786,15/04/2026,,,,Ca 1,0,,0,,,
1787,15/04/2026,,,,Ca 1,0,,0,,,
1788,15/04/2026,,,,Ca 1,0,,0,,,
1789,15/04/2026,,,,Ca 1,0,,0,,,
1790,15/04/2026,,,,Ca 1,0,,0,,,
1794,15/04/2026,,,,Ca 1,0,,0,,,
1796,15/04/2026,,,,Ca 1,0,,0,,,
1799,15/04/2026,,,,Ca 1,,,0,,,
1801,16/04/2026,,,,Ca 1,0,,0,,,
1802,16/04/2026,,,,Ca 1,0,,0,,,
1803,16/04/2026,,,,Ca 1,0,,0,,,
1804,16/04/2026,,,,Ca 1,0,,0,,,
1805,16/04/2026,,,,Ca 1,0,,0,,,
1806,16/04/2026,,,,Ca 1,0,,0,,,
1813,16/04/2026,,,,Ca 1,0,,0,,,
1814,16/04/2026,,,,Ca 1,0,,0,,,
1815,16/04/2026,,,,Ca 1,0,,0,,,
1816,16/04/2026,,,,Ca 1,0,,0,,,
1817,16/04/2026,,,,Ca 1,0,,0,,,
1820,16/04/2026,,,,Ca 1,0,,0,,,
1821,16/04/2026,,,,Ca 1,15,,15,,,
1824,16/04/2026,,,,Ca 1,0,,0,,,
1825,16/04/2026,,,,Ca 1,0,,0,,,
1829,16/04/2026,,,,Ca 1,0,,0,,,
1830,16/04/2026,,,,Ca 1,0,,0,,,
1831,16/04/2026,,,,Ca 1,,,0,,,
1832,16/04/2026,,,,Ca 1,0,,0,,,
1833,16/04/2026,,,,Ca 1,0,,0,,,
1835,16/04/2026,,,,Ca 1,,,0,,,
1836,16/04/2026,,,,Ca 1,,,0,,,
1837,16/04/2026,,,,Ca 1,,,0,,,
1839,16/04/2026,,,,Ca 1,0,,0,,,
1841,16/04/2026,,,,Ca 1,0,,0,,,
1842,16/04/2026,,,,Ca 1,0,,0,,,
1844,16/04/2026,,,,Ca 1,0,,0,,,
1846,16/04/2026,,,,Ca 1,0,,0,,,
1847,16/04/2026,,,,Ca 1,0,,0,,,
1848,16/04/2026,,,,Ca 1,0,,0,,,
1849,16/04/2026,,,,Ca 1,0,,0,,,
1850,16/04/2026,,,,Ca 1,0,,0,,,
1851,16/04/2026,,,,Ca 1,0,,0,,,
1852,16/04/2026,,,,Ca 1,0,,0,,,
1853,16/04/2026,,,,Ca 1,0,,0,,,
1857,16/04/2026,,,,Ca 1,0,,0,,,
1859,16/04/2026,,,,Ca 1,0,,0,,,
1862,16/04/2026,,,,Ca 1,,,0,,,
1866,17/04/2026,,,,Ca 1,,,0,,,
1867,17/04/2026,,,,Ca 1,,,0,,,
1868,17/04/2026,,,,Ca 1,,,0,,,
1869,17/04/2026,,,,Ca 1,,,0,,,
1870,17/04/2026,,,,Ca 1,,,0,,,
1871,17/04/2026,,,,Ca 1,,,0,,,
1878,17/04/2026,,,,Ca 1,,,0,,,
1879,17/04/2026,,,,Ca 1,,,0,,,
1880,17/04/2026,,,,Ca 1,,,0,,,
1881,17/04/2026,,,,Ca 1,,,0,,,
1882,17/04/2026,,,,Ca 1,,,0,,,
1885,17/04/2026,,,,Ca 1,,,0,,,
1886,17/04/2026,,,,Ca 1,15,,15,,,
1889,17/04/2026,,,,Ca 1,,,0,,,
1890,17/04/2026,,,,Ca 1,,,0,,,
1894,17/04/2026,,,,Ca 1,,,0,,,
1895,17/04/2026,,,,Ca 1,,,0,,,
1896,17/04/2026,,,,Ca 1,,,0,,,
1897,17/04/2026,,,,Ca 1,,,0,,,
1898,17/04/2026,,,,Ca 1,,,0,,,
1900,17/04/2026,,,,Ca 1,,,0,,,
1901,17/04/2026,,,,Ca 1,,,0,,,
1902,17/04/2026,,,,Ca 1,,,0,,,
1904,17/04/2026,,,,Ca 1,,,0,,,
1906,17/04/2026,,,,Ca 1,,,0,,,
1907,17/04/2026,,,,Ca 1,,,0,,,
1909,17/04/2026,,,,Ca 1,,,0,,,
1911,17/04/2026,,,,Ca 1,,,0,,,
1912,17/04/2026,,,,Ca 1,,,0,,,
1913,17/04/2026,,,,Ca 1,,,0,,,
1914,17/04/2026,,,,Ca 1,,,0,,,
1915,17/04/2026,,,,Ca 1,,,0,,,
1916,17/04/2026,,,,Ca 1,,,0,,,
1917,17/04/2026,,,,Ca 1,,,0,,,
1918,17/04/2026,,,,Ca 1,,,0,,,
1922,17/04/2026,,,,Ca 1,,,0,,,
1924,17/04/2026,,,,Ca 1,,,0,,,
1927,17/04/2026,,,,Ca 1,,,0,,,
1930,18/04/2026,,,,Ca 1,,,0,,,
1931,18/04/2026,,,,Ca 1,,,0,,,
1932,18/04/2026,,,,Ca 1,,,0,,,
1933,18/04/2026,,,,Ca 1,,,0,,,
1934,18/04/2026,,,,Ca 1,,,0,,,
1935,18/04/2026,,,,Ca 1,,,0,,,
1942,18/04/2026,,,,Ca 1,,,0,,,
1943,18/04/2026,,,,Ca 1,,,0,,,
1944,18/04/2026,,,,Ca 1,,,0,,,
1945,18/04/2026,,,,Ca 1,,,0,,,
1946,18/04/2026,,,,Ca 1,,,0,,,
1949,18/04/2026,,,,Ca 1,,,0,,,
1950,18/04/2026,,,,Ca 1,,,0,,,
1953,18/04/2026,,,,Ca 1,,,0,,,
1954,18/04/2026,,,,Ca 1,,,0,,,
1958,18/04/2026,,,,Ca 1,,,0,,,
1959,18/04/2026,,,,Ca 1,,,0,,,
1960,18/04/2026,,,,Ca 1,,,0,,,
1961,18/04/2026,,,,Ca 1,,,0,,,
1962,18/04/2026,,,,Ca 1,,,0,,,
1964,18/04/2026,,,,Ca 1,,,0,,,
1965,18/04/2026,,,,Ca 1,,,0,,,
1966,18/04/2026,,,,Ca 1,,,0,,,
1968,18/04/2026,,,,Ca 1,,,0,,,
1970,18/04/2026,,,,Ca 1,,,0,,,
1971,18/04/2026,,,,Ca 1,,,0,,,
1973,18/04/2026,,,,Ca 1,,,0,,,
1975,18/04/2026,,,,Ca 1,,,0,,,
1976,18/04/2026,,,,Ca 1,,,0,,,
1977,18/04/2026,,,,Ca 1,,,0,,,
1978,18/04/2026,,,,Ca 1,,,0,,,
1979,18/04/2026,,,,Ca 1,,,0,,,
1980,18/04/2026,,,,Ca 1,,,0,,,
1981,18/04/2026,,,,Ca 1,,,0,,,
1982,18/04/2026,,,,Ca 1,,,0,,,
1986,18/04/2026,,,,Ca 1,,,0,,,
1988,18/04/2026,,,,Ca 1,,,0,,,
1991,18/04/2026,,,,Ca 1,,,0,,,
1994,19/04/2026,,,,Ca 1,,,0,,,
1995,19/04/2026,,,,Ca 1,,,0,,,
1996,19/04/2026,,,,Ca 1,,,0,,,
1997,19/04/2026,,,,Ca 1,,,0,,,
1998,19/04/2026,,,,Ca 1,,,0,,,
1999,19/04/2026,,,,Ca 1,,,0,,,
2006,19/04/2026,,,,Ca 1,,,0,,,
2007,19/04/2026,,,,Ca 1,,,0,,,
2008,19/04/2026,,,,Ca 1,,,0,,,
2009,19/04/2026,,,,Ca 1,,,0,,,
2010,19/04/2026,,,,Ca 1,,,0,,,
2013,19/04/2026,,,,Ca 1,,,0,,,
2014,19/04/2026,,,,Ca 1,,,0,,,
2017,19/04/2026,,,,Ca 1,,,0,,,
2018,19/04/2026,,,,Ca 1,,,0,,,
2022,19/04/2026,,,,Ca 1,,,0,,,
2023,19/04/2026,,,,Ca 1,,,0,,,
2024,19/04/2026,,,,Ca 1,,,0,,,
2025,19/04/2026,,,,Ca 1,,,0,,,
2026,19/04/2026,,,,Ca 1,,,0,,,
2028,19/04/2026,,,,Ca 1,,,0,,,
2029,19/04/2026,,,,Ca 1,,,0,,,
2030,19/04/2026,,,,Ca 1,,,0,,,
2032,19/04/2026,,,,Ca 1,,,0,,,
2034,19/04/2026,,,,Ca 1,,,0,,,
2035,19/04/2026,,,,Ca 1,,,0,,,
2037,19/04/2026,,,,Ca 1,,,0,,,
2039,19/04/2026,,,,Ca 1,0,,0,,,
2040,19/04/2026,,,,Ca 1,,,0,,,
2041,19/04/2026,,,,Ca 1,,,0,,,
2042,19/04/2026,,,,Ca 1,,,0,,,
2043,19/04/2026,,,,Ca 1,,,0,,,
2044,19/04/2026,,,,Ca 1,,,0,,,
2045,19/04/2026,,,,Ca 1,,,0,,,
2046,19/04/2026,,,,Ca 1,,,0,,,
2050,19/04/2026,,,,Ca 1,,,0,,,
2052,19/04/2026,,,,Ca 1,,,0,,,
2055,19/04/2026,,,,Ca 1,,,0,,,
2058,20/04/2026,,,,Ca 1,,,0,,,
2059,20/04/2026,,,,Ca 1,,,0,,,
2060,20/04/2026,,,,Ca 1,0,,0,,,
2061,20/04/2026,,,,Ca 1,0,,0,,,
2062,20/04/2026,,,,Ca 1,0,,0,,,
2063,20/04/2026,,,,Ca 1,0,,0,,,
2070,20/04/2026,,,,Ca 1,0,,0,,,
2071,20/04/2026,,,,Ca 1,0,,0,,,
2072,20/04/2026,,,,Ca 1,0,,0,,,
2073,20/04/2026,,,,Ca 1,0,,0,,,
2074,20/04/2026,,,,Ca 1,0,0,0,,,
2077,20/04/2026,,,,Ca 1,0,,0,,,
2078,20/04/2026,,,,Ca 1,14,,14,,,
2081,20/04/2026,,,,Ca 1,0,,0,,,
2082,20/04/2026,,,,Ca 1,0,,0,,,
2086,20/04/2026,,,,Ca 1,0,,0,,,
2087,20/04/2026,,,,Ca 1,1,,1,,,
2088,20/04/2026,,,,Ca 1,,,0,,,
2089,20/04/2026,,,,Ca 1,0,,0,,,
2090,20/04/2026,,,,Ca 1,0,,0,,,
2092,20/04/2026,,,,Ca 1,,,0,,,
2093,20/04/2026,,,,Ca 1,,,0,,,
2094,20/04/2026,,,,Ca 1,,,0,,,
2096,20/04/2026,,,,Ca 1,0,,0,,,
2098,20/04/2026,,,,Ca 1,0,,0,,,
2099,20/04/2026,,,,Ca 1,0,,0,,,
2101,20/04/2026,,,,Ca 1,0,,0,,,
2103,20/04/2026,,,,Ca 1,0,,0,,,
2104,20/04/2026,,,,Ca 1,0,,0,,,
2105,20/04/2026,,,,Ca 1,0,,0,,,
2106,20/04/2026,,,,Ca 1,0,,0,,,
2107,20/04/2026,,,,Ca 1,0,,0,,,
2108,20/04/2026,,,,Ca 1,0,0,0,,,
2109,20/04/2026,,,,Ca 1,0,,0,,,
2110,20/04/2026,,,,Ca 1,0,,0,,,
2114,20/04/2026,,,,Ca 1,0,,0,,,
2116,20/04/2026,,,,Ca 1,0,,0,,,
2119,20/04/2026,,,,Ca 1,,,0,,,
2418,21/04/2026,,,,Ca 1,,,0,,,
2419,21/04/2026,,,,Ca 1,,,0,,,
2421,21/04/2026,,,,Ca 1,0,,0,,,
2422,21/04/2026,,,,Ca 1,0,,0,,,
2423,21/04/2026,,,,Ca 1,0,,0,,,
2430,21/04/2026,,,,Ca 1,0,,0,,,
2431,21/04/2026,,,,Ca 1,0,,0,,,
2432,21/04/2026,,,,Ca 1,0,,0,,,
2433,21/04/2026,,,,Ca 1,0,,0,,,
2434,21/04/2026,,,,Ca 1,0,,0,,,
2437,21/04/2026,,,,Ca 1,0,,0,,,
2438,21/04/2026,,,,Ca 1,13,,13,,,
2441,21/04/2026,,,,Ca 1,0,,0,,,
2442,21/04/2026,,,,Ca 1,0,,0,,,
2446,21/04/2026,,,,Ca 1,0,,0,,,
2447,21/04/2026,,,,Ca 1,1,,1,,,
2448,21/04/2026,,,,Ca 1,,,0,,,
2449,21/04/2026,,,,Ca 1,0,,0,,,
2450,21/04/2026,,,,Ca 1,0,,0,,,
2452,21/04/2026,,,,Ca 1,,,0,,,
2453,21/04/2026,,,,Ca 1,,,0,,,
2454,21/04/2026,,,,Ca 1,,,0,,,
2456,21/04/2026,,,,Ca 1,,,0,,,
2458,21/04/2026,,,,Ca 1,,,0,,,
2459,21/04/2026,,,,Ca 1,,,0,,,
2461,21/04/2026,,,,Ca 1,,,0,,,
2463,21/04/2026,,,,Ca 1,,,0,,,
2464,21/04/2026,,,,Ca 1,,,0,,,
2465,21/04/2026,,,,Ca 1,,,0,,,
2466,21/04/2026,,,,Ca 1,0,,0,,,
2467,21/04/2026,,,,Ca 1,,,0,,,
2468,21/04/2026,,,,Ca 1,,,0,,,
2469,21/04/2026,,,,Ca 1,,,0,,,
2470,21/04/2026,,,,Ca 1,,,0,,,
2474,21/04/2026,,,,Ca 1,,,0,,,
2476,21/04/2026,,,,Ca 1,,,0,,,
2479,21/04/2026,,,,Ca 1,,,0,,,
2548,22/04/2026,,,,Ca 1,0,,0,,,
2549,22/04/2026,,,,Ca 1,0,,0,,,
2550,22/04/2026,,,,Ca 1,0,,0,,,
2551,22/04/2026,,,,Ca 1,0,,0,,,
2552,22/04/2026,,,,Ca 1,0,,0,,,
2559,22/04/2026,,,,Ca 1,0,,0,,,
2560,22/04/2026,,,,Ca 1,0,,0,,,
2561,22/04/2026,,,,Ca 1,0,,0,,,
2562,22/04/2026,,,,Ca 1,,,0,,,
2563,22/04/2026,,,,Ca 1,,,0,,,
2566,22/04/2026,,,,Ca 1,,,0,,,
2567,22/04/2026,,,,Ca 1,,,0,,,
2570,22/04/2026,,,,Ca 1,,,0,,,
2571,22/04/2026,,,,Ca 1,,,0,,,
2575,22/04/2026,,,,Ca 1,,,0,,,
2576,22/04/2026,,,,Ca 1,,,0,,,
2577,22/04/2026,,,,Ca 1,0,,0,,,
2578,22/04/2026,,,,Ca 1,,,0,,,
2579,22/04/2026,,,,Ca 1,,,0,,,
2581,22/04/2026,,,,Ca 1,0,,0,,,
2582,22/04/2026,,,,Ca 1,0,,0,,,
2583,22/04/2026,,,,Ca 1,0,,0,,,
2585,22/04/2026,,,,Ca 1,0,,0,,,
2587,22/04/2026,,,,Ca 1,0,,0,,,
2588,22/04/2026,,,,Ca 1,0,,0,,,
2590,22/04/2026,,,,Ca 1,0,,0,,,
2592,22/04/2026,,,,Ca 1,0,,0,,,
2593,22/04/2026,,,,Ca 1,0,,0,,,
2594,22/04/2026,,,,Ca 1,0,,0,,,
2595,22/04/2026,,,,Ca 1,0,,0,,,
2596,22/04/2026,,,,Ca 1,0,,0,,,
2597,22/04/2026,,,,Ca 1,0,,0,,,
2598,22/04/2026,,,,Ca 1,0,,0,,,
2599,22/04/2026,,,,Ca 1,0,,0,,,
2603,22/04/2026,,,,Ca 1,0,,0,,,
2605,22/04/2026,,,,Ca 1,0,,0,,,
2608,22/04/2026,,,,Ca 1,0,,0,,,
2674,23/04/2026,,,,Ca 1,,,0,,,
818,01/04/2026,,,,Ca 1 + Hành Chánh,,,0,,,
1007,02/04/2026,,,,Ca 1 + Hành Chánh,,1,1,,,
1070,03/04/2026,,,,Ca 1 + Hành Chánh,,,0,,,
1133,04/04/2026,,,,Ca 1 + Hành Chánh,,,0,,,
1196,05/04/2026,,,,Ca 1 + Hành Chánh,,,0,,,
1259,06/04/2026,,,,Ca 1 + Hành Chánh,,,0,,,
1322,08/04/2026,,,,Ca 1 + Hành Chánh,,,0,,,
1385,09/04/2026,,,,Ca 1 + Hành Chánh,,,0,,,
1448,10/04/2026,,,,Ca 1 + Hành Chánh,,,0,,,
1511,11/04/2026,,,,Ca 1 + Hành Chánh,,,0,,,
1574,12/04/2026,,,,Ca 1 + Hành Chánh,,,0,,,
1637,13/04/2026,,,,Ca 1 + Hành Chánh,0,,0,,,
1700,14/04/2026,,,,Ca 1 + Hành Chánh,0,,0,,,
1763,15/04/2026,,,,Ca 1 + Hành Chánh,0,,0,,,
1826,16/04/2026,,,,Ca 1 + Hành Chánh,0,,0,,,
1891,17/04/2026,,,,Ca 1 + Hành Chánh,,,0,,,
1955,18/04/2026,,,,Ca 1 + Hành Chánh,,,0,,,
2019,19/04/2026,,,,Ca 1 + Hành Chánh,,,0,,,
2083,20/04/2026,,,,Ca 1 + Hành Chánh,0,,0,,,
2443,21/04/2026,,,,Ca 1 + Hành Chánh,0,,0,,,
2572,22/04/2026,,,,Ca 1 + Hành Chánh,,,0,,,
799,01/04/2026,,,,Ca 2,,,0,,,
800,01/04/2026,,,,Ca 2,,,0,,,
801,01/04/2026,,,,Ca 2,,,0,,,
802,01/04/2026,,,,Ca 2,,,0,,,
803,01/04/2026,,,,Ca 2,,,0,,,
804,01/04/2026,,,,Ca 2,,,0,,,
810,01/04/2026,,,,Ca 2,,,0,,,
811,01/04/2026,,,,Ca 2,,,0,,,
815,01/04/2026,,,,Ca 2,,,0,,,
820,01/04/2026,,,,Ca 2,,,0,,,
826,01/04/2026,,,,Ca 2,,,0,,,
832,01/04/2026,,,,Ca 2,,,0,,,
835,01/04/2026,,,,Ca 2,,,0,,,
837,01/04/2026,,,,Ca 2,,,0,,,
846,01/04/2026,,,,Ca 2,,,0,,,
847,01/04/2026,,,,Ca 2,,,0,,,
848,01/04/2026,,,,Ca 2,,,0,,,
850,01/04/2026,,,,Ca 2,,,0,,,
852,01/04/2026,,,,Ca 2,,,0,,,
853,01/04/2026,,,,Ca 2,,,0,,,
855,01/04/2026,,,,Ca 2,,,0,,,
988,02/04/2026,,,,Ca 2,,1,1,,,
989,02/04/2026,,,,Ca 2,,1,1,,,
990,02/04/2026,,,,Ca 2,,1,1,,,
991,02/04/2026,,,,Ca 2,,1,1,,,
992,02/04/2026,,,,Ca 2,,1,1,,,
993,02/04/2026,,,,Ca 2,,1,1,,,
999,02/04/2026,,,,Ca 2,,1,1,,,
1000,02/04/2026,,,,Ca 2,,1,1,,,
1004,02/04/2026,,,,Ca 2,,1,1,,,
1009,02/04/2026,,,,Ca 2,,1,1,,,
1015,02/04/2026,,,,Ca 2,,1,1,,,
1021,02/04/2026,,,,Ca 2,,1,1,,,
1024,02/04/2026,,,,Ca 2,,1,1,,,
1026,02/04/2026,,,,Ca 2,,1,1,,,
1035,02/04/2026,,,,Ca 2,,1,1,,,
1036,02/04/2026,,,,Ca 2,,1,1,,,
1037,02/04/2026,,,,Ca 2,,1,1,,,
1039,02/04/2026,,,,Ca 2,,1,1,,,
1041,02/04/2026,,,,Ca 2,,1,1,,,
1042,02/04/2026,,,,Ca 2,,1,1,,,
1044,02/04/2026,,,,Ca 2,,1,1,,,
1051,03/04/2026,,,,Ca 2,,1,1,,,
1052,03/04/2026,,,,Ca 2,,1,1,,,
1053,03/04/2026,,,,Ca 2,,1,1,,,
1054,03/04/2026,,,,Ca 2,,1,1,,,
1055,03/04/2026,,,,Ca 2,,1,1,,,
1056,03/04/2026,,,,Ca 2,,1,1,,,
1062,03/04/2026,,,,Ca 2,,,0,,,
1063,03/04/2026,,,,Ca 2,,,0,,,
1067,03/04/2026,,,,Ca 2,,,0,,,
1072,03/04/2026,,,,Ca 2,,,0,,,
1078,03/04/2026,,,,Ca 2,,,0,,,
1084,03/04/2026,,,,Ca 2,,,0,,,
1087,03/04/2026,,,,Ca 2,,1,1,,,
1089,03/04/2026,,,,Ca 2,,1,1,,,
1098,03/04/2026,,,,Ca 2,,1,1,,,
1099,03/04/2026,,,,Ca 2,,1,1,,,
1100,03/04/2026,,,,Ca 2,,1,1,,,
1102,03/04/2026,,,,Ca 2,,1,1,,,
1104,03/04/2026,,,,Ca 2,,1,1,,,
1105,03/04/2026,,,,Ca 2,,1,1,,,
1107,03/04/2026,,,,Ca 2,,1,1,,,
1114,04/04/2026,,,,Ca 2,,,0,,,
1115,04/04/2026,,,,Ca 2,,,0,,,
1116,04/04/2026,,,,Ca 2,,,0,,,
1117,04/04/2026,,,,Ca 2,,,0,,,
1118,04/04/2026,,,,Ca 2,,,0,,,
1119,04/04/2026,,,,Ca 2,,,0,,,
1125,04/04/2026,,,,Ca 2,,,0,,,
1126,04/04/2026,,,,Ca 2,,,0,,,
1130,04/04/2026,,,,Ca 2,,,0,,,
1135,04/04/2026,,,,Ca 2,,,0,,,
1141,04/04/2026,,,,Ca 2,,,0,,,
1147,04/04/2026,,,,Ca 2,,,0,,,
1150,04/04/2026,,,,Ca 2,,,0,,,
1152,04/04/2026,,,,Ca 2,,,0,,,
1161,04/04/2026,,,,Ca 2,,,0,,,
1162,04/04/2026,,,,Ca 2,,,0,,,
1163,04/04/2026,,,,Ca 2,,,0,,,
1165,04/04/2026,,,,Ca 2,,,0,,,
1167,04/04/2026,,,,Ca 2,,,0,,,
1168,04/04/2026,,,,Ca 2,,,0,,,
1170,04/04/2026,,,,Ca 2,,,0,,,
1177,05/04/2026,,,,Ca 2,,,0,,,
1178,05/04/2026,,,,Ca 2,,,0,,,
1179,05/04/2026,,,,Ca 2,,,0,,,
1180,05/04/2026,,,,Ca 2,,,0,,,
1181,05/04/2026,,,,Ca 2,,,0,,,
1182,05/04/2026,,,,Ca 2,,,0,,,
1188,05/04/2026,,,,Ca 2,,,0,,,
1189,05/04/2026,,,,Ca 2,,,0,,,
1193,05/04/2026,,,,Ca 2,,,0,,,
1198,05/04/2026,,,,Ca 2,,,0,,,
1204,05/04/2026,,,,Ca 2,,,0,,,
1210,05/04/2026,,,,Ca 2,,,0,,,
1213,05/04/2026,,,,Ca 2,,,0,,,
1215,05/04/2026,,,,Ca 2,,,0,,,
1224,05/04/2026,,,,Ca 2,,,0,,,
1225,05/04/2026,,,,Ca 2,,,0,,,
1226,05/04/2026,,,,Ca 2,,,0,,,
1228,05/04/2026,,,,Ca 2,,,0,,,
1230,05/04/2026,,,,Ca 2,,,0,,,
1231,05/04/2026,,,,Ca 2,,,0,,,
1233,05/04/2026,,,,Ca 2,,,0,,,
1240,06/04/2026,,,,Ca 2,,,0,,,
1241,06/04/2026,,,,Ca 2,,,0,,,
1242,06/04/2026,,,,Ca 2,,,0,,,
1243,06/04/2026,,,,Ca 2,,,0,,,
1244,06/04/2026,,,,Ca 2,,,0,,,
1245,06/04/2026,,,,Ca 2,,,0,,,
1251,06/04/2026,,,,Ca 2,,,0,,,
1252,06/04/2026,,,,Ca 2,,,0,,,
1256,06/04/2026,,,,Ca 2,,,0,,,
1261,06/04/2026,,,,Ca 2,,,0,,,
1267,06/04/2026,,,,Ca 2,,,0,,,
1273,06/04/2026,,,,Ca 2,,,0,,,
1276,06/04/2026,,,,Ca 2,,,0,,,
1278,06/04/2026,,,,Ca 2,,,0,,,
1287,06/04/2026,,,,Ca 2,,,0,,,
1288,06/04/2026,,,,Ca 2,,,0,,,
1289,06/04/2026,,,,Ca 2,,,0,,,
1291,06/04/2026,,,,Ca 2,,,0,,,
1293,06/04/2026,,,,Ca 2,,,0,,,
1294,06/04/2026,,,,Ca 2,,,0,,,
1296,06/04/2026,,,,Ca 2,,,0,,,
1303,08/04/2026,,,,Ca 2,,,0,,,
1304,08/04/2026,,,,Ca 2,,,0,,,
1305,08/04/2026,,,,Ca 2,,,0,,,
1306,08/04/2026,,,,Ca 2,,,0,,,
1307,08/04/2026,,,,Ca 2,,,0,,,
1308,08/04/2026,,,,Ca 2,,,0,,,
1314,08/04/2026,,,,Ca 2,,,0,,,
1315,08/04/2026,,,,Ca 2,,,0,,,
1319,08/04/2026,,,,Ca 2,,,0,,,
1324,08/04/2026,,,,Ca 2,,,0,,,
1330,08/04/2026,,,,Ca 2,,,0,,,
1336,08/04/2026,,,,Ca 2,,,0,,,
1339,08/04/2026,,,,Ca 2,,,0,,,
1341,08/04/2026,,,,Ca 2,,,0,,,
1350,08/04/2026,,,,Ca 2,,,0,,,
1351,08/04/2026,,,,Ca 2,,,0,,,
1352,08/04/2026,,,,Ca 2,,,0,,,
1354,08/04/2026,,,,Ca 2,,,0,,,
1356,08/04/2026,,,,Ca 2,,,0,,,
1357,08/04/2026,,,,Ca 2,,,0,,,
1359,08/04/2026,,,,Ca 2,,,0,,,
1366,09/04/2026,,,,Ca 2,,,0,,,
1367,09/04/2026,,,,Ca 2,,,0,,,
1368,09/04/2026,,,,Ca 2,,,0,,,
1369,09/04/2026,,,,Ca 2,,,0,,,
1370,09/04/2026,,,,Ca 2,,,0,,,
1371,09/04/2026,,,,Ca 2,,,0,,,
1377,09/04/2026,,,,Ca 2,,,0,,,
1378,09/04/2026,,,,Ca 2,,,0,,,
1382,09/04/2026,,,,Ca 2,,,0,,,
1387,09/04/2026,,,,Ca 2,,,0,,,
1393,09/04/2026,,,,Ca 2,,,0,,,
1399,09/04/2026,,,,Ca 2,,,0,,,
1402,09/04/2026,,,,Ca 2,,,0,,,
1404,09/04/2026,,,,Ca 2,,,0,,,
1413,09/04/2026,,,,Ca 2,,,0,,,
1414,09/04/2026,,,,Ca 2,,,0,,,
1415,09/04/2026,,,,Ca 2,,,0,,,
1417,09/04/2026,,,,Ca 2,,,0,,,
1419,09/04/2026,,,,Ca 2,,,0,,,
1420,09/04/2026,,,,Ca 2,,,0,,,
1422,09/04/2026,,,,Ca 2,,,0,,,
1429,10/04/2026,,,,Ca 2,,,0,,,
1430,10/04/2026,,,,Ca 2,,,0,,,
1431,10/04/2026,,,,Ca 2,,,0,,,
1432,10/04/2026,,,,Ca 2,,,0,,,
1433,10/04/2026,,,,Ca 2,,,0,,,
1434,10/04/2026,,,,Ca 2,,,0,,,
1440,10/04/2026,,,,Ca 2,,,0,,,
1441,10/04/2026,,,,Ca 2,,,0,,,
1445,10/04/2026,,,,Ca 2,,,0,,,
1450,10/04/2026,,,,Ca 2,,,0,,,
1456,10/04/2026,,,,Ca 2,,,0,,,
1462,10/04/2026,,,,Ca 2,,,0,,,
1465,10/04/2026,,,,Ca 2,,,0,,,
1467,10/04/2026,,,,Ca 2,,,0,,,
1476,10/04/2026,,,,Ca 2,,,0,,,
1477,10/04/2026,,,,Ca 2,,,0,,,
1478,10/04/2026,,,,Ca 2,,,0,,,
1480,10/04/2026,,,,Ca 2,,,0,,,
1482,10/04/2026,,,,Ca 2,,,0,,,
1483,10/04/2026,,,,Ca 2,,,0,,,
1485,10/04/2026,,,,Ca 2,,,0,,,
1492,11/04/2026,,,,Ca 2,,,0,,,
1493,11/04/2026,,,,Ca 2,,,0,,,
1494,11/04/2026,,,,Ca 2,,,0,,,
1495,11/04/2026,,,,Ca 2,,,0,,,
1496,11/04/2026,,,,Ca 2,,,0,,,
1497,11/04/2026,,,,Ca 2,,,0,,,
1503,11/04/2026,,,,Ca 2,,,0,,,
1504,11/04/2026,,,,Ca 2,,,0,,,
1508,11/04/2026,,,,Ca 2,,,0,,,
1513,11/04/2026,,,,Ca 2,,,0,,,
1519,11/04/2026,,,,Ca 2,,,0,,,
1525,11/04/2026,,,,Ca 2,,,0,,,
1528,11/04/2026,,,,Ca 2,,,0,,,
1530,11/04/2026,,,,Ca 2,,,0,,,
1539,11/04/2026,,,,Ca 2,,,0,,,
1540,11/04/2026,,,,Ca 2,,,0,,,
1541,11/04/2026,,,,Ca 2,,,0,,,
1543,11/04/2026,,,,Ca 2,,,0,,,
1545,11/04/2026,,,,Ca 2,,,0,,,
1546,11/04/2026,,,,Ca 2,,,0,,,
1548,11/04/2026,,,,Ca 2,,,0,,,
1555,12/04/2026,,,,Ca 2,,,0,,,
1556,12/04/2026,,,,Ca 2,,,0,,,
1557,12/04/2026,,,,Ca 2,,,0,,,
1558,12/04/2026,,,,Ca 2,,,0,,,
1559,12/04/2026,,,,Ca 2,,,0,,,
1560,12/04/2026,,,,Ca 2,,,0,,,
1566,12/04/2026,,,,Ca 2,,,0,,,
1567,12/04/2026,,,,Ca 2,,,0,,,
1571,12/04/2026,,,,Ca 2,,,0,,,
1576,12/04/2026,,,,Ca 2,,,0,,,
1582,12/04/2026,,,,Ca 2,,,0,,,
1588,12/04/2026,,,,Ca 2,,,0,,,
1591,12/04/2026,,,,Ca 2,,,0,,,
1593,12/04/2026,,,,Ca 2,,,0,,,
1602,12/04/2026,,,,Ca 2,,,0,,,
1603,12/04/2026,,,,Ca 2,,,0,,,
1604,12/04/2026,,,,Ca 2,,,0,,,
1606,12/04/2026,,,,Ca 2,,,0,,,
1608,12/04/2026,,,,Ca 2,,,0,,,
1609,12/04/2026,,,,Ca 2,,,0,,,
1611,12/04/2026,,,,Ca 2,,,0,,,
1618,13/04/2026,,,,Ca 2,0,,0,,,
1619,13/04/2026,,,,Ca 2,0,,0,,,
1620,13/04/2026,,,,Ca 2,0,,0,,,
1621,13/04/2026,,,,Ca 2,0,,0,,,
1622,13/04/2026,,,,Ca 2,0,,0,,,
1623,13/04/2026,,,,Ca 2,0,,0,,,
1629,13/04/2026,,,,Ca 2,0,,0,,,
1630,13/04/2026,,,,Ca 2,0,,0,,,
1634,13/04/2026,,,,Ca 2,0,,0,,,
1639,13/04/2026,,,,Ca 2,0,,0,,,
1651,13/04/2026,,,,Ca 2,0,,0,,,
1654,13/04/2026,,,,Ca 2,0,,0,,,
1656,13/04/2026,,,,Ca 2,0,,0,,,
1665,13/04/2026,,,,Ca 2,0,,0,,,
1666,13/04/2026,,,,Ca 2,0,,0,,,
1667,13/04/2026,,,,Ca 2,0,,0,,,
1669,13/04/2026,,,,Ca 2,0,,0,,,
1671,13/04/2026,,,,Ca 2,0,,0,,,
1672,13/04/2026,,,,Ca 2,0,,0,,,
1674,13/04/2026,,,,Ca 2,,,0,,,
1681,14/04/2026,,,,Ca 2,0,,0,,,
1682,14/04/2026,,,,Ca 2,0,,0,,,
1683,14/04/2026,,,,Ca 2,0,,0,,,
1684,14/04/2026,,,,Ca 2,0,,0,,,
1685,14/04/2026,,,,Ca 2,0,,0,,,
1686,14/04/2026,,,,Ca 2,0,,0,,,
1692,14/04/2026,,,,Ca 2,0,,0,,,
1697,14/04/2026,,,,Ca 2,0,,0,,,
1702,14/04/2026,,,,Ca 2,0,,0,,,
1708,14/04/2026,,,,Ca 2,0,,0,,,
1714,14/04/2026,,,,Ca 2,0,,0,,,
1717,14/04/2026,,,,Ca 2,0,,0,,,
1719,14/04/2026,,,,Ca 2,0,,0,,,
1728,14/04/2026,,,,Ca 2,0,,0,,,
1729,14/04/2026,,,,Ca 2,0,,0,,,
1730,14/04/2026,,,,Ca 2,0,,0,,,
1732,14/04/2026,,,,Ca 2,0,,0,,,
1734,14/04/2026,,,,Ca 2,0,,0,,,
1735,14/04/2026,,,,Ca 2,0,,0,,,
1737,14/04/2026,,,,Ca 2,,,0,,,
1744,15/04/2026,,,,Ca 2,0,,0,,,
1745,15/04/2026,,,,Ca 2,0,,0,,,
1746,15/04/2026,,,,Ca 2,0,,0,,,
1747,15/04/2026,,,,Ca 2,0,,0,,,
1748,15/04/2026,,,,Ca 2,0,,0,,,
1749,15/04/2026,,,,Ca 2,0,,0,,,
1755,15/04/2026,,,,Ca 2,0,,0,,,
1760,15/04/2026,,,,Ca 2,24,,24,,,
1765,15/04/2026,,,,Ca 2,0,,0,,,
1771,15/04/2026,,,,Ca 2,0,,0,,,
1777,15/04/2026,,,,Ca 2,0,,0,,,
1780,15/04/2026,,,,Ca 2,0,,0,,,
1782,15/04/2026,,,,Ca 2,0,,0,,,
1791,15/04/2026,,,,Ca 2,0,,0,,,
1792,15/04/2026,,,,Ca 2,0,,0,,,
1793,15/04/2026,,,,Ca 2,0,,0,,,
1795,15/04/2026,,,,Ca 2,0,,0,,,
1797,15/04/2026,,,,Ca 2,0,,0,,,
1798,15/04/2026,,,,Ca 2,0,,0,,,
1800,15/04/2026,,,,Ca 2,,,0,,,
1807,16/04/2026,,,,Ca 2,0,,0,,,
1808,16/04/2026,,,,Ca 2,0,,0,,,
1809,16/04/2026,,,,Ca 2,0,,0,,,
1810,16/04/2026,,,,Ca 2,0,,0,,,
1811,16/04/2026,,,,Ca 2,0,,0,,,
1812,16/04/2026,,,,Ca 2,0,,0,,,
1818,16/04/2026,,,,Ca 2,0,,0,,,
1823,16/04/2026,,,,Ca 2,0,,0,,,
1828,16/04/2026,,,,Ca 2,0,,0,,,
1834,16/04/2026,,,,Ca 2,0,,0,,,
1840,16/04/2026,,,,Ca 2,0,,0,,,
1843,16/04/2026,,,,Ca 2,0,,0,,,
1845,16/04/2026,,,,Ca 2,0,,0,,,
1854,16/04/2026,,,,Ca 2,0,,0,,,
1855,16/04/2026,,,,Ca 2,0,,0,,,
1856,16/04/2026,,,,Ca 2,0,,0,,,
1858,16/04/2026,,,,Ca 2,0,,0,,,
1860,16/04/2026,,,,Ca 2,0,,0,,,
1861,16/04/2026,,,,Ca 2,0,,0,,,
1863,16/04/2026,,,,Ca 2,,,0,,,
1865,16/04/2026,,,,Ca 2,0,,0,,,
1872,17/04/2026,,,,Ca 2,,,0,,,
1873,17/04/2026,,,,Ca 2,,,0,,,
1874,17/04/2026,,,,Ca 2,,,0,,,
1875,17/04/2026,,,,Ca 2,,,0,,,
1876,17/04/2026,,,,Ca 2,,,0,,,
1877,17/04/2026,,,,Ca 2,,,0,,,
1883,17/04/2026,,,,Ca 2,,,0,,,
1884,17/04/2026,,,,Ca 2,,,0,,,
1888,17/04/2026,,,,Ca 2,,,0,,,
1893,17/04/2026,,,,Ca 2,,,0,,,
1899,17/04/2026,,,,Ca 2,,,0,,,
1905,17/04/2026,,,,Ca 2,,,0,,,
1908,17/04/2026,,,,Ca 2,,,0,,,
1910,17/04/2026,,,,Ca 2,,,0,,,
1919,17/04/2026,,,,Ca 2,,,0,,,
1920,17/04/2026,,,,Ca 2,,,0,,,
1921,17/04/2026,,,,Ca 2,,,0,,,
1923,17/04/2026,,,,Ca 2,,,0,,,
1925,17/04/2026,,,,Ca 2,,,0,,,
1926,17/04/2026,,,,Ca 2,,,0,,,
1928,17/04/2026,,,,Ca 2,,,0,,,
1929,17/04/2026,,,,Ca 2,,,0,,,
1936,18/04/2026,,,,Ca 2,,,0,,,
1937,18/04/2026,,,,Ca 2,,,0,,,
1938,18/04/2026,,,,Ca 2,,,0,,,
1939,18/04/2026,,,,Ca 2,,,0,,,
1940,18/04/2026,,,,Ca 2,,,0,,,
1941,18/04/2026,,,,Ca 2,,,0,,,
1947,18/04/2026,,,,Ca 2,,,0,,,
1948,18/04/2026,,,,Ca 2,,,0,,,
1952,18/04/2026,,,,Ca 2,,,0,,,
1957,18/04/2026,,,,Ca 2,,,0,,,
1969,18/04/2026,,,,Ca 2,,,0,,,
1972,18/04/2026,,,,Ca 2,,,0,,,
1974,18/04/2026,,,,Ca 2,,,0,,,
1983,18/04/2026,,,,Ca 2,,,0,,,
1984,18/04/2026,,,,Ca 2,,,0,,,
1985,18/04/2026,,,,Ca 2,,,0,,,
1987,18/04/2026,,,,Ca 2,,,0,,,
1989,18/04/2026,,,,Ca 2,,,0,,,
1990,18/04/2026,,,,Ca 2,,,0,,,
1992,18/04/2026,,,,Ca 2,,,0,,,
1993,18/04/2026,,,,Ca 2,,,0,,,
2000,19/04/2026,,,,Ca 2,,,0,,,
2001,19/04/2026,,,,Ca 2,,,0,,,
2002,19/04/2026,,,,Ca 2,,,0,,,
2003,19/04/2026,,,,Ca 2,,,0,,,
2004,19/04/2026,,,,Ca 2,,,0,,,
2005,19/04/2026,,,,Ca 2,,,0,,,
2011,19/04/2026,,,,Ca 2,,,0,,,
2012,19/04/2026,,,,Ca 2,,,0,,,
2016,19/04/2026,,,,Ca 2,,,0,,,
2021,19/04/2026,,,,Ca 2,,,0,,,
2027,19/04/2026,,,,Ca 2,,,0,,,
2033,19/04/2026,,,,Ca 2,,,0,,,
2036,19/04/2026,,,,Ca 2,,,0,,,
2038,19/04/2026,,,,Ca 2,,,0,,,
2047,19/04/2026,,,,Ca 2,,,0,,,
2048,19/04/2026,,,,Ca 2,,,0,,,
2049,19/04/2026,,,,Ca 2,,,0,,,
2051,19/04/2026,,,,Ca 2,,,0,,,
2053,19/04/2026,,,,Ca 2,,,0,,,
2054,19/04/2026,,,,Ca 2,,,0,,,
2056,19/04/2026,,,,Ca 2,,,0,,,
2057,19/04/2026,,,,Ca 2,,,0,,,
2064,20/04/2026,,,,Ca 2,,,0,,,
2065,20/04/2026,,,,Ca 2,,,0,,,
2066,20/04/2026,,,,Ca 2,,,0,,,
2067,20/04/2026,,,,Ca 2,,,0,,,
2068,20/04/2026,,,,Ca 2,,,0,,,
2069,20/04/2026,,,,Ca 2,,,0,,,
2075,20/04/2026,,,,Ca 2,0,,0,,,
2076,20/04/2026,,,,Ca 2,0,,0,,,
2080,20/04/2026,,,,Ca 2,8,,8,,,
2085,20/04/2026,,,,Ca 2,0,,0,,,
2091,20/04/2026,,,,Ca 2,0,,0,,,
2097,20/04/2026,,,,Ca 2,0,,0,,,
2100,20/04/2026,,,,Ca 2,0,,0,,,
2102,20/04/2026,,,,Ca 2,0,,0,,,
2111,20/04/2026,,,,Ca 2,0,,0,,,
2112,20/04/2026,,,,Ca 2,0,,0,,,
2113,20/04/2026,,,,Ca 2,0,0,0,,,
2115,20/04/2026,,,,Ca 2,0,,0,,,
2117,20/04/2026,,,,Ca 2,0,,0,,,
2118,20/04/2026,,,,Ca 2,0,,0,,,
2120,20/04/2026,,,,Ca 2,,,0,,,
2121,20/04/2026,,,,Ca 2,0,,0,,,
2127,13/04/2026,,,,Ca 2,0,,0,,,
2136,14/04/2026,,,,Ca 2,0,,0,,,
2138,15/04/2026,,,,Ca 2,0,,0,,,
2140,16/04/2026,,,,Ca 2,0,,0,,,
2424,21/04/2026,,,,Ca 2,0,,0,,,
2425,21/04/2026,,,,Ca 2,0,,0,,,
2426,21/04/2026,,,,Ca 2,0,,0,,,
2427,21/04/2026,,,,Ca 2,0,,0,,,
2428,21/04/2026,,,,Ca 2,0,,0,,,
2429,21/04/2026,,,,Ca 2,0,,0,,,
2435,21/04/2026,,,,Ca 2,0,,0,,,
2436,21/04/2026,,,,Ca 2,0,,0,,,
2440,21/04/2026,,,,Ca 2,,,0,,,
2445,21/04/2026,,,,Ca 2,0,,0,,,
2451,21/04/2026,,,,Ca 2,0,,0,,,
2457,21/04/2026,,,,Ca 2,,,0,,,
2460,21/04/2026,,,,Ca 2,,,0,,,
2462,21/04/2026,,,,Ca 2,,,0,,,
2471,21/04/2026,,,,Ca 2,,,0,,,
2472,21/04/2026,,,,Ca 2,,,0,,,
2473,21/04/2026,,,,Ca 2,,,0,,,
2475,21/04/2026,,,,Ca 2,,,0,,,
2477,21/04/2026,,,,Ca 2,0,,0,,,
2478,21/04/2026,,,,Ca 2,,,0,,,
2480,21/04/2026,,,,Ca 2,,,0,,,
2481,21/04/2026,,,,Ca 2,,,0,,,
2553,22/04/2026,,,,Ca 2,,,0,,,
2554,22/04/2026,,,,Ca 2,,,0,,,
2555,22/04/2026,,,,Ca 2,,,0,,,
2556,22/04/2026,,,,Ca 2,,,0,,,
2557,22/04/2026,,,,Ca 2,,,0,,,
2558,22/04/2026,,,,Ca 2,,,0,,,
2564,22/04/2026,,,,Ca 2,0,,0,,,
2565,22/04/2026,,,,Ca 2,,,0,,,
2569,22/04/2026,,,,Ca 2,,,0,,,
2574,22/04/2026,,,,Ca 2,,,0,,,
2580,22/04/2026,,,,Ca 2,,,0,,,
2586,22/04/2026,,,,Ca 2,0,,0,,,
2589,22/04/2026,,,,Ca 2,0,,0,,,
2591,22/04/2026,,,,Ca 2,0,,0,,,
2600,22/04/2026,,,,Ca 2,,,0,,,
2601,22/04/2026,,,,Ca 2,0,,0,,,
2602,22/04/2026,,,,Ca 2,0,,0,,,
2604,22/04/2026,,,,Ca 2,0,,0,,,
2606,22/04/2026,,,,Ca 2,0,,0,,,
2607,22/04/2026,,,,Ca 2,0,,0,,,
2609,22/04/2026,,,,Ca 2,0,,0,,,
2610,22/04/2026,,,,Ca 2,0,,0,,,
2675,23/04/2026,,,,Ca 2,,,0,,,
814,01/04/2026,,,,Ca 3,,,0,,,
819,01/04/2026,,,,Ca 3,,,0,,,
830,01/04/2026,,,,Ca 3,,,0,,,
1003,02/04/2026,,,,Ca 3,,1,1,,,
1008,02/04/2026,,,,Ca 3,,1,1,,,
1019,02/04/2026,,,,Ca 3,,1,1,,,
1066,03/04/2026,,,,Ca 3,,,0,,,
1071,03/04/2026,,,,Ca 3,,,0,,,
1082,03/04/2026,,,,Ca 3,,,0,,,
1129,04/04/2026,,,,Ca 3,,,0,,,
1134,04/04/2026,,,,Ca 3,,,0,,,
1145,04/04/2026,,,,Ca 3,,,0,,,
1192,05/04/2026,,,,Ca 3,,,0,,,
1197,05/04/2026,,,,Ca 3,,,0,,,
1208,05/04/2026,,,,Ca 3,,,0,,,
1255,06/04/2026,,,,Ca 3,,,0,,,
1260,06/04/2026,,,,Ca 3,,,0,,,
1271,06/04/2026,,,,Ca 3,,,0,,,
1318,08/04/2026,,,,Ca 3,,,0,,,
1323,08/04/2026,,,,Ca 3,,,0,,,
1334,08/04/2026,,,,Ca 3,,,0,,,
1381,09/04/2026,,,,Ca 3,,,0,,,
1386,09/04/2026,,,,Ca 3,,,0,,,
1397,09/04/2026,,,,Ca 3,,,0,,,
1444,10/04/2026,,,,Ca 3,,,0,,,
1449,10/04/2026,,,,Ca 3,,,0,,,
1460,10/04/2026,,,,Ca 3,,,0,,,
1507,11/04/2026,,,,Ca 3,,,0,,,
1512,11/04/2026,,,,Ca 3,,,0,,,
1523,11/04/2026,,,,Ca 3,,,0,,,
1570,12/04/2026,,,,Ca 3,,,0,,,
1575,12/04/2026,,,,Ca 3,,,0,,,
1586,12/04/2026,,,,Ca 3,,,0,,,
1633,13/04/2026,,,,Ca 3,32,,32,,,
1638,13/04/2026,,,,Ca 3,0,,0,,,
1649,13/04/2026,,,,Ca 3,,,0,,,
1693,14/04/2026,,,,Ca 3,0,,0,,,
1696,14/04/2026,,,,Ca 3,32,,32,,,
1701,14/04/2026,,,,Ca 3,0,,0,,,
1712,14/04/2026,,,,Ca 3,,,0,,,
1756,15/04/2026,,,,Ca 3,0,,0,,,
1759,15/04/2026,,,,Ca 3,33,,33,,,
1764,15/04/2026,,,,Ca 3,0,,0,,,
1775,15/04/2026,,,,Ca 3,,,0,,,
1819,16/04/2026,,,,Ca 3,0,,0,,,
1822,16/04/2026,,,,Ca 3,32,,32,,,
1827,16/04/2026,,,,Ca 3,0,,0,,,
1838,16/04/2026,,,,Ca 3,,,0,,,
1887,17/04/2026,,,,Ca 3,32,,32,,,
1892,17/04/2026,,,,Ca 3,,,0,,,
1903,17/04/2026,,,,Ca 3,,,0,,,
1951,18/04/2026,,,,Ca 3,,,0,,,
1956,18/04/2026,,,,Ca 3,,,0,,,
1963,17/04/2026,,,,Ca 3,,,0,,,
1967,18/04/2026,,,,Ca 3,,,0,,,
2015,19/04/2026,,,,Ca 3,,,0,,,
2020,19/04/2026,,,,Ca 3,,,0,,,
2031,19/04/2026,,,,Ca 3,,,0,,,
2079,20/04/2026,,,,Ca 3,35,,35,,,
2084,20/04/2026,,,,Ca 3,0,,0,,,
2095,20/04/2026,,,,Ca 3,,,0,,,
2125,18/04/2026,,,,Ca 3,,,0,,,
2126,18/04/2026,,,,Ca 3,,,0,,,
2131,20/04/2026,,,,Ca 3,0,,0,,,
2132,20/04/2026,,,,Ca 3,0,,0,,,
2134,13/04/2026,,,,Ca 3,0,,0,,,
2135,13/04/2026,,,,Ca 3,0,,0,,,
2137,14/04/2026,,,,Ca 3,0,,0,,,
2139,15/04/2026,,,,Ca 3,0,,0,,,
2141,16/04/2026,,,,Ca 3,0,,0,,,
2439,21/04/2026,,,,Ca 3,,,0,,,
2444,21/04/2026,,,,Ca 3,0,,0,,,
2455,21/04/2026,,,,Ca 3,,,0,,,
2482,21/04/2026,,,,Ca 3,0,,0,,,
2483,21/04/2026,,,,Ca 3,0,,0,,,
2568,22/04/2026,,,,Ca 3,,,0,,,
2573,22/04/2026,,,,Ca 3,,,0,,,
2584,22/04/2026,,,,Ca 3,,,0,,,
2611,22/04/2026,,,,Ca 3,,,0,,,
2612,22/04/2026,,,,Ca 3,,,0,,,
2420,,,,,,,,0,,,
3215,28/04/2026,,,,,,,0,,,
3316,29/04/2026,,,,,,,0,,,
