ID,Tên món ăn menu,Tên món ăn đề xuất,Nguyên vật liệu chính 1,Nguyên vật liệu phụ 1,Nguyên vật liệu phụ 2,Nguyên vật liệu phụ 3,Nguyên vật liệu phụ 4,Nguyên vật liệu phụ 5,Nguyên vật liệu phụ 6,Nguyên vật liệu phụ 7,Nguyên vật liệu phụ 8,Ghi chú,Is Test,Parent items,Ghi chú (1),Is Test (1),Parent items (1),Parent items (1) (1),Parent items (1) (1) (1),Parent items (1) (1) (1) (1),Trường 7,Trường 8,Trường 9,Trường 10,Trường 11,Trường 12,Trường 13,Trường 14,Trường 15,Trường 16,Trường 17,Trường 18
12214,Tàu hũ ki xào sả ớt,Tàu hũ ki xào sả ớt,Tàu hũ ki tươi,,,,,,,,,,,,,,,,,,,,,,,,,,,,,
12215,Tàu hũ ki xào sả ớt,Tàu hũ ki xào sả ớt hành tây,Tàu hũ ki tươi,Hành tây,,,,,,,,,,,,,,,,,,,,,,,,,,,,
12216,Mít non kho đậu phộng,Mít non kho đậu phộng,Mít non,Đậu phộng sống,,,,,,,,,,,,,,,,,,,,,,,,,,,,
12217,Mít non kho đậu phộng,Mít non kho,Mít non,,,,,,,,,,,,,,,,,,,,,,,,,,,,,
12218,Tàu hũ ki sốt hành tây,Tàu hũ ki sốt hành tây,Tàu hũ ki tươi,Hành tây,,,,,,,,,,,,,,,,,,,,,,,,,,,,
12219,Tàu hũ ki sốt hành tây,Tàu hũ ki tươi,Tàu hũ ki tươi,,,,,,,,,,,,,,,,,,,,,,,,,,,,,
12220,Sườn dừa chay,Sườn dừa chay,Sườn dừa chay,,,,,,,,,,,,,,,,,,,,,,,,,,,,,
12221,Ruột non chay xào cải chua,Ruột non chay xào cải chua,Dưa chua,,,,,,,,,,,,,,,,,,,,,,,,,,,,,
12222,Tàu hũ ki xào nấm,Tàu hũ ki xào nấm đùi gà,Tàu hũ ki tươi,Nấm đùi gà,,,,,,,,,,,,,,,,,,,,,,,,,,,,
12223,Tàu hũ ki xào nấm,Tàu hũ ki xào nấm đùi gà hành tây,Nấm đùi gà,Hành tây,,,,,,,,,,,,,,,,,,,,,,,,,,,,
12224,Tàu hũ ki xào nấm,Tàu hũ ki xào nấm,Tàu hũ ki tươi,,,,,,,,,,,,,,,,,,,,,,,,,,,,,
12225,Tàu hũ ki chiên muối ớt,Tàu hũ ki chiên muối ớt,Tàu hũ ki tươi,,,,,,,,,,,,,,,,,,,,,,,,,,,,,
12226,Ruột heo khìa nước dừa,Ruột heo khìa nước dừa,Mì căn (ruột chay non),,,,,,,,,,,,,,,,,,,,,,,,,,,,,
12227,Rau luộc thập cẩm,Rau luộc thập cẩm,Đậu bắp,Su su,Khổ qua,Bắp cải trắng,,,,,,,,,,,,,,,,,,,,,,,,,,
12228,Thịt kho củ cải,Thịt heo vai kho,Thịt heo vai tươi,,,,,,,,,,,,,,,,,,,,,,,,,,,,,
12229,Thịt kho củ cải,Thịt kho củ cải,Thịt heo vai tươi,Củ cải trắng,,,,,,,,,,,,,,,,,,,,,,,,,,,,
12230,Thịt chiên sả,Thịt chiên sả,Thịt heo vai ngon,,,,,,,,,,,,,,,,,,,,,,,,,,,,,
12231,Nấm kho đậu hũ,Nấm kho đậu hũ,Nấm đùi gà,Đậu hũ chiên,,,,,,,,,,,,,,,,,,,,,,,,,,,,
12232,Thịt kho đậu hũ,Thịt kho đậu hũ,Thịt heo vai tươi,Đậu hũ chiên,,,,,,,,,,,,,,,,,,,,,,,,,,,,
12233,Thịt kho đậu hũ,Thịt kho đậu hũ tôm size 50,Tôm thẻ size 50 con,,,,,,,,,,,,,,,,,,,,,,,,,,,,,
12234,Thịt kho đậu hũ,Thịt kho đậu hũ cà rốt,Thịt heo vai tươi,Cà rốt,,,,,,,,,,,,,,,,,,,,,,,,,,,,
12235,Miến măng gà,Miến măng gà,Miến vàng,Gà tam hoàng,File không da tươi,,,,,,,,,,,,,,,,,,,,,,,,,,,
12236,Phở bò chay,Phở bò chay nấm,Phở,Nấm bào ngư xám,Nấm kim châm,Nấm linh chi trắng đen,,,,,,,,,,,,,,,,,,,,,,,,,,
12237,Phở bò chay,Phở bò chay viên chay,Phở,Bò viên chay,Nấm linh chi trắng đen,,,,,,,,,,,,,,,,,,,,,,,,,,,
12238,Tôm chiên xù,Tôm chiên xù size 80,Tôm thẻ size 80 con,,,,,,,,,,,,,,,,,,,,,,,,,,,,,
12239,Tôm chiên xù,Tôm chiên xù size 100,Tôm thẻ size 100 con,,,,,,,,,,,,,,,,,,,,,,,,,,,,,
12240,Su hào xào,Su hào xào,Su hào,,,,,,,,,,,,,,,,,,,,,,,,,,,,,
12241,Thịt chiên lá lốt,Thịt chiên lá lốt,Thịt xay,Mọc,,,,,,,,,,,,,,,,,,,,,,,,,,,,
12242,Thịt xào bông cải,Thịt xào bông cải,Thịt heo vai tươi,,,,,,,,,,,,,,,,,,,,,,,,,,,,,
12243,Thịt xào bông cải,Thịt xào bông cải trắng,Thịt heo vai tươi,Bông cải trắng,,,,,,,,,,,,,,,,,,,,,,,,,,,,
12244,Tomyum bún gạo,Tomyum bún gạo,Tôm thẻ size 60 con,Bún gạo,Bò tái,,,,,,,,,,,,,,,,,,,,,,,,,,,
12245,Nấm xào mướp,Nấm xào mướp,Nấm đùi gà,Mướp,,,,,,,,,,,,,,,,,,,,,,,,,,,,
12246,Mực trứng sốt mắm,Mực trứng sốt mắm,Mực trứng,,,,,,,,,,,,,,,,,,,,,,,,,,,,,
12247,Phở bò tái viên,Phở bò tái viên,Phở,Bò tái,Bò viên,,,,,,,,,,,,,,,,,,,,,,,,,,,
12248,Su su xào,Su su xào,Su su,,,,,,,,,,,,,,,,,,,,,,,,,,,,,
12249,Su hào xào cà rốt,Su hào xào cà rốt,Su hào,Cà rốt,,,,,,,,,,,,,,,,,,,,,,,,,,,,
12250,Nấm xào măng,Nấm xào măng,Nấm đùi gà,Măng tươi,,,,,,,,,,,,,,,,,,,,,,,,,,,,
12251,Tôm rang muối,Tôm rang muối size 100,Tôm thẻ size 100 con,,,,,,,,,,,,,,,,,,,,,,,,,,,,,
12252,Tôm rang muối,Tôm rang muối size 80,Tôm thẻ size 80 con,,,,,,,,,,,,,,,,,,,,,,,,,,,,,
12253,Tôm rang muối,Tôm rang muối size 50,Tôm thẻ size 50 con,,,,,,,,,,,,,,,,,,,,,,,,,,,,,
12254,Tôm rang muối,Tôm rang muối măng,Măng tươi,,,,,,,,,,,,,,,,,,,,,,,,,,,,,
12255,Tôm rang muối,Tôm rang muối size 60,Tôm thẻ size 60 con,,,,,,,,,,,,,,,,,,,,,,,,,,,,,
12256,Nấm bào ngư chiên giòn,Nấm bào ngư chiên giòn,Nấm bào ngư xám,,,,,,,,,,,,,,,,,,,,,,,,,,,,,
12257,Rau củ kho thập cẩm,Rau củ kho thập cẩm nấm,Nấm đùi gà,Bầu,Bắp cải trắng,Cà rốt,,,,,,,,,,,,,,,,,,,,,,,,,,
12258,Rau củ kho thập cẩm,Rau củ kho thập cẩm đậu hũ nấm,Đậu hũ chiên,Nấm đùi gà,Su hào,Bắp cải trắng,,,,,,,,,,,,,,,,,,,,,,,,,,
12259,Rau củ kho thập cẩm,Rau củ kho thập cẩm đậu hũ,Đậu hũ chiên,Bầu,Cà rốt,,,,,,,,,,,,,,,,,,,,,,,,,,,
12260,Thịt chiên sốt mắm,Thịt chiên sốt mắm,Thịt heo vai tươi,,,,,,,,,,,,,,,,,,,,,,,,,,,,,
12261,Trứng luộc,Trứng luộc,Trứng gà 300 quả/cây,,,,,,,,,,,,,,,,,,,,,,,,,,,,,
12262,Rau câu,Rau câu,Rau câu,,,,,,,,,,,,,,,,,,,,,,,,,,,,,
12263,Salad bò,Salad bò,Bò tái,,,,,,,,,,,,,,,,,,,,,,,,,,,,,
12264,Tôm rim hành lá,Tôm rim hành lá size 100,Tôm thẻ size 100 con,,,,,,,,,,,,,,,,,,,,,,,,,,,,,
12265,Tôm rim hành lá,Tôm rim hành lá size 50,Tôm thẻ size 50 con,,,,,,,,,,,,,,,,,,,,,,,,,,,,,
12266,Sườn non kho dưa,Sườn non kho dưa chua,Sườn non tươi,Dưa chua,,,,,,,,,,,,,,,,,,,,,,,,,,,,
12267,Thịt xào sả ớt,Thịt nạc xào bông cải,Thịt heo nạc vai,,,,,,,,,,,,,,,,,,,,,,,,,,,,,
12268,Thịt xào sả ớt,Thịt vai xào sả ớt,Thịt heo vai tươi,,,,,,,,,,,,,,,,,,,,,,,,,,,,,
12269,Nui thập cẩm,Nui thập cẩm,Nui 10kg/bao,Thịt heo nạc vai,Tôm thẻ size 60 con,,,,,,,,,,,,,,,,,,,,,,,,,,,
12270,Sườn non sốt chua ngọt,Sườn non sốt chua ngọt,Sườn non tươi,,,,,,,,,,,,,,,,,,,,,,,,,,,,,
12271,Nấm xào chua ngọt,Nấm xào chua ngọt đùi gà dưa leo,Nấm đùi gà,Dưa leo,Cà chua,Cần tàu,,,,,,,,,,,,,,,,,,,,,,,,,,
12272,Nấm xào chua ngọt,Nấm xào chua ngọt đùi gà,Nấm đùi gà,Dưa leo,,,,,,,,,,,,,,,,,,,,,,,,,,,,
12273,Phở gà Hà Nội,Phở gà Hà Nội đùi phi lê,Phở,Đùi góc tư tươi,File không da tươi,,,,,,,,,,,,,,,,,,,,,,,,,,,
12274,Nui nấu sườn,Nui nấu sườn,Nui 10kg/bao,Thịt heo nạc vai,Sườn non tươi,,,,,,,,,,,,,,,,,,,,,,,,,,,
12275,Nui tái bò viên,Nui tái bò viên,Nui 10kg/bao,Bò tái,Bò viên,,,,,,,,,,,,,,,,,,,,,,,,,,,
12276,Thịt kho củ đậu,Thịt kho củ đậu,Thịt heo vai tươi,Củ đậu,,,,,,,,,,,,,,,,,,,,,,,,,,,,
12277,Vịt kho gừng,Vịt kho gừng,Vịt nguyên con không đầu không chân,,,,,,,,,,,,,,,,,,,,,,,,,,,,,
12278,Sườn non kho đậu hũ,Sườn non kho đậu hũ,Sườn non tươi,Đậu hũ chiên,,,,,,,,,,,,,,,,,,,,,,,,,,,,
12279,Trứng chiên tôm hẹ,Trứng chiên tôm hẹ,Trứng gà 300 quả/cây,Tôm lột,,,,,,,,,,,,,,,,,,,,,,,,,,,,
12280,Thịt kho quẹt,Thịt kho quẹt,Thịt xay,,,,,,,,,,,,,,,,,,,,,,,,,,,,,
12281,Trứng cút sốt cà chua,Trứng cút sốt cà chua,Trứng cút,,,,,,,,,,,,,,,,,,,,,,,,,,,,,
12282,Phở bò,Phở bò tái viên xương,Phở,Bò tái,Bò viên,Xương ống bò,,,,,,,,,,,,,,,,,,,,,,,,,,
12283,Phở bò,Phở bò tái,Phở,Bò tái,,,,,,,,,,,,,,,,,,,,,,,,,,,,
12284,Phở bò,Phở bò tái nạm,Phở,Bò tái,Bò nạm,Xương ống bò,,,,,,,,,,,,,,,,,,,,,,,,,,
12285,Phở bò,Phở bò tái viên,Phở,Bò tái,Bò viên,,,,,,,,,,,,,,,,,,,,,,,,,,,
12286,Phở bò,Phở bò tái nạm viên,Phở,Bò tái,Bò nạm,Bò viên,,,,,,,,,,,,,,,,,,,,,,,,,,
12287,Mực xào cay,Mực xào cay,Mực lá tươi,,,,,,,,,,,,,,,,,,,,,,,,,,,,,
12288,Mực xào cay,Mực xào cay ức gà,Má gà tươi,,,,,,,,,,,,,,,,,,,,,,,,,,,,,
12289,Thịt kho nấm,Thịt kho nấm,Thịt heo vai tươi,,,,,,,,,,,,,,,,,,,,,,,,,,,,,
12290,Trứng chưng nấm,Trứng chưng nấm mèo thịt,Trứng gà 300 quả/cây,Nấm mèo,Thịt xay,Miến lọn,,,,,,,,,,,,,,,,,,,,,,,,,,
12291,Trứng chưng nấm,Trứng chưng nấm thịt xay,Trứng gà 300 quả/cây,Thịt xay,,,,,,,,,,,,,,,,,,,,,,,,,,,,
12292,Trứng chưng nấm,Trứng chưng nấm mèo,Trứng gà 300 quả/cây,Nấm mèo,Thịt xay,,,,,,,,,,,,,,,,,,,,,,,,,,,
12293,Nấm sốt cải thìa,Nấm sốt cải thìa đùi gà,Nấm đùi gà,Cải thìa,,,,,,,,,,,,,,,,,,,,,,,,,,,,
12294,Nấm sốt cải thìa,Nấm sốt cải thìa đông cô,Nấm đông cô,Cải thìa,,,,,,,,,,,,,,,,,,,,,,,,,,,,
12295,Nấm sốt cải thìa,Nấm sốt cải thìa linh chi,Nấm linh chi trắng đen,Nấm đùi gà,Cải thìa,,,,,,,,,,,,,,,,,,,,,,,,,,,
12296,Mực chiên giòn,Mực chiên giòn,Mực lá tươi,,,,,,,,,,,,,,,,,,,,,,,,,,,,,
12297,Mướp xào nấm,Mướp xào nấm,Mướp,Nấm đùi gà,,,,,,,,,,,,,,,,,,,,,,,,,,,,
12298,Ức gà sốt chua ngọt,Ức gà sốt chua ngọt,Má gà tươi,,,,,,,,,,,,,,,,,,,,,,,,,,,,,
12299,Ức gà sốt chua ngọt,Ức gà sốt chua ngọt phi lê,File không da tươi,,,,,,,,,,,,,,,,,,,,,,,,,,,,,
12300,Tôm sốt chua ngọt,Tôm sốt chua ngọt size 100,Tôm thẻ size 100 con,,,,,,,,,,,,,,,,,,,,,,,,,,,,,
12301,Tôm sốt chua ngọt,Tôm sốt chua ngọt size 80,Tôm thẻ size 80 con,,,,,,,,,,,,,,,,,,,,,,,,,,,,,
12302,Su su xào cà rốt,Su su xào cà rốt,Su su,Cà rốt,,,,,,,,,,,,,,,,,,,,,,,,,,,,
12303,Nấm xào sả ớt,Nấm xào sả ớt đùi gà hành tây,Nấm đùi gà,Hành tây,,,,,,,,,,,,,,,,,,,,,,,,,,,,
12304,Nấm xào sả ớt,Nấm xào sả ớt đùi gà,Nấm đùi gà,,,,,,,,,,,,,,,,,,,,,,,,,,,,,
12305,Nấm xào sả ớt,Nấm xào sả ớt bào ngư,Nấm bào ngư xám,Hành tây,,,,,,,,,,,,,,,,,,,,,,,,,,,,
12306,Thịt kho củ sắn,Thịt kho củ sắn,Thịt heo vai tươi,Củ sắn,,,,,,,,,,,,,,,,,,,,,,,,,,,,
12307,Thịt kho kim chi,Thịt kho kim chi,Thịt heo vai tươi,Kim chi,,,,,,,,,,,,,,,,,,,,,,,,,,,,
12308,Vịt kho chao,Vịt kho chao,Vịt nguyên con không đầu không chân,Chao,,,,,,,,,,,,,,,,,,,,,,,,,,,,
12309,Trứng sốt thịt cà chua,Trứng sốt thịt cà chua,Trứng gà 300 quả/cây,,,,,,,,,,,,,,,,,,,,,,,,,,,,,
12310,Sườn dừa rim,Sườn dừa rim,Sườn dừa chay,,,,,,,,,,,,,,,,,,,,,,,,,,,,,
12311,Nhãn,Nhãn,Nhãn,,,,,,,,,,,,,,,,,,,,,,,,,,,,,
12312,Thịt kho mắm ruốc,Thịt kho mắm ruốc,Thịt heo vai tươi,,,,,,,,,,,,,,,,,,,,,,,,,,,,,
12313,Nui hoành thánh,Nui hoành thánh,Nui 10kg/bao,Lá gói hoành thánh,Thịt xay,,,,,,,,,,,,,,,,,,,,,,,,,,,
12314,Tôm chay rim,Tôm chay rim,Tôm chay ngon,,,,,,,,,,,,,,,,,,,,,,,,,,,,,
12315,Thịt luộc,Thịt luộc măng,Măng tươi,,,,,,,,,,,,,,,,,,,,,,,,,,,,,
12316,Thịt luộc,Thịt luộc,Thịt heo vai tươi,,,,,,,,,,,,,,,,,,,,,,,,,,,,,
12317,Trứng cút rim mắm,Trứng cút rim mắm,Trứng cút,,,,,,,,,,,,,,,,,,,,,,,,,,,,,
12318,Trứng cuộn rau củ,Trứng cuộn rau củ,Trứng gà 300 quả/cây,,,,,,,,,,,,,,,,,,,,,,,,,,,,,
12319,Salad trứng,Salad trứng xà lách,Xà lách giòn,,,,,,,,,,,,,,,,,,,,,,,,,,,,,
12320,Salad trứng,Salad trứng vịt,Trứng vịt 300 quả/cây,,,,,,,,,,,,,,,,,,,,,,,,,,,,,
12321,Salad trứng,Salad trứng xà lách bắp cải tím,Xà lách caron,Trứng gà 300 quả/cây,Bắp cải tím,Cà rốt,,,,,,,,,,,,,,,,,,,,,,,,,,
12322,Salad trứng,Salad trứng,Xà lách giòn,Trứng gà 300 quả/cây,,,,,,,,,,,,,,,,,,,,,,,,,,,,
12323,Nạm bò xào hành tây,Nạm bò xào hành tây,Bò nạm,,,,,,,,,,,,,,,,,,,,,,,,,,,,,
12324,Thịt cháy tỏi,Thịt cháy tỏi,Thịt heo vai tươi,,,,,,,,,,,,,,,,,,,,,,,,,,,,,
12325,Thịt kho tiêu,Thịt kho tiêu,Thịt heo vai tươi,,,,,,,,,,,,,,,,,,,,,,,,,,,,,
12326,Tôm rang lá chanh,Tôm rang lá chanh size 50,Tôm thẻ size 50 con,,,,,,,,,,,,,,,,,,,,,,,,,,,,,
12327,Tôm rang lá chanh,Tôm rang lá chanh size 100,Tôm thẻ size 100 con,,,,,,,,,,,,,,,,,,,,,,,,,,,,,
12328,Tôm rang lá chanh,Tôm rang lá chanh thịt trứng vịt,Thịt heo vai tươi,Trứng vịt 300 quả/cây,,,,,,,,,,,,,,,,,,,,,,,,,,,,
12329,Tôm rang lá chanh,Tôm rang lá chanh thịt,Thịt heo vai tươi,,,,,,,,,,,,,,,,,,,,,,,,,,,,,
12330,Nui xào bò,Nui xào bò,Nui 10kg/bao,Bò tái,,,,,,,,,,,,,,,,,,,,,,,,,,,,
12331,Nạm bò xào sa tế,Nạm bò xào sa tế,Bò nạm,,,,,,,,,,,,,,,,,,,,,,,,,,,,,
12332,Nạm bò xào sa tế,Nạm bò xào sa tế tái,Bò tái,Cà chua,,,,,,,,,,,,,,,,,,,,,,,,,,,,
12333,Ức gà kho tiêu,Ức gà kho tiêu,File không da tươi,,,,,,,,,,,,,,,,,,,,,,,,,,,,,
12334,Tôm rim mặn,Tôm rim mặn size 100,Tôm thẻ size 100 con,,,,,,,,,,,,,,,,,,,,,,,,,,,,,
12337,Trứng sốt thái,Trứng sốt thái thịt,Trứng gà 300 quả/cây,Thịt xay,,,,,,,,,,,,,,,,,,,,,,,,,,,,
12338,Trứng sốt thái,Trứng sốt thái chả lụa,Chả lụa,,,,,,,,,,,,,,,,,,,,,,,,,,,,,
12339,Trứng sốt thái,Trứng sốt thái,Trứng gà 300 quả/cây,,,,,,,,,,,,,,,,,,,,,,,,,,,,,
12340,Mướp xào tỏi,Mướp xào tỏi,Mướp,,,,,,,,,,,,,,,,,,,,,,,,,,,,,
12341,Trứng chiên cà chua,Trứng chiên cà chua,Trứng gà 300 quả/cây,Cà chua,,,,,,,,,,,,,,,,,,,,,,,,,,,,
12342,Sữa chua hộp,Sữa chua hộp,Sữa chua long thành 48 hộp/thùng,,,,,,,,,,,,,,,,,,,,,,,,,,,,,
12343,Trứng sốt cà chua,Trứng sốt cà chua,Trứng vịt 300 quả/cây,Cà chua,,,,,,,,,,,,,,,,,,,,,,,,,,,,
12344,Trứng sốt cà chua,Trứng vịt sốt cà chua vịt,Trứng vịt 300 quả/cây,,,,,,,,,,,,,,,,,,,,,,,,,,,,,
12345,Trứng sốt cà chua,Trứng gà sốt cà chua thịt xay,Trứng gà 300 quả/cây,Thịt xay,,,,,,,,,,,,,,,,,,,,,,,,,,,,
12346,Nấm xào bông cải,Nấm xào bông cải,Nấm đùi gà,Bông cải trắng,Cà rốt,,,,,,,,,,,,,,,,,,,,,,,,,,,
12347,Tôm sốt me,Tôm sốt me size 50,Tôm thẻ size 50 con,,,,,,,,,,,,,,,,,,,,,,,,,,,,,
12348,Tôm sốt me,Tôm sốt me size 100,Tôm thẻ size 100 con,,,,,,,,,,,,,,,,,,,,,,,,,,,,,
12349,Thịt luộc mắm thái,Thịt luộc mắm thái,Thịt heo vai tươi,Mắm thái,,,,,,,,,,,,,,,,,,,,,,,,,,,,
12350,Thịt kho thơm,Thịt kho thơm,Thịt heo vai tươi,Thơm gọt,,,,,,,,,,,,,,,,,,,,,,,,,,,,
12351,Tép rang hành lá,Tép rang,Tép,,,,,,,,,,,,,,,,,,,,,,,,,,,,,
12352,Tép rang hành lá,Tép rang hành lá,Tép,Hành lá,,,,,,,,,,,,,,,,,,,,,,,,,,,,
12353,Tép rang hành lá,Tép rang hành lá ức gà,Tép,Má gà tươi,,,,,,,,,,,,,,,,,,,,,,,,,,,,
12354,Nấm rơm kho tiêu,Nấm rơm kho tiêu,Nấm rơm,,,,,,,,,,,,,,,,,,,,,,,,,,,,,
12355,Thịt chưng trứng muối,Thịt chưng trứng muối,Trứng gà 300 quả/cây,Trứng muối,,,,,,,,,,,,,,,,,,,,,,,,,,,,
12356,Tôm rim hành,Tôm rim hành size 100,Tôm thẻ size 100 con,,,,,,,,,,,,,,,,,,,,,,,,,,,,,
12357,Tôm rim hành,Tôm rim hành size 50,Tôm thẻ size 50 con,,,,,,,,,,,,,,,,,,,,,,,,,,,,,
12358,Mực trứng sốt hành tây,Mực trứng sốt hành tây,Mực trứng,Hành tây,,,,,,,,,,,,,,,,,,,,,,,,,,,,
12359,Mực trứng sốt hành tây,Mực trứng sốt,Mực trứng,,,,,,,,,,,,,,,,,,,,,,,,,,,,,
12360,Thịt kho cùi dừa,Thịt kho cùi dừa,Thịt heo vai tươi,Cùi dừa,,,,,,,,,,,,,,,,,,,,,,,,,,,,
12361,Thịt kho cà pháo,Thịt kho cà pháo,Thịt heo vai tươi,Cà pháo,,,,,,,,,,,,,,,,,,,,,,,,,,,,
12362,Trà tắc,Trà tắc đường,Tắc,Đường cát trắng 50kg/bao,,,,,,,,,,,,,,,,,,,,,,,,,,,,
12363,Trà tắc,Trà tắc trà đào,Trà đào cozy hòa tan 16 gói/hộp,Hồng trà túi 1kg,Tắc,Đường cát trắng 50kg/bao,,,,,,,,,,,,,,,,,,,,,,,,,,
12364,Trứng sốt thịt,Trứng sốt thịt,Trứng gà 300 quả/cây,Thịt xay,,,,,,,,,,,,,,,,,,,,,,,,,,,,
12365,Ức gà chiên xù,Ức gà chiên xù,File không da tươi,,,,,,,,,,,,,,,,,,,,,,,,,,,,,
12366,Trứng chiên thịt,Trứng chiên thịt,Trứng gà 300 quả/cây,Thịt xay,,,,,,,,,,,,,,,,,,,,,,,,,,,,
12367,Nấm kho tiêu,Nấm kho tiêu,Nấm đùi gà,,,,,,,,,,,,,,,,,,,,,,,,,,,,,
12369,Phá lấu,Phá lấu,Thịt đùi heo tươi,Tai mũi,,,,,,,,,,,,,,,,,,,,,,,,,,,,
12370,Sườn non kho tiêu,Sườn non kho tiêu,Sườn non tươi,,,,,,,,,,,,,,,,,,,,,,,,,,,,,
12371,Thịt kho dưa chua,Thịt kho dưa chua,Thịt heo vai tươi,Dưa chua,,,,,,,,,,,,,,,,,,,,,,,,,,,,
12372,Thịt kho dưa chua,Thịt vai kho,Thịt heo vai tươi,,,,,,,,,,,,,,,,,,,,,,,,,,,,,
12373,Phở đùi gà,Phở đùi gà,Phở,Đùi tỏi gà đông size 6->6.5 cái,,,,,,,,,,,,,,,,,,,,,,,,,,,,
12374,Nấm rơm xào đậu ve,Nấm rơm xào đậu ve,Nấm rơm,Đậu ve,Cà rốt,,,,,,,,,,,,,,,,,,,,,,,,,,,
12375,Miến gà,Miến gà măng,Miến vàng,File không da tươi,Măng tươi,,,,,,,,,,,,,,,,,,,,,,,,,,,
12376,Miến gà,Miến gà đùi tỏi,Miến vàng,Đùi tỏi tươi size 6->6.5 cái,,,,,,,,,,,,,,,,,,,,,,,,,,,,
12377,Nui nấu bò,Nui nấu bò tái,Nui 10kg/bao,Bò tái,Bò viên,,,,,,,,,,,,,,,,,,,,,,,,,,,
12378,Nui nấu bò,Nui nấu bò giò heo,Nui 10kg/bao,Giò heo chặt khoanh,Mọc,,,,,,,,,,,,,,,,,,,,,,,,,,,
12379,Thịt kho chuối xanh,Thịt kho chuối xanh,Thịt heo vai tươi,Chuối xanh,,,,,,,,,,,,,,,,,,,,,,,,,,,,
12380,Trứng chiên giá hẹ,Trứng chiên giá hẹ,Trứng gà 300 quả/cây,,,,,,,,,,,,,,,,,,,,,,,,,,,,,
12381,Tôm cháy tỏi,Tôm cháy tỏi size 100,Tôm thẻ size 100 con,,,,,,,,,,,,,,,,,,,,,,,,,,,,,
12382,Tôm cháy tỏi,Tôm cháy tỏi size 50,Tôm thẻ size 50 con,,,,,,,,,,,,,,,,,,,,,,,,,,,,,
12383,Tôm cháy tỏi,Tôm cháy tỏi size 80,Tôm thẻ size 80 con,,,,,,,,,,,,,,,,,,,,,,,,,,,,,
12384,Trứng cút sốt me,Trứng cút sốt me,Trứng cút,,,,,,,,,,,,,,,,,,,,,,,,,,,,,
12386,Trứng cút sốt me,Trứng cút sốt me măng,Măng tươi,,,,,,,,,,,,,,,,,,,,,,,,,,,,,
12387,Nui xương mọc,Nui xương mọc,Nui 10kg/bao,Mọc,,,,,,,,,,,,,,,,,,,,,,,,,,,,
12388,Mướp xào đông cô,Mướp xào đông cô,Mướp,Nấm đông cô,,,,,,,,,,,,,,,,,,,,,,,,,,,,
12389,Sườn non chay rim,Sườn non chay rim,Sườn non chay,,,,,,,,,,,,,,,,,,,,,,,,,,,,,
12390,Trứng chiên rau củ,Trứng chiên rau củ,Trứng gà 300 quả/cây,,,,,,,,,,,,,,,,,,,,,,,,,,,,,
12391,Salad dầu giấm,Salad dầu giấm,Xà lách caron,Bắp cải tím,Bắp cải trắng,Cà rốt,,,,,,,,,,,,,,,,,,,,,,,,,,
12392,Nấm kim châm xào chay,Nấm kim châm xào chay,Nấm kim châm,,,,,,,,,,,,,,,,,,,,,,,,,,,,,
12393,Rau muống luộc,Rau muống luộc,Rau muống,,,,,,,,,,,,,,,,,,,,,,,,,,,,,
12394,Nạm bò xào sả ớt,Nạm bò xào sả ớt,Bò nạm,,,,,,,,,,,,,,,,,,,,,,,,,,,,,
12395,Trứng cút sốt thịt,Trứng cút sốt thịt,Trứng cút,Thịt xay,,,,,,,,,,,,,,,,,,,,,,,,,,,,
12396,Tôm rim hành tây,Tôm rim hành tây,Tôm thẻ size 100 con,,,,,,,,,,,,,,,,,,,,,,,,,,,,,
12397,Tôm sốt bơ tỏi,Tôm sốt bơ tỏi,Tôm thẻ size 80 con,,,,,,,,,,,,,,,,,,,,,,,,,,,,,
12398,Mực xào hành tây,Mực xào hành tây,Mực lá tươi,,,,,,,,,,,,,,,,,,,,,,,,,,,,,
12399,Thịt xá xíu,Thịt xá xíu tôm size 80,Tôm thẻ size 80 con,,,,,,,,,,,,,,,,,,,,,,,,,,,,,
12400,Thịt xá xíu,Thịt xá xíu,Thịt heo vai tươi,,,,,,,,,,,,,,,,,,,,,,,,,,,,,
12401,Trứng chiên hẹ,Trứng chiên hẹ,Trứng gà 300 quả/cây,,,,,,,,,,,,,,,,,,,,,,,,,,,,,
12402,Trứng opla,Trứng opla,Trứng gà 300 quả/cây,,,,,,,,,,,,,,,,,,,,,,,,,,,,,
12403,Tôm sốt thái,Tôm sốt thái,Tôm thẻ size 100 con,,,,,,,,,,,,,,,,,,,,,,,,,,,,,
12404,Trứng chiên hành,Trứng chiên hành,Trứng gà 300 quả/cây,,,,,,,,,,,,,,,,,,,,,,,,,,,,,
12405,Yakult,Yakult,Sữa chua yakult,,,,,,,,,,,,,,,,,,,,,,,,,,,,,
12406,Nấm bào ngư chiên sả ớt,Nấm bào ngư chiên sả ớt,Nấm bào ngư xám,,,,,,,,,,,,,,,,,,,,,,,,,,,,,
12407,Thịt rim tôm,Thịt rim tôm,Thịt heo vai tươi,Tôm thẻ size 100 con,,,,,,,,,,,,,,,,,,,,,,,,,,,,
12408,Thịt nướng mỡ hành,Thịt nướng mỡ hành,Thịt heo vai tươi,,,,,,,,,,,,,,,,,,,,,,,,,,,,,
12409,Nem nướng mỡ hành,Nem nướng mỡ hành hành lá,Nem nướng,,,,,,,,,,,,,,,,,,,,,,,,,,,,,
12411,Mực xào sa tế,Mực xào sa tế,Mực lá tươi,,,,,,,,,,,,,,,,,,,,,,,,,,,,,
12412,Sâm bổ lượng,Sâm bổ lượng,Nhãn nhục,Táo đỏ,Bo bo,Thạch dừa,Rong biển,,,,,,,,,,,,,,,,,,,,,,,,,
12413,Tôm rim trứng cút,Tôm rim trứng cút,Tôm thẻ size 100 con,Trứng cút,,,,,,,,,,,,,,,,,,,,,,,,,,,,
12414,Nấm kho măng,Nấm kho măng,Nấm đùi gà,Măng tươi,,,,,,,,,,,,,,,,,,,,,,,,,,,,
12415,Nấm rơm xào mướp,Nấm rơm xào mướp,Nấm rơm,Mướp,,,,,,,,,,,,,,,,,,,,,,,,,,,,
12416,Xíu mại tôm thịt,Xíu mại tôm thịt,Tôm lột,Thịt xay,Mọc,,,,,,,,,,,,,,,,,,,,,,,,,,,
12417,Phở bò tái gân,Phở bò tái gân viên,Phở,Bò tái,Bò viên,Bò gân,,,,,,,,,,,,,,,,,,,,,,,,,,
12418,Phở bò tái gân,Phở bò tái gân xương,Phở,Bò tái,Bò gân,Xương ống bò,,,,,,,,,,,,,,,,,,,,,,,,,,
12419,Xíu mại sốt cà,Xíu mại sốt cà thịt,Thịt xay,,,,,,,,,,,,,,,,,,,,,,,,,,,,,
12420,Xíu mại sốt cà,Xíu mại sốt cà mọc,Mọc,Thịt xay,,,,,,,,,,,,,,,,,,,,,,,,,,,,
12421,Xíu mại sốt cà,Xíu mại sốt cà mọc thịt,Mọc,Thịt xay,Cà chua,,,,,,,,,,,,,,,,,,,,,,,,,,,
12422,Tôm rim,Tôm rim ức gà,Má gà tươi,,,,,,,,,,,,,,,,,,,,,,,,,,,,,
12423,Tôm rim,Tôm rim size 100,Tôm thẻ size 100 con,,,,,,,,,,,,,,,,,,,,,,,,,,,,,
12424,Tôm rim,Tôm rim size 80,Tôm thẻ size 80 con,,,,,,,,,,,,,,,,,,,,,,,,,,,,,
12425,Nui xương,Nui xương thịt,Nui 10kg/bao,Xương heo,Thịt heo nạc vai,Mọc,,,,,,,,,,,,,,,,,,,,,,,,,,
12426,Nui xương,Nui xương mọc,Nui 10kg/bao,Xương heo,Mọc,,,,,,,,,,,,,,,,,,,,,,,,,,,
12427,Thịt chiên xù,Thịt nạc chiên xù,Thịt heo nạc vai,,,,,,,,,,,,,,,,,,,,,,,,,,,,,
12428,Thịt chiên xù,Thịt vai chiên xù,Thịt heo vai tươi,,,,,,,,,,,,,,,,,,,,,,,,,,,,,
12429,Nấm kho thơm,Nấm kho thơm,Nấm đùi gà,Thơm gọt,,,,,,,,,,,,,,,,,,,,,,,,,,,,
12430,Trứng chiên hành tây,Trứng chiên hành tây,Trứng gà 300 quả/cây,,,,,,,,,,,,,,,,,,,,,,,,,,,,,
12431,Thịt kho tàu,Thịt kho tàu trứng cút,Thịt heo vai tươi,Trứng cút,,,,,,,,,,,,,,,,,,,,,,,,,,,,
12432,Thịt kho tàu,Thịt kho tàu,Thịt heo vai ngon,,,,,,,,,,,,,,,,,,,,,,,,,,,,,
12433,Vịt hầm tiêu xanh,Vịt hầm tiêu xanh,Vịt nguyên con không đầu không chân,,,,,,,,,,,,,,,,,,,,,,,,,,,,,
12434,Vịt kho măng,Vịt kho măng chả cá,Vịt nguyên con không đầu không chân,Chả cá nha trang,,,,,,,,,,,,,,,,,,,,,,,,,,,,
12435,Vịt kho măng,Vịt kho măng,Vịt nguyên con không đầu không chân,Măng tươi,,,,,,,,,,,,,,,,,,,,,,,,,,,,
12436,Rau muống xào tỏi,Rau muống xào tỏi,Rau muống,,,,,,,,,,,,,,,,,,,,,,,,,,,,,
12437,Thịt phá lấu,Thịt phá lấu đùi heo,Thịt đùi heo tươi,Tai mũi,,,,,,,,,,,,,,,,,,,,,,,,,,,,
12438,Thịt phá lấu,Thịt phá lấu tai mũi,Thịt heo vai tươi,Tai mũi,,,,,,,,,,,,,,,,,,,,,,,,,,,,
12439,Ổi,Ổi,Ổi,,,,,,,,,,,,,,,,,,,,,,,,,,,,,
12440,Nui nấu giò heo,Nui nấu giò heo thịt,Nui 10kg/bao,Thịt heo nạc vai,,,,,,,,,,,,,,,,,,,,,,,,,,,,
12441,Nui nấu giò heo,Nui nấu giò heo mọc,Nui 10kg/bao,Giò heo chặt khoanh,Mọc,,,,,,,,,,,,,,,,,,,,,,,,,,,
12442,Nấm bào ngư xào mướp,Nấm bào ngư xào mướp,Nấm bào ngư xám,Mướp,,,,,,,,,,,,,,,,,,,,,,,,,,,,
12443,Trứng cuộn,Trứng cuộn,Trứng gà 300 quả/cây,,,,,,,,,,,,,,,,,,,,,,,,,,,,,
12444,Trứng cuộn,Trứng cuộn cá lóc,Cá lóc,,,,,,,,,,,,,,,,,,,,,,,,,,,,,
12445,Sương sáo hạt é,Sương sáo hạt é,Sương sáo trắng,Sương sáo đen,Hạt é,Dừa ép,,,,,,,,,,,,,,,,,,,,,,,,,,
12446,Salad trộn,Salad trộn,Xà lách caron,,,,,,,,,,,,,,,,,,,,,,,,,,,,,
12447,Sườn non rim,Sườn non rim,Sườn non tươi,,,,,,,,,,,,,,,,,,,,,,,,,,,,,
12448,Sữa chua,Sữa chua,Sữa chua bịch,Sữa chua long thành 48 hộp/thùng,,,,,,,,,,,,,,,,,,,,,,,,,,,,
12449,Thịt chiên sốt sả tắc,Thịt chiên sốt sả tắc,Thịt heo vai ngon,,,,,,,,,,,,,,,,,,,,,,,,,,,,,
12450,Opla 2 trứng,Opla 2 trứng,Trứng gà 300 quả/cây,,,,,,,,,,,,,,,,,,,,,,,,,,,,,
12451,Thanh long,Thanh long,Thanh long (2 - 3 trái/kg),,,,,,,,,,,,,,,,,,,,,,,,,,,,,
12452,Rau dền luộc,Rau dền luộc,Rau dền,,,,,,,,,,,,,,,,,,,,,,,,,,,,,
12453,Ức gà lúc lắc,Ức gà lúc lắc,File không da tươi,,,,,,,,,,,,,,,,,,,,,,,,,,,,,
12454,Táo xanh,Táo xanh,Táo xanh,,,,,,,,,,,,,,,,,,,,,,,,,,,,,
12455,Nấm kho dưa chua,Nấm kho dưa chua,Nấm đùi gà,Dưa chua,,,,,,,,,,,,,,,,,,,,,,,,,,,,
12456,Tép ram tóp mỡ,Tép ram tóp mỡ heo,Tép,Mỡ heo,,,,,,,,,,,,,,,,,,,,,,,,,,,,
12457,Tép ram tóp mỡ,Tép ram,Tép,,,,,,,,,,,,,,,,,,,,,,,,,,,,,
12458,Thịt chiên sả ớt,Thịt chiên sả ớt,Thịt heo vai tươi,,,,,,,,,,,,,,,,,,,,,,,,,,,,,
12459,Sườn non rim mật ong,Sườn non rim mật ong,Sườn non tươi,,,,,,,,,,,,,,,,,,,,,,,,,,,,,
12460,Tôm chiên bột,Tôm chiên bột mực,Mực lá tươi,,,,,,,,,,,,,,,,,,,,,,,,,,,,,
12461,Tôm chiên bột,Tôm chiên bột size 100,Tôm thẻ size 100 con,,,,,,,,,,,,,,,,,,,,,,,,,,,,,
12462,Tôm chiên bột,Tôm chiên bột size 80,Tôm thẻ size 80 con,,,,,,,,,,,,,,,,,,,,,,,,,,,,,
12463,Nui nấu thịt,Nuii nấu thịt nạc vai,Nui 10kg/bao,Thịt heo nạc vai,,,,,,,,,,,,,,,,,,,,,,,,,,,,
12464,Nui nấu thịt,Nui nấu thịt bắp giò,Nui 10kg/bao,Thịt xay,Bắp giò rút xương,,,,,,,,,,,,,,,,,,,,,,,,,,,
12465,Nui nấu thịt,Nui nấu thịt xay,Nui 10kg/bao,Thịt heo nạc vai,Thịt xay,,,,,,,,,,,,,,,,,,,,,,,,,,,
12466,Nui nấu thịt,Nui nấu thịt,Nui 10kg/bao,Thịt heo vai tươi,Thịt xay,,,,,,,,,,,,,,,,,,,,,,,,,,,
12467,Nấm bào ngư chiên nước mắm,Nấm bào ngư chiên nước mắm,Nấm bào ngư xám,,,,,,,,,,,,,,,,,,,,,,,,,,,,,
12468,Mực xào chua ngọt,Mực xào chua ngọt cà chua,Cà chua,,,,,,,,,,,,,,,,,,,,,,,,,,,,,
12469,Mực xào chua ngọt,Mực xào chua ngọt dưa leo,Mực lá tươi,Dưa leo,Cà chua,Cần tây,,,,,,,,,,,,,,,,,,,,,,,,,,
12470,Mực xào chua ngọt,Mực xào chua ngọt,Mực lá tươi,,,,,,,,,,,,,,,,,,,,,,,,,,,,,
12471,Thịt kho măng,Thịt kho măng,Thịt heo vai tươi,,,,,,,,,,,,,,,,,,,,,,,,,,,,,
12472,Thịt kho măng,Thịt kho măng tươi,Thịt heo vai tươi,Măng tươi,,,,,,,,,,,,,,,,,,,,,,,,,,,,
12473,Thịt rim chả lụa,Thịt rim chả lụa,Thịt heo vai tươi,Chả lụa,,,,,,,,,,,,,,,,,,,,,,,,,,,,
12474,Thịt rim chả lụa,Thịt rim chả lụa cotlet,Thịt heo vai tươi,Cotlet chặt (1kg/13 miếng),,,,,,,,,,,,,,,,,,,,,,,,,,,,
12475,Sườn non kho kim chi,Sườn non kho kim chi,Sườn non tươi,Kim chi,,,,,,,,,,,,,,,,,,,,,,,,,,,,
12476,Thịt xào ruốc sả,Thịt xào ruốc sả xay,Thịt heo vai tươi,Thịt xay,,,,,,,,,,,,,,,,,,,,,,,,,,,,
12477,Thịt xào ruốc sả,Thịt xào ruốc sả mắm ruốc,Thịt heo vai tươi,Mắm ruốc hũ,,,,,,,,,,,,,,,,,,,,,,,,,,,,
12478,Tim cật xào rau củ,Tim cật xào rau củ,Tim heo,Cật heo,Cà rốt,,,,,,,,,,,,,,,,,,,,,,,,,,,
12479,Thịt chiên sốt tỏi,Thịt chiên sốt tỏi,Thịt heo vai tươi,,,,,,,,,,,,,,,,,,,,,,,,,,,,,
12480,Thịt chiên sốt tỏi,Thịt chiên sốt tỏi cà chua,Cà chua,,,,,,,,,,,,,,,,,,,,,,,,,,,,,
12481,Nui bò kho,Nui bò kho,Nui 10kg/bao,Bò nạm,Cà rốt,,,,,,,,,,,,,,,,,,,,,,,,,,,
12482,Sườn non chay ram sả,Sườn non chay ram sả,Sườn non chay,,,,,,,,,,,,,,,,,,,,,,,,,,,,,
12483,Thịt rim xúc xích,Thịt rim xúc xích,Thịt heo vai tươi,Xúc xích cp - 175g (20 gói/thùng-100 cái),,,,,,,,,,,,,,,,,,,,,,,,,,,,
12484,Tôm rim tóp mỡ,Tôm rim tóp mỡ size 50,Tôm thẻ size 50 con,,,,,,,,,,,,,,,,,,,,,,,,,,,,,
12485,Tôm rim tóp mỡ,Tôm rim tóp mỡ size 80,Tôm thẻ size 80 con,,,,,,,,,,,,,,,,,,,,,,,,,,,,,
12486,Tôm rim tóp mỡ,Tôm rim tóp mỡ size 100,Tôm thẻ size 100 con,Mỡ heo,,,,,,,,,,,,,,,,,,,,,,,,,,,,
12487,Mực xào sả ớt,Mực xào sả ớt,Mực lá tươi,,,,,,,,,,,,,,,,,,,,,,,,,,,,,
12488,Mực xào sả ớt,Mực xào sả ớt hành tây,Mực lá tươi,Hành tây,,,,,,,,,,,,,,,,,,,,,,,,,,,,
12489,Phở bò hà nội,Phở bò hà nội,Phở,Bò tái,Bò viên,Xương ống bò,,,,,,,,,,,,,,,,,,,,,,,,,,
12490,Phở gà hà nội,Phở gà hà nội đùi tỏi,Phở,Đùi tỏi tươi size 6->6.5 cái,,,,,,,,,,,,,,,,,,,,,,,,,,,,
12491,Phở gà hà nội,Phở gà hà nội phi lê,Phở,File không da tươi,Đùi góc tư tươi,,,,,,,,,,,,,,,,,,,,,,,,,,,
12492,Phở gà hà nội,Phở gà hà nội đùi,Phở,Đùi góc tư tươi,,,,,,,,,,,,,,,,,,,,,,,,,,,,
12493,Rau luộc + kho quẹt,Rau luộc + kho quẹt đậu bắp,Đậu bắp,Su su,Khổ qua,Bắp cải trắng,,,,,,,,,,,,,,,,,,,,,,,,,,
12494,Rau luộc + kho quẹt,Rau luộc + kho quẹt đậu bắp khổ qua,Đậu bắp,Khổ qua,Su su,Bắp cải trắng,,,,,,,,,,,,,,,,,,,,,,,,,,
12495,Sườn lagu + bánh mì,Sườn lagu + bánh mì sườn non,Bánh mì giòn,Sườn non tươi,Khoai tây,Dừa ép,,,,,,,,,,,,,,,,,,,,,,,,,,
12496,Sườn lagu + bánh mì,Sườn lagu + bánh mì sườn non khoai tây,Bánh mì giòn,Sườn non tươi,Khoai tây,Cà rốt,,,,,,,,,,,,,,,,,,,,,,,,,,
12497,Sườn Non Kho Củ Cải,Sườn Non Kho Củ Cải,Sườn non tươi,Củ cải trắng,,,,,,,,,,,,,,,,,,,,,,,,,,,,
12498,Trứng chiên Ngũ sắc,Trứng chiên Ngũ sắc,Trứng gà 300 quả/cây,Thịt xay,,,,,,,,,,,,,,,,,,,,,,,,,,,,
12499,Vịt Kho Sả,Vịt Kho Sả,Vịt nguyên con không đầu không chân,,,,,,,,,,,,,,,,,,,,,,,,,,,,,
12500,Đậu hũ trắng sốt cà chua,Đậu hũ sốt cà chua,Đậu hũ trắng,,,,,,,,,,,,,,,,,,,,,,,,,,,,,
12501,Đậu hũ trắng sốt cà chua,Đậu hũ sốt cà chua tươi,Đậu hũ trắng,Cà chua,,,,,,,,,,,,,,,,,,,,,,,,,,,,
12502,Mắm thái chay,Mắm thái chay,Mắm thái chay,,,,,,,,,,,,,,,,,,,,,,,,,,,,,
12503,Đậu hũ chiên sả,Đậu hũ chiên sả,Đậu hũ chiên,,,,,,,,,,,,,,,,,,,,,,,,,,,,,
12504,Đậu hũ kho thơm,Đậu hũ kho thơm,Đậu hũ chiên,Thơm gọt,,,,,,,,,,,,,,,,,,,,,,,,,,,,
12505,Đậu hũ kho tiêu,Đậu hũ kho tiêu,Đậu hũ chiên,,,,,,,,,,,,,,,,,,,,,,,,,,,,,
12506,Đậu hũ muối ớt,Đậu hũ muối ớt,Đậu hũ chiên,,,,,,,,,,,,,,,,,,,,,,,,,,,,,
12507,Đậu hũ kho tương hộp,Đậu hũ kho tương hộp,Đậu hũ chiên,Tương hột,,,,,,,,,,,,,,,,,,,,,,,,,,,,
12508,Đậu hũ kho nước tương,Đậu hũ kho nước tương,Đậu hũ chiên,,,,,,,,,,,,,,,,,,,,,,,,,,,,,
12509,Đậu hũ kho nước tương,Đậu hũ kho nước tương bông cải,Đậu hũ chiên,Bông cải trắng,,,,,,,,,,,,,,,,,,,,,,,,,,,,
12510,Đậu hũ xào giá mướp,Đậu hũ xào giá mướp,Đậu hũ chiên,Mướp,Giá,,,,,,,,,,,,,,,,,,,,,,,,,,,
12511,Chả lụa chay rim ớt chuông,Chả lụa chay rim ớt chuông,Chả lụa chay,Hành tây,Ớt chuông đỏ,,,,,,,,,,,,,,,,,,,,,,,,,,,
12512,Chuối xanh kho đậu,Chuối xanh kho đậu,Chuối xanh,Đậu hũ trắng,,,,,,,,,,,,,,,,,,,,,,,,,,,,
12513,Gỏi rau càng cua,Gỏi rau càng cua,Rau càng cua,Chả lụa chay,Đậu phộng sống,,,,,,,,,,,,,,,,,,,,,,,,,,,
12514,Hủ tiếu xào chay,Hủ tiếu xào chay,Hủ tiếu tươi,Đậu hũ chiên,Nấm bào ngư xám,,,,,,,,,,,,,,,,,,,,,,,,,,,
12515,Đậu hũ kho bông cải,Đậu hũ kho bông cải,Đậu hũ chiên,Bông cải trắng,Cà rốt,,,,,,,,,,,,,,,,,,,,,,,,,,,
12516,Khổ qua kho nấm,Khổ qua kho nấm,Khổ qua,Nấm đùi gà,,,,,,,,,,,,,,,,,,,,,,,,,,,,
12517,Khổ qua kho nấm,Khổ qua kho,Khổ qua,,,,,,,,,,,,,,,,,,,,,,,,,,,,,
12518,Khổ qua xào nấm,Khổ qua xào nấm,Khổ qua,Nấm đùi gà,,,,,,,,,,,,,,,,,,,,,,,,,,,,
12519,Đậu hũ xào thập cẩm,Đậu hũ xào thập cẩm,Đậu hũ chiên,,,,,,,,,,,,,,,,,,,,,,,,,,,,,
12520,Đậu hũ kho măng,Đậu hũ kho măng,Đậu hũ chiên,Măng tươi,,,,,,,,,,,,,,,,,,,,,,,,,,,,
12521,Đậu hũ xào giá hẹ,Đậu hũ xào giá hẹ,Đậu hũ chiên,Giá,Hẹ,,,,,,,,,,,,,,,,,,,,,,,,,,,
12522,Đậu hũ xào giá hẹ,Đậu hũ xào giá hẹ cà rốt,Đậu hũ chiên,Cà rốt,Giá,Hẹ,,,,,,,,,,,,,,,,,,,,,,,,,,
12523,Khổ qua xào chay,Khổ qua xào chay,Đậu hũ trắng,Cá cơm chay,Khổ qua,,,,,,,,,,,,,,,,,,,,,,,,,,,
12524,Mì căn xào sả ớt,Mì căn xào sả ớt,Mì căn (ruột chay non),Hành tây,,,,,,,,,,,,,,,,,,,,,,,,,,,,
12525,Đậu hũ xào ngũ sắc,Đậu hũ xào ngũ sắc,Đậu hũ chiên,Đậu ve,Cà rốt,Giá,Hẹ,,,,,,,,,,,,,,,,,,,,,,,,,
12526,Chả cá chay rim,Chả cá chay rim,Chả cá chay,,,,,,,,,,,,,,,,,,,,,,,,,,,,,
12527,Đậu hũ xào bông cải,Đậu hũ xào bông cải,Đậu hũ chiên,Bông cải trắng,,,,,,,,,,,,,,,,,,,,,,,,,,,,
12528,Chả lụa chay kho đậu hủ,Chả lụa chay kho đậu hủ,Chả lụa chay,Đậu hũ chiên,,,,,,,,,,,,,,,,,,,,,,,,,,,,
12529,Dừa kho,Dừa kho,Cùi dừa,,,,,,,,,,,,,,,,,,,,,,,,,,,,,
12530,Khổ qua dồn chay,Khổ qua dồn chay nhân đậu xanh,Khổ qua,Nấm mèo,Đậu xanh không vỏ,Đậu hũ trắng,,,,,,,,,,,,,,,,,,,,,,,,,,
12531,Khổ qua dồn chay,Khổ qua dồn chay nhân miến,Khổ qua,Nấm mèo,Miến lọn,Đậu hũ trắng,,,,,,,,,,,,,,,,,,,,,,,,,,
12532,Đậu hũ muối sả,Đậu hũ muối sả,Đậu hũ chiên,,,,,,,,,,,,,,,,,,,,,,,,,,,,,
12533,Đậu hũ muối sả,Đậu hũ muối sả trứng,Đậu hũ chiên,Trứng gà 300 quả/cây,,,,,,,,,,,,,,,,,,,,,,,,,,,,
12534,Đậu hũ om kim châm,Đậu hũ om kim châm,Đậu hũ non hộp,Nấm kim châm,,,,,,,,,,,,,,,,,,,,,,,,,,,,
12535,Đậu hũ kho cà tím,Đậu hũ kho cà tím,Cà tím,Chả lụa chay,Đậu hũ chiên,,,,,,,,,,,,,,,,,,,,,,,,,,,
12536,Đậu hũ chiên xù,Đậu hũ chiên xù,Đậu hũ trắng,,,,,,,,,,,,,,,,,,,,,,,,,,,,,
12537,Gỏi mít,Gỏi mít,Mít non,Cà rốt,Chả lụa chay,Hành tây,,,,,,,,,,,,,,,,,,,,,,,,,,
12538,Đậu hũ non sốt cà,Đậu hũ non sốt cà,Đậu hũ non hộp,Cà chua,,,,,,,,,,,,,,,,,,,,,,,,,,,,
12539,Gỏi rau má,Gỏi rau má sườn non chay,Rau má,Sườn non chay,Cà rốt,,,,,,,,,,,,,,,,,,,,,,,,,,,
12540,Gỏi rau má,Gỏi rau má chả lụa chay,Rau má,Chả lụa chay,Rau càng cua,,,,,,,,,,,,,,,,,,,,,,,,,,,
12541,Đậu hũ sốt nấm,Đậu hũ sốt nấm linh chi,Đậu hũ chiên,Nấm linh chi trắng đen,,,,,,,,,,,,,,,,,,,,,,,,,,,,
12542,Đậu hũ sốt nấm,Đậu hũ sốt nấm cà chua,Đậu hũ trắng,Nấm đùi gà,Cà chua,,,,,,,,,,,,,,,,,,,,,,,,,,,
12543,Đậu hũ sốt nấm,Đậu hũ sốt nấm đùi gà,Đậu hũ chiên,Nấm đùi gà,,,,,,,,,,,,,,,,,,,,,,,,,,,,
12544,Đậu phộng rim tỏi ớt,Đậu phộng rim tỏi ớt,Đậu phộng sống,,,,,,,,,,,,,,,,,,,,,,,,,,,,,
12545,Canh súp,Canh súp,Cà rốt,Bắp cải trắng,Su su,,,,,,,,,,,,,,,,,,,,,,,,,,,
12546,Cơm chiên chay,Cơm chiên chay,Đậu hũ chiên,Chả giò xốp chay,Cà rốt,,,,,,,,,,,,,,,,,,,,,,,,,,,
12547,Cơm chiên chay,Cơm chiên chay thập cẩm,Chả lụa chay,Đậu ve,Chả giò xốp chay,,,,,,,,,,,,,,,,,,,,,,,,,,,
12548,Đậu hũ dồn chay,Đậu hũ dồn chay,Đậu hũ chiên mổ bụng,Đậu hũ trắng,Nấm mèo,,,,,,,,,,,,,,,,,,,,,,,,,,,
12549,Đậu hũ dồn chay,Đậu hũ dồn chay nhân miến đậu,Đậu hũ chiên mổ bụng,Đậu hũ trắng,Đậu xanh không vỏ,Miến lọn,Nấm mèo,,,,,,,,,,,,,,,,,,,,,,,,,
12550,Lagu chay,Lagu chay,Cà rốt,Khoai lang,Khoai tây,,,,,,,,,,,,,,,,,,,,,,,,,,,
12551,Canh rau ngót,Canh rau ngót,Rau ngót,Thịt xay,,,,,,,,,,,,,,,,,,,,,,,,,,,,
12552,Mì ý chay,Mì ý chay nấm,Mì 6 vắt,Đậu hũ chiên,Nấm đùi gà,,,,,,,,,,,,,,,,,,,,,,,,,,,
12553,Mì ý chay,Mì ý chay sốt cà,Mì 6 vắt,Đậu hũ chiên,Cà chua,,,,,,,,,,,,,,,,,,,,,,,,,,,
12554,Mì ý chay,Mì ý chay rau củ,Mì 6 vắt,Đậu hũ chiên,Cà rốt,,,,,,,,,,,,,,,,,,,,,,,,,,,
12555,Mì căn xào,Mì căn xào,Mì căn (ruột chay non),Dưa chua,,,,,,,,,,,,,,,,,,,,,,,,,,,,
12556,Canh rong biển,Canh rong biển,Rong biển,Đậu hũ trắng,Nghêu,,,,,,,,,,,,,,,,,,,,,,,,,,,
12557,Đậu hũ sốt cà,Đậu hũ sốt cà,Đậu hũ chiên,Cà chua,,,,,,,,,,,,,,,,,,,,,,,,,,,,
12558,Chả lụa chay rim tỏi ớt,Chả lụa chay rim tỏi ớt,Chả lụa chay,,,,,,,,,,,,,,,,,,,,,,,,,,,,,
12559,Đùi gà chay rim,Đùi gà chay rim,Đùi gà chay,,,,,,,,,,,,,,,,,,,,,,,,,,,,,
12560,Gỏi chay,Gỏi sườn non chay,Chả lụa chay,Sườn non chay,,,,,,,,,,,,,,,,,,,,,,,,,,,,
12561,Gỏi chay,Gỏi chay hành tây,Chả lụa chay,Sườn non chay,Hành tây,,,,,,,,,,,,,,,,,,,,,,,,,,,
12562,Gỏi chay,Gỏi chay thập cẩm,Sườn non chay,Hành tây,Dưa leo,Cà rốt,,,,,,,,,,,,,,,,,,,,,,,,,,
12563,Mì xào chay,Mì xào chay,Mì ký xanh 1kg/túi (10 túi/ thùng),,,,,,,,,,,,,,,,,,,,,,,,,,,,,
12564,Mì xào chay,Mì xào chay đậu hũ nấm,Mì ký xanh 1kg/túi (10 túi/ thùng),Đậu hũ chiên,Nấm đùi gà,,,,,,,,,,,,,,,,,,,,,,,,,,,
12565,Mì xào chay,Mì xào chay đặc biệt,Mì ký xanh 1kg/túi (10 túi/ thùng),Đậu hũ chiên,Chả giò xốp tôm thịt,Nấm đùi gà,,,,,,,,,,,,,,,,,,,,,,,,,,
12566,Gỏi ngó sen,Gỏi ngó sen chay,Ngó sen,Dưa leo,Chả lụa chay,,,,,,,,,,,,,,,,,,,,,,,,,,,
12567,Gỏi ngó sen,Gỏi ngó sen thịt,Ngó sen,Thịt heo vai tươi,Hành tây,Cà rốt,Rau răm,,,,,,,,,,,,,,,,,,,,,,,,,
12568,Chả lụa chay rim thơm,Chả lụa chay rim thơm,Chả lụa chay,Thơm gọt,,,,,,,,,,,,,,,,,,,,,,,,,,,,
12569,Đậu hũ rim chả lụa,Đậu hũ rim chả lụa,Đậu hũ chiên,Chả lụa chay,,,,,,,,,,,,,,,,,,,,,,,,,,,,
12570,Hủ tiếu chay,Hủ tiếu chay,Hủ tiếu tươi,Đậu hũ chiên,Su su,Tàu hũ ki tươi,,,,,,,,,,,,,,,,,,,,,,,,,,
12571,Khoai môn kho chay,Khoai môn kho chay,Khoai môn,,,,,,,,,,,,,,,,,,,,,,,,,,,,,
12572,Canh súp xương,Canh súp xương,Xương heo,Cà rốt,Khoai tây,,,,,,,,,,,,,,,,,,,,,,,,,,,
12573,Đậu hũ kho gừng,Đậu hũ kho gừng,Đậu hũ chiên,,,,,,,,,,,,,,,,,,,,,,,,,,,,,
12574,Đậu hũ non sốt nấm,Đậu hũ non sốt nấm,Đậu hũ non hộp,Nấm linh chi trắng đen,,,,,,,,,,,,,,,,,,,,,,,,,,,,
12575,Ham chay rim,Ham chay rim,Ham chay,,,,,,,,,,,,,,,,,,,,,,,,,,,,,
12576,Ham chay rim,Ham chay rim chả lụa,Ham chay,Chả lụa chay,,,,,,,,,,,,,,,,,,,,,,,,,,,,
12577,Đậu phộng rang muối,Đậu phộng rang muối,Đậu phộng sống,,,,,,,,,,,,,,,,,,,,,,,,,,,,,
12578,Khoai tây kho chay,Khoai tây kho chay,Khoai tây,,,,,,,,,,,,,,,,,,,,,,,,,,,,,
12579,Khoai tây kho chay,Khoai tây kho mắm chay,Khoai tây,Mắm thái chay,,,,,,,,,,,,,,,,,,,,,,,,,,,,
12580,Chả cá bọc trứng cút,Chả cá bọc trứng cút,Cá sống,Mọc,Trứng cút,,,,,,,,,,,,,,,,,,,,,,,,,,,
12581,Hủ tiếu bò kho,Hủ tiếu bò kho,Hủ tiếu tươi,Bò nạm,Cà rốt,,,,,,,,,,,,,,,,,,,,,,,,,,,
12582,Khô lưỡi trâu sốt chua ngọt,Khô lưỡi trâu sốt chua ngọt,Cá khô lưỡi trâu,,,,,,,,,,,,,,,,,,,,,,,,,,,,,
12583,Miến măng gà,Miến măng gà,Miến vàng,Gà tam hoàng,File không da tươi,,,,,,,,,,,,,,,,,,,,,,,,,,,
12584,Gà kho măng,Gà kho măng,Má gà tươi,Măng tươi,,,,,,,,,,,,,,,,,,,,,,,,,,,,
12585,Hủ tiếu mì xương hoành thánh,Hủ tiếu mì hoành thánh,Hủ tiếu tươi,Mì vàng,Thịt xay,,,,,,,,,,,,,,,,,,,,,,,,,,,
12586,Hủ tiếu mì xương hoành thánh,Hủ tiếu mì xương,Hủ tiếu tươi,Mì vàng,Xương heo,,,,,,,,,,,,,,,,,,,,,,,,,,,
12587,Hủ tiếu mì xương hoành thánh,Hủ tiếu mì thịt,Hủ tiếu tươi,Mì vàng,Thịt heo nạc vai,,,,,,,,,,,,,,,,,,,,,,,,,,,
12588,Chè đậu xanh,Chè đậu xanh,Đậu xanh không vỏ,Dừa ép,,,,,,,,,,,,,,,,,,,,,,,,,,,,
12589,Chè thưng,Chè thưng,Bột báng,Đậu xanh không vỏ,Bột khoai,Khoai lang,Dừa ép,,,,,,,,,,,,,,,,,,,,,,,,,
12590,Chè thưng,Chè thưng đậu phộng,Bột báng,Đậu xanh không vỏ,Đậu phộng sống,Khoai lang,Bột khoai,Dừa ép,,,,,,,,,,,,,,,,,,,,,,,,
12591,Hủ tiếu gà,Hủ tiếu gà,Hủ tiếu tươi,,,,,,,,,,,,,,,,,,,,,,,,,,,,,
12592,Hủ tiếu xương,Hủ tiếu xương,Hủ tiếu tươi,Thịt heo vai tươi,Xương heo,,,,,,,,,,,,,,,,,,,,,,,,,,,
12593,Hủ tiếu xương,Hủ tiếu xương mọc,Hủ tiếu tươi,Xương heo,Mọc,,,,,,,,,,,,,,,,,,,,,,,,,,,
12594,Hủ tiếu xương,Hủ tiếu xương nguyên chất,Hủ tiếu tươi,Xương heo,,,,,,,,,,,,,,,,,,,,,,,,,,,,
12595,Hủ tiếu xương,Hủ tiếu xương thịt,Hủ tiếu tươi,Xương heo,Thịt heo nạc vai,,,,,,,,,,,,,,,,,,,,,,,,,,,
12596,Hủ tiếu xương,Hủ tiếu xương đùi heo,Hủ tiếu tươi,Xương heo,Thịt đùi heo tươi,,,,,,,,,,,,,,,,,,,,,,,,,,,
12597,Chả lụa rim thơm,Chả lụa rim thơm,Chả lụa,Thơm gọt,,,,,,,,,,,,,,,,,,,,,,,,,,,,
12598,Gà kho tiêu xanh,Gà kho tiêu xanh,Má gà tươi,,,,,,,,,,,,,,,,,,,,,,,,,,,,,
12599,Hủ tiếu mì thập cẩm hoành thánh,Hủ tiếu mì tôm thẻ size 60,Hủ tiếu tươi,Mì vàng,Tôm thẻ size 60 con,,,,,,,,,,,,,,,,,,,,,,,,,,,
12600,Hủ tiếu mì thập cẩm hoành thánh,Hủ tiếu mì thịt bằm,Hủ tiếu tươi,Mì vàng,Thịt xay,,,,,,,,,,,,,,,,,,,,,,,,,,,
12601,Ép tắc,Ép tắc,Hành tây,Tắc,Trà đào cozy hòa tan 16 gói/hộp,Hồng trà túi 1kg,,,,,,,,,,,,,,,,,,,,,,,,,,
12602,Hủ tiếu mì khô xá xíu,Hủ tiếu mì khô xá xíu,Hủ tiếu tươi,Mì vàng,Thịt heo nạc vai,Thịt xay,,,,,,,,,,,,,,,,,,,,,,,,,,
12603,Chả chiên rim mắm,Chả chiên rim mắm,Chả chiên,,,,,,,,,,,,,,,,,,,,,,,,,,,,,
12604,Chả chiên rim mắm,Chả lụa rim mắm,Chả lụa,,,,,,,,,,,,,,,,,,,,,,,,,,,,,
12605,Gà kho tiêu,Gà kho tiêu,Má gà tươi,,,,,,,,,,,,,,,,,,,,,,,,,,,,,
12606,Chả cá rim,Chả cá rim,Chả cá chiên,,,,,,,,,,,,,,,,,,,,,,,,,,,,,
12607,Chả cá rim,Cá rim,Cá sống,,,,,,,,,,,,,,,,,,,,,,,,,,,,,
12608,Giò bó luộc,Giò bó luộc,Bắp giò rút xương,,,,,,,,,,,,,,,,,,,,,,,,,,,,,
12609,Đậu hũ sốt cà chua,Đậu hũ sốt cà chua,Đậu hũ chiên,Cà chua,,,,,,,,,,,,,,,,,,,,,,,,,,,,
12610,Đùi gà hấp rau răm,Đùi gà hấp rau răm,Đùi tỏi tươi size 6->6.5 cái,,,,,,,,,,,,,,,,,,,,,,,,,,,,,
12611,Đùi gà chiên,Đùi gà chiên,Đùi tỏi tươi size 6->6.5 cái,,,,,,,,,,,,,,,,,,,,,,,,,,,,,
12612,Heo quay kho dưa chua,Heo quay kho dưa chua,Heo quay,Dưa chua,,,,,,,,,,,,,,,,,,,,,,,,,,,,
12613,Dưa chua xào,Dưa chua xào,Dưa chua,,,,,,,,,,,,,,,,,,,,,,,,,,,,,
12614,Gà kho sa tế,Gà kho sa tế,Má gà tươi,,,,,,,,,,,,,,,,,,,,,,,,,,,,,
12615,Mì Quảng,Mì Quảng tôm thịt,Mì quảng,Thịt heo nạc vai,Tôm thẻ size 60 con,,,,,,,,,,,,,,,,,,,,,,,,,,,
12616,Mì Quảng,Mì Quảng trứng cút,Mì quảng,Thịt heo vai tươi,Trứng cút,,,,,,,,,,,,,,,,,,,,,,,,,,,
12617,Mì Quảng,Mì Quảng tôm thịt đặc biệt,Mì quảng,Thịt heo nạc vai,Tôm thẻ size 50 con,,,,,,,,,,,,,,,,,,,,,,,,,,,
12618,Mì Quảng,Mì Quảng tôm,Mì quảng,Thịt heo vai tươi,Tôm thẻ size 100 con,,,,,,,,,,,,,,,,,,,,,,,,,,,
12619,Đậu bắp luộc,Đậu bắp luộc,Đậu bắp,,,,,,,,,,,,,,,,,,,,,,,,,,,,,
12620,Heo quay rim,Heo quay rim,Heo quay,,,,,,,,,,,,,,,,,,,,,,,,,,,,,
12621,Gà kho kim chi,Gà kho kim chi,Má gà tươi,Kim chi,,,,,,,,,,,,,,,,,,,,,,,,,,,,
12622,Đậu hũ kho nấm,Đậu hũ kho nấm trứng,Đậu hũ chiên,Trứng gà 300 quả/cây,,,,,,,,,,,,,,,,,,,,,,,,,,,,
12623,Đậu hũ kho nấm,Đậu hũ kho nấm,Đậu hũ chiên,,,,,,,,,,,,,,,,,,,,,,,,,,,,,
12624,Gà hấp rau răm,Gà hấp rau răm,Má gà tươi,,,,,,,,,,,,,,,,,,,,,,,,,,,,,
12625,Gà hấp rau răm,Gà hấp rau răm đặc biệt,Đùi góc tư tươi,Má gà tươi,,,,,,,,,,,,,,,,,,,,,,,,,,,,
12626,Chè bắp khoai dẻo,Chè bắp khoai dẻo,Bắp bào,Khoai môn,Gạo nếp,Lá dứa,Dừa ép,,,,,,,,,,,,,,,,,,,,,,,,,
12627,Chè bắp khoai dẻo,Chè bắp khoai dẻo lá dứa,Bắp bào,Gạo nếp,Khoai môn,Lá dứa,Dừa ép,,,,,,,,,,,,,,,,,,,,,,,,,
12628,Chè bà ba,Chè bà ba,Khoai lang,Đậu xanh không vỏ,Bột khoai,Bột báng,Dừa ép,,,,,,,,,,,,,,,,,,,,,,,,,
12629,Chè bà ba,Chè bà ba đậu phộng,Khoai lang,Đậu xanh không vỏ,Đậu phộng sống,Bột báng,Bột khoai,Dừa ép,,,,,,,,,,,,,,,,,,,,,,,,
12630,Hải sản chiên xù,Hải sản chiên xù,Mực lá tươi,Tôm thẻ size 100 con,,,,,,,,,,,,,,,,,,,,,,,,,,,,
12631,Hải sản chiên xù,Hải sản chiên xù đặc biệt,Mực lá tươi,Tôm thẻ size 80 con,,,,,,,,,,,,,,,,,,,,,,,,,,,,
12632,Chả cá nha trang rim tỏi ớt,Chả cá Nha Trang rim tỏi ớt,Chả cá nha trang,,,,,,,,,,,,,,,,,,,,,,,,,,,,,
12633,Gà nướng,Gà nướng,Má gà tươi,,,,,,,,,,,,,,,,,,,,,,,,,,,,,
12634,Gà nấu lagu,Gà nấu lagu,Đùi góc tư tươi,,,,,,,,,,,,,,,,,,,,,,,,,,,,,
12635,Dưa hấu,Dưa hấu,Dưa hấu,,,,,,,,,,,,,,,,,,,,,,,,,,,,,
12636,Giò bó áp chảo,Giò bó áp chảo,Bắp giò rút xương,Thịt heo vai tươi,,,,,,,,,,,,,,,,,,,,,,,,,,,,
12637,Đậu hũ kho nấm bông cải,Đậu hũ kho nấm bông cải,Đậu hũ chiên,Nấm đùi gà,Bông cải trắng,,,,,,,,,,,,,,,,,,,,,,,,,,,
12638,Đậu hũ kho nấm bông cải,Đậu hũ kho nấm rau củ,Đậu hũ chiên,Nấm đùi gà,Cà rốt,Bông cải trắng,,,,,,,,,,,,,,,,,,,,,,,,,,
12639,Gà lagu,Gà lagu,Đùi góc tư tươi,,,,,,,,,,,,,,,,,,,,,,,,,,,,,
12640,Gà lagu,Gà lagu đặc biệt,Má gà tươi,,,,,,,,,,,,,,,,,,,,,,,,,,,,,
12641,Gà lagu,Gà lagu thập cẩm,Má gà tươi,Đùi góc tư tươi,,,,,,,,,,,,,,,,,,,,,,,,,,,,
12642,Gà kho nấm,Gà kho nấm cà rốt,Má gà tươi,Nấm đông cô,Cà rốt,,,,,,,,,,,,,,,,,,,,,,,,,,,
12643,Gà kho nấm,Gà kho nấm,Má gà tươi,Nấm đông cô,,,,,,,,,,,,,,,,,,,,,,,,,,,,
12644,Chạo thịt,Chạo thịt,Thịt xay,Mọc,,,,,,,,,,,,,,,,,,,,,,,,,,,,
12645,Mì Quảng gà,Mì Quảng gà,Mì quảng,Gà tam hoàng,Trứng cút,,,,,,,,,,,,,,,,,,,,,,,,,,,
12646,Gỏi thịt,Gỏi thịt,Thịt heo nạc vai,,,,,,,,,,,,,,,,,,,,,,,,,,,,,
12647,Gỏi thịt,Gỏi thịt luộc,Thịt heo vai tươi,,,,,,,,,,,,,,,,,,,,,,,,,,,,,
12648,Đùi gà quay,Đùi gà quay,Đùi tỏi tươi size 6->6.5 cái,,,,,,,,,,,,,,,,,,,,,,,,,,,,,
12649,Giò heo hầm măng,Giò heo hầm măng,Giò heo chặt khoanh,Măng tươi,,,,,,,,,,,,,,,,,,,,,,,,,,,,
12650,Chả cá rim thơm,Chả cá rim thơm,Chả cá chiên,Thơm gọt,,,,,,,,,,,,,,,,,,,,,,,,,,,,
12651,Chả cá rim thơm,Cá rim thơm,Cá sống,Thơm gọt,,,,,,,,,,,,,,,,,,,,,,,,,,,,
12652,Chả lụa rim nước mắm,Chả lụa rim nước mắm,Chả lụa,,,,,,,,,,,,,,,,,,,,,,,,,,,,,
12653,Chả lụa rim mắm,Chả lụa rim mắm,Chả lụa,,,,,,,,,,,,,,,,,,,,,,,,,,,,,
12654,Gà xào sả ớt,Gà xào sả ớt,Má gà tươi,,,,,,,,,,,,,,,,,,,,,,,,,,,,,
12655,Dưa chua muối xổi,Dưa chua muối xổi,Dưa chua,,,,,,,,,,,,,,,,,,,,,,,,,,,,,
12656,Chả cá nha trang rim mắm,Chả cá nha trang rim mắm,Chả cá nha trang,,,,,,,,,,,,,,,,,,,,,,,,,,,,,
12657,Gỏi gà,Gỏi gà,File không da tươi,,,,,,,,,,,,,,,,,,,,,,,,,,,,,
12658,Hủ tiếu mì hoành thánh,Hủ tiếu mì hoành thánh,Hủ tiếu tươi,Lá gói hoành thánh,Thịt xay,,,,,,,,,,,,,,,,,,,,,,,,,,,
12659,Hủ tiếu mì hoành thánh,Hủ tiếu mì thịt bằm,Hủ tiếu tươi,Mì vàng,Thịt xay,,,,,,,,,,,,,,,,,,,,,,,,,,,
12660,Hủ tiếu mì hoành thánh,Hủ tiếu mì hoành thánh tôm,Hủ tiếu tươi,Lá gói hoành thánh,Thịt xay,Tôm thẻ size 50 con,,,,,,,,,,,,,,,,,,,,,,,,,,
12661,Gà sốt chua ngọt,Gà sốt chua ngọt,Má gà tươi,,,,,,,,,,,,,,,,,,,,,,,,,,,,,
12662,Gỏi tai heo,Gỏi tai heo,Tai mũi,Thịt heo vai tươi,,,,,,,,,,,,,,,,,,,,,,,,,,,,
12663,Cotlet ram mỡ hành,Sườn cotlet ram mỡ hành,Cotlet không chặt,,,,,,,,,,,,,,,,,,,,,,,,,,,,,
12664,Cotlet ram mỡ hành,Sườn cotlet ram,Cotlet chặt (1kg/11 miếng),,,,,,,,,,,,,,,,,,,,,,,,,,,,,
12665,Cotlet ram mỡ hành,Sườn cotlet đặc biệt,Cotlet chặt (1kg/13 miếng),,,,,,,,,,,,,,,,,,,,,,,,,,,,,
12666,Mì cay,Mì cay,Mì hàn quốc,Bò tái,Cá viên 1000gr/gói,Thanh cua,Tôm thẻ size 50 con,,,,,,,,,,,,,,,,,,,,,,,,,
12667,Hải sản chiên giòn,Tôm thẻ size 100 chiên giòn,Mực lá tươi,Tôm thẻ size 100 con,,,,,,,,,,,,,,,,,,,,,,,,,,,,
12668,Hải sản chiên giòn,Tôm thẻ size 80 chiên giòn,Mực lá tươi,Tôm thẻ size 80 con,,,,,,,,,,,,,,,,,,,,,,,,,,,,
12669,Chả lụa kho tiêu,Chả lụa kho tiêu,Chả lụa,,,,,,,,,,,,,,,,,,,,,,,,,,,,,
12670,Chạo thịt rim tỏi ớt,Chạo thịt rim tỏi ớt,Thịt xay,Mọc,,,,,,,,,,,,,,,,,,,,,,,,,,,,
12671,Đùi gà sốt chua ngọt,Đùi gà sốt chua ngọt,Đùi tỏi gà đông size 6->6.5 cái,,,,,,,,,,,,,,,,,,,,,,,,,,,,,
12672,Lạp xưởng,Lạp xưởng,Lạp xưởng khô,,,,,,,,,,,,,,,,,,,,,,,,,,,,,
12673,Gà kho thơm,Gà kho thơm,Má gà tươi,,,,,,,,,,,,,,,,,,,,,,,,,,,,,
12674,Chả chiên kho tiêu,Chả chiên kho tiêu,Chả chiên,,,,,,,,,,,,,,,,,,,,,,,,,,,,,
12675,Chả lụa rim trúng cút,Chả lụa rim trúng cút,Chả lụa,Trứng cút,,,,,,,,,,,,,,,,,,,,,,,,,,,,
12676,Đùi gà nướng,Đùi gà nướng,Đùi tỏi tươi size 6->6.5 cái,,,,,,,,,,,,,,,,,,,,,,,,,,,,,
12677,Hủ tiếu bò kho bánh mì,Hủ tiếu bò kho bánh mì,Hủ tiếu tươi,Bánh mì giòn,Bò nạm,Cà rốt,,,,,,,,,,,,,,,,,,,,,,,,,,
12678,Hủ tiếu hoành thánh,Hủ tiếu hoành thánh,Hủ tiếu tươi,Thịt heo nạc vai,Thịt xay,,,,,,,,,,,,,,,,,,,,,,,,,,,
12679,Hủ tiếu hoành thánh,Hủ tiếu hoành thánh thịt,Hủ tiếu tươi,Thịt heo vai tươi,Lá gói hoành thánh,,,,,,,,,,,,,,,,,,,,,,,,,,,
12680,Hủ tiếu hoành thánh,Hủ tiếu hoành đùi heo tươi,Hủ tiếu tươi,Lá gói hoành thánh,Thịt đùi heo tươi,,,,,,,,,,,,,,,,,,,,,,,,,,,
12681,Hủ tiếu hoành thánh,Hủ tiếu hoành thánh tôm,Hủ tiếu tươi,Lá gói hoành thánh,Thịt xay,Tôm thẻ size 50 con,,,,,,,,,,,,,,,,,,,,,,,,,,
12682,Hủ tiếu hoành thánh,Hủ tiếu hoành thánh nạc vai heo,Hủ tiếu tươi,Lá gói hoành thánh,Thịt heo nạc vai,,,,,,,,,,,,,,,,,,,,,,,,,,,
12683,File cá chiên sả,File cá chiên sả,Cá ba sa không đầu,,,,,,,,,,,,,,,,,,,,,,,,,,,,,
12684,Khô cá chỉ vàng rim tỏi ớt,Khô cá chỉ vàng rim tỏi ớt,Khô cá chỉ vàng,,,,,,,,,,,,,,,,,,,,,,,,,,,,,
12685,Ếch xào lăn,Ếch xào lăn,Ếch,,,,,,,,,,,,,,,,,,,,,,,,,,,,,
12686,Chả trứng hấp,Chả trứng hấp,Trứng gà 300 quả/cây,Thịt xay,Nấm mèo,,,,,,,,,,,,,,,,,,,,,,,,,,,
12687,Đậu hũ dồn thịt,Đậu hũ dồn thịt,Đậu hũ chiên mổ bụng,Thịt xay,,,,,,,,,,,,,,,,,,,,,,,,,,,,
12688,Đậu hũ dồn thịt,Đậu hũ dồn thịt chiên,Đậu hũ chiên,Thịt xay,,,,,,,,,,,,,,,,,,,,,,,,,,,,
12689,Cơm chiên opla 2 trứng,Cơm chiên trứng lạp xưởng,Trứng gà 300 quả/cây,Đậu ve,Chả lụa,Lạp xưởng tươi,,,,,,,,,,,,,,,,,,,,,,,,,,
12690,Cơm chiên opla 2 trứng,Cơm chiên cá khô,Trứng gà 300 quả/cây,Cá khô đù,,,,,,,,,,,,,,,,,,,,,,,,,,,,
12691,Dưa leo,Dưa leo,Dưa leo,,,,,,,,,,,,,,,,,,,,,,,,,,,,,
12692,Chả lụa rim ớt chuông,Chả lụa rim ớt chuông,Chả lụa,Hành tây,Ớt chuông đỏ,,,,,,,,,,,,,,,,,,,,,,,,,,,
12693,Gà nấu tiêu xanh,Gà nấu tiêu xanh,Má gà tươi,,,,,,,,,,,,,,,,,,,,,,,,,,,,,
12694,Gỏi đu đủ,Gỏi đu đủ,Đu đủ xanh gọt,,,,,,,,,,,,,,,,,,,,,,,,,,,,,
12695,Mì xào bò,Mì xào bò,Mì ký xanh 1kg/túi (10 túi/ thùng),Bò tái,Hành tây,Giá,,,,,,,,,,,,,,,,,,,,,,,,,,
12696,Gà chiên nước mắm,Gà chiên nước mắm,Má gà tươi,,,,,,,,,,,,,,,,,,,,,,,,,,,,,
12697,Gà sốt tiêu xanh,Gà sốt tiêu xanh,Má gà tươi,,,,,,,,,,,,,,,,,,,,,,,,,,,,,
12698,Mì cay hải sản,Mì cay hải sản,Mì hàn quốc,Cá viên 1000gr/gói,Thanh cua,,,,,,,,,,,,,,,,,,,,,,,,,,,
12699,Mì cay hải sản,Mì cay bò hải sản,Mì hàn quốc,Bò tái,Tôm thẻ size 50 con,,,,,,,,,,,,,,,,,,,,,,,,,,,
12700,Mì cay hải sản,Mì cay thập cẩm,Mì hàn quốc,Ba chỉ bò mỹ cuộn,Thanh cua,Cá viên 1000gr/gói,,,,,,,,,,,,,,,,,,,,,,,,,,
12701,Cơm chiên đùi gà,Cơm chiên đùi gà,Đùi tỏi tươi size 6->6.5 cái,Bắp cải tím,Hành tây,Xà lách caron,,,,,,,,,,,,,,,,,,,,,,,,,,
12702,Hủ tiếu xá xíu hoành thánh,Hủ tiếu xá xíu nạc vai,Hủ tiếu tươi,Thịt heo nạc vai,Thịt xay,,,,,,,,,,,,,,,,,,,,,,,,,,,
12703,Hủ tiếu xá xíu hoành thánh,Hủ tiếu xá xíu thịt xay,Hủ tiếu tươi,Lá gói hoành thánh,Thịt xay,,,,,,,,,,,,,,,,,,,,,,,,,,,
12704,Mắm chưng,Mắm chưng,Mắm linh xay,Thịt xay,Trứng gà 300 quả/cây,,,,,,,,,,,,,,,,,,,,,,,,,,,
12705,Chả cá sốt cà chua,Chả cá sốt cà chua,Chả cá chiên,Cà chua,,,,,,,,,,,,,,,,,,,,,,,,,,,,
12706,Chả cá sốt cà chua,Cá sốt cà chua,Cá sống,Cà chua,,,,,,,,,,,,,,,,,,,,,,,,,,,,
12707,Chả giò chiên,Chả giò chiên,Chả giò xốp tôm thịt,,,,,,,,,,,,,,,,,,,,,,,,,,,,,
12708,Chả giò chiên,Chả giò chay,Chả giò xốp chay,,,,,,,,,,,,,,,,,,,,,,,,,,,,,
12709,Gà sốt bơ tỏi,Gà sốt bơ tỏi,Má gà tươi,,,,,,,,,,,,,,,,,,,,,,,,,,,,,
12710,Gỏi gà bắp cải,Gỏi gà bắp cải,File không da tươi,Bắp cải trắng,,,,,,,,,,,,,,,,,,,,,,,,,,,,
12711,Đùi gà rang muối,Đùi gà rang muối,Đùi tỏi tươi size 6->6.5 cái,,,,,,,,,,,,,,,,,,,,,,,,,,,,,
12712,Cơm chiên cánh gà,Cơm chiên cánh gà,Cánh gà tươi size 8,,,,,,,,,,,,,,,,,,,,,,,,,,,,,
12713,Gỏi bò chua cay,Gỏi bò chua cay,Bò tái,,,,,,,,,,,,,,,,,,,,,,,,,,,,,
12714,Chả thịt,Chả thịt,Thịt xay,,,,,,,,,,,,,,,,,,,,,,,,,,,,,
12715,Mì ý sốt bò bằm,Mì ý sốt bò bằm,Mì 6 vắt,Bò xay,,,,,,,,,,,,,,,,,,,,,,,,,,,,
12716,Mì ý sốt bò bằm,Mì ý bò bằm cà chua,Mì 6 vắt,Bò xay,Cà chua,Hành tây,Trứng gà 300 quả/cây,,,,,,,,,,,,,,,,,,,,,,,,,
12717,Khổ qua xào trứng,Khổ qua xào trứng,Khổ qua,Trứng gà 300 quả/cây,,,,,,,,,,,,,,,,,,,,,,,,,,,,
12718,Khổ qua xào trứng,Khổ qua xào trứng đậu hũ,Khổ qua,Đậu hũ trắng,Trứng gà 300 quả/cây,,,,,,,,,,,,,,,,,,,,,,,,,,,
12719,Khổ qua xào trứng,Khổ qua xào đậu phộng,Khổ qua,Đậu phộng sống,Đậu hũ trắng,,,,,,,,,,,,,,,,,,,,,,,,,,,
12720,Má gà xối mỡ,Má gà xối mỡ,Má gà tươi,,,,,,,,,,,,,,,,,,,,,,,,,,,,,
12721,Gà kho lá chanh,Gà kho lá chanh,Má gà tươi,,,,,,,,,,,,,,,,,,,,,,,,,,,,,
12722,Miến gà,Miến gà măng,Miến vàng,Măng tươi,File không da tươi,,,,,,,,,,,,,,,,,,,,,,,,,,,
12723,Miến gà,Miến gà đùi,Miến vàng,Đùi tỏi tươi size 6->6.5 cái,,,,,,,,,,,,,,,,,,,,,,,,,,,,
12724,Má gà nướng,Má gà nướng,Má gà tươi,,,,,,,,,,,,,,,,,,,,,,,,,,,,,
12725,Chả cá thì là,Chả cá thì là,Cá sống,Mọc,Thịt xay,,,,,,,,,,,,,,,,,,,,,,,,,,,
12727,Giá hẹ chua ngọt,Giá hẹ chua ngọt,Cà rốt,Giá,Hẹ,,,,,,,,,,,,,,,,,,,,,,,,,,,
12728,Gà kho sả ớt,Gà kho sả ớt,Má gà tươi,,,,,,,,,,,,,,,,,,,,,,,,,,,,,
12729,Gà quay,Gà quay,Má gà tươi,,,,,,,,,,,,,,,,,,,,,,,,,,,,,
12730,Đậu đũa xào,Đậu đũa xào,Đậu đũa,,,,,,,,,,,,,,,,,,,,,,,,,,,,,
12731,Gỏi bắp cải,Gỏi bắp cải,Bắp cải trắng,,,,,,,,,,,,,,,,,,,,,,,,,,,,,
12732,Gỏi bò,Gỏi thịt heo trộn chua ngọt,Thịt đùi heo tươi,,,,,,,,,,,,,,,,,,,,,,,,,,,,,
12733,Gỏi bò,Gỏi bò tái chua cay,Bò tái,,,,,,,,,,,,,,,,,,,,,,,,,,,,,
12734,Gỏi củ hũ dừa,Gỏi củ hũ dừa,Củ hủ dừa,Thịt heo nạc vai,,,,,,,,,,,,,,,,,,,,,,,,,,,,
12735,Gà hấp lá chanh,Gà hấp lá chanh,Đùi góc tư tươi,,,,,,,,,,,,,,,,,,,,,,,,,,,,,
12736,Hủ tiếu mì thịt,Hủ tiếu mì thịt bằm,Hủ tiếu tươi,Mì vàng,Thịt xay,,,,,,,,,,,,,,,,,,,,,,,,,,,
12737,Hủ tiếu mì thịt,Hủ tiếu mì củ cải thanh ngọt,Hủ tiếu tươi,Mì vàng,Củ cải trắng,,,,,,,,,,,,,,,,,,,,,,,,,,,
12738,Mì đùi gà tiềm,Mì đùi gà tiềm,Mì vàng,Đùi tỏi tươi size 6->6.5 cái,,,,,,,,,,,,,,,,,,,,,,,,,,,,
12739,Mì đùi gà tiềm,Mì đùi gà tiềm nấm 6 vắt,Mì 6 vắt,Đùi tỏi tươi size 6->6.5 cái,Nấm đông cô,,,,,,,,,,,,,,,,,,,,,,,,,,,
12740,Cơm chiên dương châu,Cơm chiên dương châu,Chả lụa,Đậu ve,Cà rốt,Lạp xưởng tươi,,,,,,,,,,,,,,,,,,,,,,,,,,
12741,Chả lụa rim,Chả lụa rim,Chả lụa,,,,,,,,,,,,,,,,,,,,,,,,,,,,,
12742,Gà kho gừng,Gà kho gừng,Má gà tươi,,,,,,,,,,,,,,,,,,,,,,,,,,,,,
12743,Chạo tôm,Chạo tôm,Tôm lột,Mọc,Thịt xay,,,,,,,,,,,,,,,,,,,,,,,,,,,
12744,Hủ tiếu mì nam vang,Hủ tiếu mì nam vang,Hủ tiếu tươi,Mì vàng,Trứng cút,,,,,,,,,,,,,,,,,,,,,,,,,,,
12745,Hủ tiếu xương hoành thánh,Hủ tiếu xương hoành thánh,Hủ tiếu tươi,Xương heo,Thịt xay,,,,,,,,,,,,,,,,,,,,,,,,,,,
12746,Heo quay kho trứng,Heo quay kho trứng,Heo quay,,,,,,,,,,,,,,,,,,,,,,,,,,,,,
12747,Má gà quay,Má gà quay,Má gà tươi,,,,,,,,,,,,,,,,,,,,,,,,,,,,,
12748,Đậu bắp luộc chao,Đậu bắp luộc chao,Đậu bắp,,,,,,,,,,,,,,,,,,,,,,,,,,,,,
12749,Ếch xào sả ớt,Ếch xào sả ớt,Ếch,,,,,,,,,,,,,,,,,,,,,,,,,,,,,
12750,Mì xào thập cẩm,Mì xào thập cẩm,Mì ký xanh 1kg/túi (10 túi/ thùng),Đậu hũ chiên,Nấm đùi gà,,,,,,,,,,,,,,,,,,,,,,,,,,,
12751,Gỏi bò rau càng cua,Gỏi bò rau càng cua,Rau càng cua,Bò tái,,,,,,,,,,,,,,,,,,,,,,,,,,,,
12752,Chả cá rim tỏi ớt,Chả cá rim tỏi ớt cay,Chả cá chiên,,,,,,,,,,,,,,,,,,,,,,,,,,,,,
12753,Chả cá rim tỏi ớt,Chả cá Nha Trang rim tỏi ớt,Chả cá nha trang,,,,,,,,,,,,,,,,,,,,,,,,,,,,,
12754,Chả chiên rim ớt chuông,Chả chiên xào ớt chuông xanh,Chả chiên,Hành tây,Ớt chuông xanh,,,,,,,,,,,,,,,,,,,,,,,,,,,
12755,Chả chiên rim ớt chuông,Chả lụa xào ớt chuông đỏ,Chả lụa,Hành tây,Ớt chuông đỏ,,,,,,,,,,,,,,,,,,,,,,,,,,,
12756,Mì gà tiềm,Mì gà tiềm nấm đông cô,Mì vàng,Nấm đông cô,Đùi góc tư tươi,,,,,,,,,,,,,,,,,,,,,,,,,,,
12757,Mì gà tiềm,Mì gà tiềm nấm đông cô,Mì vàng,Má gà tươi,Nấm đông cô,,,,,,,,,,,,,,,,,,,,,,,,,,,
12758,Mì gà tiềm,Mì gà tiềm đùi lớn,Mì vàng,Đùi tỏi tươi size 6->6.5 cái,Nấm đông cô,,,,,,,,,,,,,,,,,,,,,,,,,,,
12759,Mì gà tiềm,Mì gà tiềm đùi góc tư,Mì vàng,Đùi tỏi tươi size 6->6.5 cái,Nấm đông cô,Đùi góc tư tươi,,,,,,,,,,,,,,,,,,,,,,,,,,
12760,Khô cá cơm ngào xoài xanh,Khô cá cơm ngào xoài xanh,Cá cơm khô,Xoài xanh,,,,,,,,,,,,,,,,,,,,,,,,,,,,
12761,Mì thập cẩm hoành thánh,Mì thập cẩm hoành thánh,Mì vàng,Lá gói hoành thánh,Thịt heo nạc vai,,,,,,,,,,,,,,,,,,,,,,,,,,,
12762,Chả cá rim trứng cút,Chả cá rim trứng cút,Chả cá chiên,Trứng cút,,,,,,,,,,,,,,,,,,,,,,,,,,,,
12763,Cotlet ram,Sườn cotlet ram mặn,Cotlet chặt (1kg/11 miếng),,,,,,,,,,,,,,,,,,,,,,,,,,,,,
12764,Cotlet ram,Sườn cotlet ram đậm vị,Cotlet chặt (1kg/13 miếng),,,,,,,,,,,,,,,,,,,,,,,,,,,,,
12765,Đậu hũ dồn thịt sốt cà,Đậu hũ dồn thịt sốt cà,Đậu hũ chiên mổ bụng,Thịt xay,Cà chua,,,,,,,,,,,,,,,,,,,,,,,,,,,
12766,Dưa leo rau thơm,Dưa leo rau thơm,Dưa leo,Rau thơm,,,,,,,,,,,,,,,,,,,,,,,,,,,,
12767,Đậu hũ sốt thịt,Đậu hũ sốt thịt bằm,Đậu hũ chiên,Thịt xay,,,,,,,,,,,,,,,,,,,,,,,,,,,,
12768,Đậu hũ sốt thịt,Đậu hũ dồn thịt sốt,Đậu hũ chiên mổ bụng,Thịt xay,,,,,,,,,,,,,,,,,,,,,,,,,,,,
12769,Củ quả kho chay,Củ quả kho chay,Đậu hũ chiên,Nấm đùi gà,Cà rốt,,,,,,,,,,,,,,,,,,,,,,,,,,,
12770,Củ quả kho chay,Củ quả kho bầu,Đậu hũ chiên,Bắp cải trắng,Bầu,Cà rốt,,,,,,,,,,,,,,,,,,,,,,,,,,
12771,Mì Quảng thập cẩm,Mì Quảng tôm size 60,Mì quảng,Thịt heo nạc vai,Tôm thẻ size 60 con,,,,,,,,,,,,,,,,,,,,,,,,,,,
12772,Mì Quảng thập cẩm,Mì Quảng tôm size 50,Mì quảng,Thịt heo nạc vai,Trứng cút,Tôm thẻ size 50 con,,,,,,,,,,,,,,,,,,,,,,,,,,
12773,Giá hẹ xào,Giá hẹ xào,Giá,Cà rốt,Hẹ,,,,,,,,,,,,,,,,,,,,,,,,,,,
12774,Chả cá rim ớt chuông,Chả cá rim ớt chuông tôm,Chả cá chiên,Tôm thẻ size 100 con,Hành tây,Ớt chuông đỏ,,,,,,,,,,,,,,,,,,,,,,,,,,
12775,Chả cá rim ớt chuông,Chả cá rim ớt chuông,Chả cá chiên,Hành tây,Ớt chuông đỏ,,,,,,,,,,,,,,,,,,,,,,,,,,,
12776,Chả cá thác lác,Chả cá thác lác,Cá thác lác,Mọc,Thịt xay,,,,,,,,,,,,,,,,,,,,,,,,,,,
12777,Gà rang muối,Gà rang muối,Má gà tươi,,,,,,,,,,,,,,,,,,,,,,,,,,,,,
12778,Gỏi gà hành tây,Gỏi gà trộn trứng,File không da tươi,Trứng gà 300 quả/cây,,,,,,,,,,,,,,,,,,,,,,,,,,,,
12779,Gỏi gà hành tây,Gỏi gà hành tây,File không da tươi,Hành tây,,,,,,,,,,,,,,,,,,,,,,,,,,,,
12780,Gỏi gà hành tây,Gỏi hành tây gà xé,Má gà tươi,Hành tây,,,,,,,,,,,,,,,,,,,,,,,,,,,,
12781,Chè bắp,Chè bắp nước cốt dừa,Bắp bào,Gạo nếp,Lá dứa,Dừa ép,,,,,,,,,,,,,,,,,,,,,,,,,,
12782,Chè bắp,Chè bắp lá dứa,Bắp bào,Gạo nếp,Lá dứa,Dừa ép,,,,,,,,,,,,,,,,,,,,,,,,,,
12783,Đậu hũ non tứ xuyên sốt thịt,Đậu hũ non tứ xuyên sốt thịt,Đậu hũ non hộp,Thịt xay,,,,,,,,,,,,,,,,,,,,,,,,,,,,
12784,Gỏi tai heo bánh phồng tôm,Gỏi tai heo bánh phồng tôm,Thịt heo nạc vai,Tai mũi,Bánh phồng tôm,,,,,,,,,,,,,,,,,,,,,,,,,,,
12785,Gà xối mỡ,Gà xối mỡ,Má gà tươi,,,,,,,,,,,,,,,,,,,,,,,,,,,,,
12786,Chả cá rim mắm,Chả cá rim mắm,Chả cá chiên,,,,,,,,,,,,,,,,,,,,,,,,,,,,,
12787,Chả lụa rim tỏi ớt,Chả lụa rim tỏi ớt,Chả lụa,,,,,,,,,,,,,,,,,,,,,,,,,,,,,
12788,Chả lụa rim tỏi ớt,Chả lụa rim tỏi ớt,Chả lụa chay,,,,,,,,,,,,,,,,,,,,,,,,,,,,,
12789,Chuối sứ,Chuối sứ,Chuối sứ,,,,,,,,,,,,,,,,,,,,,,,,,,,,,
12790,Đậu hũ non tứ xuyên,Đậu hũ non Tứ Xuyên,Đậu hũ non hộp,,,,,,,,,,,,,,,,,,,,,,,,,,,,,
12791,Đậu hũ non tứ xuyên,Đậu hũ non Tứ Xuyên măng,Đậu hũ non hộp,Măng tươi,,,,,,,,,,,,,,,,,,,,,,,,,,,,
12792,Đậu hũ non tứ xuyên,Đậu hũ non Tứ Xuyên thịt bằm,Đậu hũ non hộp,Thịt xay,,,,,,,,,,,,,,,,,,,,,,,,,,,,
12793,Chả cá nha trang sốt cà chua,Chả cá nha trang sốt cà chua,Chả cá nha trang,Cà chua,,,,,,,,,,,,,,,,,,,,,,,,,,,,
12794,Cotlet nướng,Sườn cotlet nướng,Cotlet chặt (1kg/11 miếng),,,,,,,,,,,,,,,,,,,,,,,,,,,,,
12795,Cotlet nướng,Sườn cotlet nướng đậm vị,Cotlet chặt (1kg/13 miếng),,,,,,,,,,,,,,,,,,,,,,,,,,,,,
12796,Đùi gà chiên xù,Đùi gà chiên xù,Đùi tỏi tươi size 6->6.5 cái,,,,,,,,,,,,,,,,,,,,,,,,,,,,,
12797,Củ quả kho thập cẩm,Củ quả kho thập cẩm,Đậu hũ chiên,Đậu ve,Cà rốt,Su hào,,,,,,,,,,,,,,,,,,,,,,,,,,
12798,Gà hấp hành,Gà hấp hành,Đùi tỏi tươi size 6->6.5 cái,,,,,,,,,,,,,,,,,,,,,,,,,,,,,
12799,Gà kho nấm đông cô,Gà kho nấm đông cô,Má gà tươi,Nấm đông cô,Cà rốt,,,,,,,,,,,,,,,,,,,,,,,,,,,
12800,Gà rô ti,Gà rô ti đậm vị,Má gà tươi,,,,,,,,,,,,,,,,,,,,,,,,,,,,,
12801,Gà rô ti,Gà rô ti phần đùi,Đùi góc tư tươi,,,,,,,,,,,,,,,,,,,,,,,,,,,,,
12802,Hủ tiếu mực,Hủ tiếu mực,Hủ tiếu tươi,Mực khô,Mực lá tươi,Nạc xay,,,,,,,,,,,,,,,,,,,,,,,,,,
12803,Heo cuộn xào kim chi,Heo cuộn xào kim chi,Ba rọi heo cuộn,Kim chi,,,,,,,,,,,,,,,,,,,,,,,,,,,,
12804,Đậu hũ sốt nấm đông cô,Đậu hũ sốt nấm đông cô,Đậu hũ chiên,Nấm đông cô,,,,,,,,,,,,,,,,,,,,,,,,,,,,
12805,Chè trôi nước,Chè trôi nước,Chè trôi nước,,,,,,,,,,,,,,,,,,,,,,,,,,,,,
12806,Đậu hũ sốt thịt cà chua,Đậu hũ sốt thịt,Đậu hũ chiên,Thịt xay,,,,,,,,,,,,,,,,,,,,,,,,,,,,
12807,Đậu hũ sốt thịt cà chua,Đậu hũ sốt thịt cà chua,Đậu hũ chiên,Thịt xay,Cà chua,,,,,,,,,,,,,,,,,,,,,,,,,,,
12808,Đậu hũ kho nấm thơm,Đậu hũ kho nấm thơm khổ qua,Đậu hũ chiên,Khổ qua,Thơm gọt,,,,,,,,,,,,,,,,,,,,,,,,,,,
12809,Đậu hũ kho nấm thơm,Đậu hũ kho nấm thơm đậu đùi gà,Đậu hũ chiên,Thơm gọt,Nấm đùi gà,Khổ qua,Đậu ve,,,,,,,,,,,,,,,,,,,,,,,,,
12810,Đậu hũ kho trứng cút,Đậu hũ kho trứng cút,Đậu hũ chiên,Trứng cút,,,,,,,,,,,,,,,,,,,,,,,,,,,,
12811,Đậu hũ tứ xuyên,Đậu hũ Tứ Xuyên thịt bằm,Đậu hũ non hộp,Thịt xay,,,,,,,,,,,,,,,,,,,,,,,,,,,,
12812,Đậu hũ tứ xuyên,Đậu hũ Tứ Xuyên chay,Đậu hũ trắng,,,,,,,,,,,,,,,,,,,,,,,,,,,,,
12813,Đậu hũ tứ xuyên,Đậu hũ Tứ Xuyên thịt,Đậu hũ trắng,Thịt xay,,,,,,,,,,,,,,,,,,,,,,,,,,,,
12814,Chôm chôm,Chôm chôm,Chôm chôm thường,,,,,,,,,,,,,,,,,,,,,,,,,,,,,
12815,Ếch om chuối,Ếch om chuối,Ếch,Chuối xanh,,,,,,,,,,,,,,,,,,,,,,,,,,,,
12816,Cơm chiên dương châu opla,Cơm chiên dương châu opla,Trứng gà 300 quả/cây,Chả lụa chay,Đậu ve,Lạp xưởng khô,,,,,,,,,,,,,,,,,,,,,,,,,,
12817,Chả thịt lá lốt,Chả thịt lá lốt,Thịt xay,Mọc,,,,,,,,,,,,,,,,,,,,,,,,,,,,
12818,Ếch chiên nước mắm,Ếch chiên nước mắm,Ếch,,,,,,,,,,,,,,,,,,,,,,,,,,,,,
12819,Lòng gà xào mướp,Lòng gà xào mướp,Lòng gà,Mướp,,,,,,,,,,,,,,,,,,,,,,,,,,,,
12820,Hủ tiếu mì xương,Hủ tiếu mì xương,Hủ tiếu tươi,Xương heo,Thịt heo nạc vai,,,,,,,,,,,,,,,,,,,,,,,,,,,
12821,Hủ tiếu nam vang,Hủ tiếu Nam Vang trứng cút,Hủ tiếu tươi,Thịt heo nạc vai,Trứng cút,,,,,,,,,,,,,,,,,,,,,,,,,,,
12822,Hủ tiếu nam vang,Hủ tiếu Nam Vang tôm,Hủ tiếu tươi,Thịt heo nạc vai,Tôm thẻ size 100 con,,,,,,,,,,,,,,,,,,,,,,,,,,,
12823,Hủ tiếu nam vang,Hủ tiếu Nam Vang tôm thịt,Hủ tiếu tươi,Thịt xay,Tôm thẻ size 50 con,,,,,,,,,,,,,,,,,,,,,,,,,,,
12824,Hủ tiếu nam vang,Hủ tiếu Nam Vang tôm thẻ size 60,Hủ tiếu tươi,Thịt heo nạc vai,Tôm thẻ size 60 con,,,,,,,,,,,,,,,,,,,,,,,,,,,
12825,Hủ tiếu nam vang,Hủ tiếu Nam Vang tôm thẻ size 80,Hủ tiếu tươi,Thịt đùi heo tươi,Tôm thẻ size 80 con,,,,,,,,,,,,,,,,,,,,,,,,,,,
12826,Mì hoành thánh,Mì hoành thánh,Mì vàng,Lá gói hoành thánh,Thịt heo nạc vai,,,,,,,,,,,,,,,,,,,,,,,,,,,
12827,Hủ tiếu tái bò viên,Hủ tiếu tái bò viên,Hủ tiếu tươi,Bò tái,Bò viên,,,,,,,,,,,,,,,,,,,,,,,,,,,
12828,Đùi gà chiên nước mắm,Đùi gà chiên nước mắm,Đùi tỏi tươi size 6->6.5 cái,,,,,,,,,,,,,,,,,,,,,,,,,,,,,
12829,Gà chiên bơ tỏi,Gà chiên bơ tỏi,Má gà tươi,,,,,,,,,,,,,,,,,,,,,,,,,,,,,
12830,Chuối cau,Chuối cau,Chuối cau,,,,,,,,,,,,,,,,,,,,,,,,,,,,,
12831,Khô lưỡi trâu rim,Khô lưỡi trâu rim,Cá khô lưỡi trâu,,,,,,,,,,,,,,,,,,,,,,,,,,,,,
12832,Gà kho tàu,Gà kho tàu,Má gà tươi,,,,,,,,,,,,,,,,,,,,,,,,,,,,,
12833,Chè đậu đỏ,Chè đậu đỏ,Đậu đỏ,Bột khoai,Bột báng,Dừa ép,,,,,,,,,,,,,,,,,,,,,,,,,,
12834,Đậu ve xào thịt,Đậu ve xào thịt,Đậu ve,Thịt heo vai tươi,,,,,,,,,,,,,,,,,,,,,,,,,,,,
12835,Chả lụa sốt mắm,Chả lụa sốt mắm,Chả lụa,,,,,,,,,,,,,,,,,,,,,,,,,,,,,
12836,Đậu hũ dồn thịt sốt mắm,Đậu hũ dồn thịt sốt mắm,Đậu hũ chiên mổ bụng,Thịt xay,,,,,,,,,,,,,,,,,,,,,,,,,,,,
12837,Gỏi ngó sen bánh phồng tôm,Gỏi ngó sen bánh phồng tôm,Thịt heo nạc vai,Dưa leo,Bánh phồng tôm,Ngó sen,,,,,,,,,,,,,,,,,,,,,,,,,,
12838,Đậu hũ sốt nấm cà rốt,Đậu hũ sốt nấm cà rốt,Đậu hũ chiên,Nấm kim châm,Cà rốt,,,,,,,,,,,,,,,,,,,,,,,,,,,
12839,Gỏi củ hũ dừa chay,Gỏi củ hũ dừa chay,Chả lụa chay,Mắm thái chay,Củ hủ dừa,,,,,,,,,,,,,,,,,,,,,,,,,,,
12840,Canh dưa chua gân bò,Canh dưa chua gân bò,Dưa chua,Bò gân,,,,,,,,,,,,,,,,,,,,,,,,,,,,
12841,Canh mồng tơi,Canh mồng tơi thịt xay,Mồng tơi,Thịt xay,,,,,,,,,,,,,,,,,,,,,,,,,,,,
12842,Canh rau dền,Canh rau dền thịt xay,Rau dền,Thịt xay,,,,,,,,,,,,,,,,,,,,,,,,,,,,
12843,Bầu kho nấm,Bầu kho nấm đùi gà,Bầu,Nấm đùi gà,,,,,,,,,,,,,,,,,,,,,,,,,,,,
12844,Cá cơm kho chay,Cá cơm kho chay,Cá cơm chay,,,,,,,,,,,,,,,,,,,,,,,,,,,,,
12845,Canh đậu hũ kim chi,Canh đậu hũ kim chi,Mướp,Kim chi,Đậu hũ trắng,,,,,,,,,,,,,,,,,,,,,,,,,,,
12846,Cà tím um xì dầu,Cà tím um xì dầu,Cà tím,Chả lụa chay,,,,,,,,,,,,,,,,,,,,,,,,,,,,
12847,Bông cải xào thập cẩm,Bông cải xào thập cẩm,Đậu hũ chiên,Nấm đùi gà,Măng tươi,Su hào,,,,,,,,,,,,,,,,,,,,,,,,,,
12848,Cá cơm chay,Cá cơm chay,Cá cơm chay,,,,,,,,,,,,,,,,,,,,,,,,,,,,,
12849,Bí xanh kho tiêu,Bí xanh kho tiêu,Bí xanh,Chả lụa chay,,,,,,,,,,,,,,,,,,,,,,,,,,,,
12850,Cà tím sốt nấm,Cà tím sốt nấm,Cà tím,,,,,,,,,,,,,,,,,,,,,,,,,,,,,
12851,Bò viên chay xào sả ớt,Bò viên chay xào sả ớt,Bò viên chay,Hành tây,,,,,,,,,,,,,,,,,,,,,,,,,,,,
12852,Cà ri chay,Cà ri nấm đông cô chay,Nấm đông cô,Đậu hũ chiên,Khoai tây,,,,,,,,,,,,,,,,,,,,,,,,,,,
12853,Cà ri chay,Cà ri nấm bào ngư chay,Nấm bào ngư xám,Đậu hũ chiên,Cà rốt,,,,,,,,,,,,,,,,,,,,,,,,,,,
12854,Bún riêu chay,Bún riêu nấm chay,Bún nhỏ,Đậu hũ chiên,Nấm kim châm,Tàu hũ ki tươi,,,,,,,,,,,,,,,,,,,,,,,,,,
12855,Bún riêu chay,Bún riêu đậu chay,Bún nhỏ,Đậu hũ chiên,Đậu bắp,Tàu hũ ki tươi,,,,,,,,,,,,,,,,,,,,,,,,,,
12856,Bún riêu chay,Bún riêu chả chay,Bún nhỏ,Đậu hũ chiên,Chả lụa chay,Tàu hũ ki tươi,Nấm đông cô,Cà chua,Váng đậu,,,,,,,,,,,,,,,,,,,,,,,
12857,Canh lá giang,Canh lá giang,Lá giang,,,,,,,,,,,,,,,,,,,,,,,,,,,,,
12858,Bông cải kho bắp non,Bông cải kho bắp non,Bông cải trắng,Cà rốt,Đậu ve,Bắp non,,,,,,,,,,,,,,,,,,,,,,,,,,
12859,Canh khoai mỡ,Canh khoai mỡ,Khoai mỡ,Thịt xay,,,,,,,,,,,,,,,,,,,,,,,,,,,,
12860,Cà tím kho tiêu,Cà tím kho tiêu,Cà tím,Chả lụa chay,,,,,,,,,,,,,,,,,,,,,,,,,,,,
12861,Canh khổ qua dồn thịt,Canh khổ qua dồn thịt,Khổ qua,Thịt xay,,,,,,,,,,,,,,,,,,,,,,,,,,,,
12862,Canh khổ qua thịt bằm,Canh khổ qua thịt bằm,Khổ qua,Thịt xay,,,,,,,,,,,,,,,,,,,,,,,,,,,,
12863,Canh khổ qua thịt bằm,Canh khổ qua cải thảo thịt bằm,Khổ qua,Cải thảo,Thịt xay,,,,,,,,,,,,,,,,,,,,,,,,,,,
12864,Canh kim chi đậu hũ,Canh kim chi đậu hũ,Đậu hũ trắng,Kim chi,,,,,,,,,,,,,,,,,,,,,,,,,,,,
12865,Canh rau má,Canh rau má,Rau má,Thịt xay,,,,,,,,,,,,,,,,,,,,,,,,,,,,
12866,Bún gạo xào,Bún gạo xào,Bún gạo,Đậu hũ chiên,Cải ngọt,,,,,,,,,,,,,,,,,,,,,,,,,,,
12867,Bún nước tương chay,Bún nước đậu chả chay,Bún nhỏ,Đậu hũ chiên,Chả giò xốp tôm thịt,,,,,,,,,,,,,,,,,,,,,,,,,,,
12868,Bún nước tương chay,Bún tương chả xốp tôm thịt chay,Bún nhỏ,Chả giò xốp tôm thịt,,,,,,,,,,,,,,,,,,,,,,,,,,,,
12869,Bún nước tương chay,Bún tương nấm chả chay,Bún nhỏ,Chả giò xốp chay,Nấm đùi gà,,,,,,,,,,,,,,,,,,,,,,,,,,,
12870,Bún nước tương chay,Bún tương nấm đậu chay,Bún nhỏ,Đậu hũ chiên,Nấm đùi gà,,,,,,,,,,,,,,,,,,,,,,,,,,,
12871,Bún nước tương chay,Bún tương đậu chả xốp chay,Bún nhỏ,Đậu hũ chiên,Chả giò xốp chay,,,,,,,,,,,,,,,,,,,,,,,,,,,
12872,Bún nước tương chay,Bún tương đậu bò tái chay,Bún nhỏ,Đậu hũ chiên,Bò tái,,,,,,,,,,,,,,,,,,,,,,,,,,,
12873,Bò chay kho dưa chua,Bò chay kho dưa chua,Bò lát chay,Dưa chua,,,,,,,,,,,,,,,,,,,,,,,,,,,,
12874,Bánh canh chay,Bánh canh chay đậu hũ chiên,Bánh canh,Đậu hũ chiên,Nấm đùi gà,Tàu hũ ki tươi,Nấm linh chi trắng đen,,,,,,,,,,,,,,,,,,,,,,,,,
12875,Bánh canh chay,Bánh canh chay tàu hủ ki,Bánh canh,Đậu hũ chiên,Tàu hũ ki tươi,Nấm bào ngư xám,Nấm linh chi trắng đen,Nấm kim châm,Chả lụa chay,,,,,,,,,,,,,,,,,,,,,,,
12876,Bánh ướt chay,Bánh ướt chay thập cẩm,Đậu hũ chiên,Chả giò xốp chay,Chả quế chay,Bánh ướt,,,,,,,,,,,,,,,,,,,,,,,,,,
12877,Bánh ướt chay,Bánh ướt chay đặc biệt,Đậu hũ chiên,Chả giò xốp tôm thịt,Chả quế chay,Bánh ướt,,,,,,,,,,,,,,,,,,,,,,,,,,
12878,Bánh ướt chay,Bánh ướt chay đơn giản,Đậu hũ chiên,Chả giò xốp chay,,Bánh ướt,,,,,,,,,,,,,,,,,,,,,,,,,,
12879,Bánh ướt chay,Bánh ướt chay đầy đủ,Bánh ướt,Đậu hũ chiên,Chả giò xốp chay,Chả quế chay,,,,,,,,,,,,,,,,,,,,,,,,,,
12880,Bánh ướt chay,Bánh ướt chay chả lụa,Đậu hũ chiên,Chả lụa chay,Chả giò xốp chay,Bánh ướt,,,,,,,,,,,,,,,,,,,,,,,,,,
12881,Bánh ướt chay,Bánh ướt chay cơ bản,Đậu hũ chiên,Chả giò xốp chay,,Bánh ướt,,,,,,,,,,,,,,,,,,,,,,,,,,
12882,Bún bò chay,Bún bò chay,Bún bò,Đậu hũ chiên,Nấm đùi gà,,,,,,,,,,,,,,,,,,,,,,,,,,,
12883,Bún bò chay,Bún bò chay đậu hũ,Bún bò,Đậu hũ chiên,Nấm linh chi trắng đen,Tàu hũ ki tươi,,,,,,,,,,,,,,,,,,,,,,,,,,
12884,Canh rau ngót,Canh rau ngót thịt,Rau ngót,Thịt xay,,,,,,,,,,,,,,,,,,,,,,,,,,,,
12885,Canh miến măng,Canh miến măng,Miến vàng,Măng tươi,,,,,,,,,,,,,,,,,,,,,,,,,,,,
12886,Bí xanh kho nấm,Bí xanh kho nấm,Bí xanh,Nấm đùi gà,,,,,,,,,,,,,,,,,,,,,,,,,,,,
12887,Cải xào nấm,Cải xào nấm,Cải thìa,Nấm đông cô,,,,,,,,,,,,,,,,,,,,,,,,,,,,
12888,Canh đu đủ,Canh đu đủ,Đu đủ xanh gọt,,,,,,,,,,,,,,,,,,,,,,,,,,,,,
12889,Canh mồng tơi cua đồng,Canh mồng tơi cua đồng,Mồng tơi,Cua xay,,,,,,,,,,,,,,,,,,,,,,,,,,,,
12890,Bò viên chay rim,Bò viên chay rim,Bò viên chay,,,,,,,,,,,,,,,,,,,,,,,,,,,,,
12891,Cải xào đông cô,Cải xào đông cô,Cải thìa,Nấm đông cô,,,,,,,,,,,,,,,,,,,,,,,,,,,,
12892,Bắp mỹ xào hành,Bắp mỹ xào hành,Bắp mỹ,,,,,,,,,,,,,,,,,,,,,,,,,,,,,
12893,Bún gạo xào chay,Bún gạo xào chay,Bún gạo,Đậu hũ chiên,Nấm đùi gà,,,,,,,,,,,,,,,,,,,,,,,,,,,
12894,Bún gạo xào chay,Bún gạo xào chay chả giò,Bún gạo,Chả giò xốp chay,Nấm đùi gà,,,,,,,,,,,,,,,,,,,,,,,,,,,
12895,Cải thìa xào nấm đông cô,Cải thìa xào nấm đông cô,Cải thìa,Nấm đông cô,,,,,,,,,,,,,,,,,,,,,,,,,,,,
12896,Bún măng vịt,Bún măng vịt,Bún,Vịt nguyên con không đầu không chân,Măng tươi,,,,,,,,,,,,,,,,,,,,,,,,,,,
12897,Cải xào,Cải xào,Cải ngọt,,,,,,,,,,,,,,,,,,,,,,,,,,,,,
12898,Cá nục sốt cà,Cá nục sốt cà,Cá nục bông 400-600g,Cà chua,,,,,,,,,,,,,,,,,,,,,,,,,,,,
12899,Bánh canh giò nấm,Bánh canh giò nấm,Bánh canh,Giò heo chặt khoanh,Thịt heo nạc vai,Nấm linh chi trắng đen,,,,,,,,,,,,,,,,,,,,,,,,,,
12900,Cá hố chiên rim tỏi ớt,Cá hố chiên rim tỏi ớt,Cá hố,,,,,,,,,,,,,,,,,,,,,,,,,,,,,
12901,Bún thái,Bún thái chả cá,Bún,Chả cá nha trang,Tôm thẻ size 100 con,,,,,,,,,,,,,,,,,,,,,,,,,,,
12902,Bún thái,Bún thái bò,Bún,Bò tái,Tôm thẻ size 60 con,,,,,,,,,,,,,,,,,,,,,,,,,,,
12903,Bún thái,Bún thái hải sản,Bún,Mực lá tươi,Tôm thẻ size 60 con,,,,,,,,,,,,,,,,,,,,,,,,,,,
12904,Bún thái,Bún thái tôm mực,Bún,Chả cá nha trang,Tôm thẻ size 80 con,,,,,,,,,,,,,,,,,,,,,,,,,,,
12905,Bún thái,Bún thái chả cá tôm,Bún,Chả cá nha trang,Tôm thẻ size 60 con,,,,,,,,,,,,,,,,,,,,,,,,,,,
12906,Bún riêu,Bún riêu,Bún nhỏ,Thịt heo nạc vai,Đậu hũ chiên,,,,,,,,,,,,,,,,,,,,,,,,,,,
12907,Bún riêu,Bún riêu xương,Bún,Xương heo,Đậu hũ chiên,,,,,,,,,,,,,,,,,,,,,,,,,,,
12908,Bún riêu,Bún riêu cua,Bún nhỏ,Cua xay,Đậu hũ chiên,,,,,,,,,,,,,,,,,,,,,,,,,,,
12909,Bún riêu,Bún riêu trứng,Bún nhỏ,Trứng gà 300 quả/cây,,,,,,,,,,,,,,,,,,,,,,,,,,,,
12910,Bún riêu,Bún riêu thịt,Bún nhỏ,Thịt heo vai tươi,Đậu hũ chiên,,,,,,,,,,,,,,,,,,,,,,,,,,,
12911,Bún riêu,Bún riêu đùi heo,Bún nhỏ,Thịt đùi heo tươi,Chả lụa,,,,,,,,,,,,,,,,,,,,,,,,,,,
12912,Bún riêu,Bún riêu chả,Bún nhỏ,Thịt heo nạc vai,Chả lụa,,,,,,,,,,,,,,,,,,,,,,,,,,,
12913,Bún riêu,Bún riêu đầy đủ,Bún nhỏ,Xương heo,Cua xay,Mọc,Thịt xay,Chả lụa,Đậu hũ chiên,,,,,,,,,,,,,,,,,,,,,,,
12914,Cá ngừ kho măng,Cá ngừ kho măng,Cá ngừ lát size 10,Măng tươi,,,,,,,,,,,,,,,,,,,,,,,,,,,,
12915,Cá ngừ kho măng,Cá ngừ kho măng nhỏ,Cá ngừ lát size 8,Măng tươi,,,,,,,,,,,,,,,,,,,,,,,,,,,,
12916,Bánh canh chả cá,Bánh canh chả cá Nha Trang,Bánh canh,Chả cá nha trang,Chả lụa,,,,,,,,,,,,,,,,,,,,,,,,,,,
12917,Bánh canh chả cá,Bánh canh xương heo,Bánh canh,Xương heo,,,,,,,,,,,,,,,,,,,,,,,,,,,,
12918,Bánh canh chả cá,Bánh canh chả cá thịt heo,Bánh canh,Thịt heo nạc vai,Chả cá nha trang,Chả lụa,,,,,,,,,,,,,,,,,,,,,,,,,,
12919,Bánh canh chả cá,Bánh canh chả cá tôm,Bánh canh,Cá thác lác,Chả cá nha trang,Tôm thẻ size 50 con,Chả lụa,,,,,,,,,,,,,,,,,,,,,,,,,
12920,Canh bí xanh,Canh bí xanh,Bí xanh,Thịt xay,,,,,,,,,,,,,,,,,,,,,,,,,,,,
12921,Bò xào chua ngọt,Bò xào chua ngọt,Bò tái,,,,,,,,,,,,,,,,,,,,,,,,,,,,,
12922,Cá diêu hồng kho cay,Cá diêu hồng kho cay,Cá diêu hồng,,,,,,,,,,,,,,,,,,,,,,,,,,,,,
12923,Bò xào thập cẩm,Bò xào thập cẩm,Bò tái,,,,,,,,,,,,,,,,,,,,,,,,,,,,,
12924,Canh cà chua thịt bằm,Canh cà chua thịt bằm,Cà chua,Thịt xay,,,,,,,,,,,,,,,,,,,,,,,,,,,,
12925,Bánh hỏi heo quay,Bánh hỏi heo quay,Bánh hỏi,Nem chua cây,Chả giò xốp tôm thịt,Heo quay,,,,,,,,,,,,,,,,,,,,,,,,,,
12926,Bò kho gừng,Bò kho gừng,Bò nạm,,,,,,,,,,,,,,,,,,,,,,,,,,,,,
12927,Bò viên sốt hành tây,Bò viên sốt hành tây,Bò viên,Hành tây,,,,,,,,,,,,,,,,,,,,,,,,,,,,
12928,Cá bống chiên mắm chua ngọt,Cá bống chiên mắm chua ngọt,Cá bống biển,,,,,,,,,,,,,,,,,,,,,,,,,,,,,
12929,Bắp cải luộc,Bắp cải luộc,Bắp cải trắng,,,,,,,,,,,,,,,,,,,,,,,,,,,,,
12930,Cá nục kho thơm,Cá nục kho thơm,Cá nục bông 400-600g,Thơm gọt,,,,,,,,,,,,,,,,,,,,,,,,,,,,
12931,Bún mọc,Bún mọc thịt đậu hũ,Bún,Thịt heo nạc vai,Đậu hũ chiên,,,,,,,,,,,,,,,,,,,,,,,,,,,
12932,Bún mọc,Bún mọc thịt nạc vai,Bún,Thịt heo nạc vai,Mọc,,,,,,,,,,,,,,,,,,,,,,,,,,,
12933,Bún mọc,Bún mọc thịt,Bún,Thịt heo vai tươi,Đậu hũ chiên,,,,,,,,,,,,,,,,,,,,,,,,,,,
12934,Bún mọc,Bún mọc đầy đủ,Bún,Thịt heo nạc vai,Mọc,Đậu hũ da,,,,,,,,,,,,,,,,,,,,,,,,,,
12935,Cá diêu hồng kho cà,Cá diêu hồng kho cà,Cá diêu hồng,Cà chua,,,,,,,,,,,,,,,,,,,,,,,,,,,,
12936,Bò xào đậu rồng,Bò xào đậu rồng,Bò tái,Đậu rồng,,,,,,,,,,,,,,,,,,,,,,,,,,,,
12937,Canh cải xanh,Canh cải xanh,Cải xanh,Thịt xay,,,,,,,,,,,,,,,,,,,,,,,,,,,,
12938,Bún măng gà,Bún măng gà tam hoàng,Bún,Gà tam hoàng,Măng tươi,File không da tươi,,,,,,,,,,,,,,,,,,,,,,,,,,
12939,Bún măng gà,Bún măng má gà,Bún,Má gà tươi,Măng tươi,,,,,,,,,,,,,,,,,,,,,,,,,,,
12940,Bún măng gà,Bún măng gà đùi,Bún,Đùi góc tư tươi,File không da tươi,,,,,,,,,,,,,,,,,,,,,,,,,,,
12941,Bún măng gà,Bún măng gà fillet,Bún,Măng tươi,File không da tươi,,,,,,,,,,,,,,,,,,,,,,,,,,,
12942,Bánh canh xương,Bánh canh xương heo,Bánh canh,Xương heo,,,,,,,,,,,,,,,,,,,,,,,,,,,,
12943,Bánh canh xương,Bánh canh xương mọc,Bánh canh,Xương heo,Mọc,,,,,,,,,,,,,,,,,,,,,,,,,,,
12944,Cá trê chiên giòn mắm gừng,Cá trê chiên giòn mắm gừng,Cá trê,,,,,,,,,,,,,,,,,,,,,,,,,,,,,
12945,Bánh canh cá lóc,Bánh canh cá lóc nấm đùi gà,Bánh canh,Cá lóc,Nấm đùi gà,,,,,,,,,,,,,,,,,,,,,,,,,,,
12946,Bánh canh cá lóc,Bánh canh cá lóc nấm kim châm,Bánh canh,Cá lóc,Nấm kim châm,,,,,,,,,,,,,,,,,,,,,,,,,,,
12947,Bánh canh cá lóc,Bánh canh cá lóc nấm rơm,Bánh canh,Cá lóc,Nấm rơm,Nấm bào ngư xám,,,,,,,,,,,,,,,,,,,,,,,,,,
12948,Bánh canh cá lóc,Bánh canh cá lóc bột xắt,Bánh canh bột xắt,Cá lóc,Nấm bào ngư xám,Giá,Bắp cải trắng,Rau đắng,,,,,,,,,,,,,,,,,,,,,,,,
12949,Cá lóc kho bầu,Cá lóc kho bầu,Cá lóc,Bầu,,,,,,,,,,,,,,,,,,,,,,,,,,,,
12950,Cá hồi sốt bơ tỏi,Cá hồi sốt bơ tỏi,Cá hồi,Sốt bơ ,,,,,,,,,,,,,,,,,,,,,,,,,,,,
12951,Cá ngừ kho cay,Cá ngừ kho cay nhỏ,Cá ngừ lát size 8,,,,,,,,,,,,,,,,,,,,,,,,,,,,,
12952,Cá ngừ kho cay,Cá ngừ kho cay lớn,Cá ngừ lát size 10,,,,,,,,,,,,,,,,,,,,,,,,,,,,,
12953,Cà pháo muối xổi,Cà pháo muối xổi,Cà pháo,,,,,,,,,,,,,,,,,,,,,,,,,,,,,
12954,Cá nục chiên mắm tỏi,Cá nục chiên mắm tỏi,Cá nục size 10,,,,,,,,,,,,,,,,,,,,,,,,,,,,,
12955,Canh bầu nấu tôm,Canh bầu nấu tôm,Bầu,Tôm lột,,,,,,,,,,,,,,,,,,,,,,,,,,,,
12956,Bò xào đậu ve,Bò xào đậu ve,Bò tái,Đậu ve,,,,,,,,,,,,,,,,,,,,,,,,,,,,
12957,Cá hố chiên rim mắm,Cá hố chiên rim mắm,Cá hố,,,,,,,,,,,,,,,,,,,,,,,,,,,,,
12958,Bún xương mọc,Bún xương mọc,Bún,Xương heo,Mọc,,,,,,,,,,,,,,,,,,,,,,,,,,,
12959,Bầu luộc,Bầu luộc,Bầu,,,,,,,,,,,,,,,,,,,,,,,,,,,,,
12960,Cà tím xào lá lốt,Cà tím xào lá lốt,Cà tím,Lá lốt,,,,,,,,,,,,,,,,,,,,,,,,,,,,
12961,Bò kho dưa chua,Bò kho dưa chua,Bò nạm,Dưa chua,,,,,,,,,,,,,,,,,,,,,,,,,,,,
12962,Bún bò giò heo,Bún bò giò heo,Bún bò,Giò heo chặt khoanh,Bò nạm,,,,,,,,,,,,,,,,,,,,,,,,,,,
12963,Bún bò giò heo,Bún bò giò heo gàu,Bún bò,Giò heo chặt khoanh,Bò gàu,Giò heo chặt khoanh,,,,,,,,,,,,,,,,,,,,,,,,,,
12964,Bún bò giò heo,Bún bò giò heo nạm,Bún bò,Bò nạm,Giò heo chặt khoanh,,,,,,,,,,,,,,,,,,,,,,,,,,,
12965,Cánh gà kho sả,Cánh gà kho sả,Cánh gà tươi size 8,,,,,,,,,,,,,,,,,,,,,,,,,,,,,
12966,Cá nục kho dưa chua,Cá nục kho dưa chua,Cá nục bông 400-600g,Dưa chua,,,,,,,,,,,,,,,,,,,,,,,,,,,,
12967,Cải ngọt xào giá,Cải ngọt xào giá,Cải ngọt,Giá,,Giá,,,,,,,,,,,,,,,,,,,,,,,,,,
12968,Cá nục chiên,Cá nục chiên,Cá nục size 10,,,,,,,,,,,,,,,,,,,,,,,,,,,,,
12969,Cá nục chiên,Cá nục chiên nhỏ,Cá nục size 8,,,,,,,,,,,,,,,,,,,,,,,,,,,,,
12970,Bún chả giò thịt luộc đậu hũ,Bún chả giò thịt luộc đậu hũ,Bún nhỏ,Chả giò xốp tôm thịt,Đậu hũ chiên,,,,,,,,,,,,,,,,,,,,,,,,,,,
12971,Bún chả giò thịt luộc đậu hũ,Bún chả giò thịt luộc,Bún nhỏ,Thịt đùi heo tươi,Đậu hũ chiên,,,,,,,,,,,,,,,,,,,,,,,,,,,
12972,Cá lóc chiên sả,Cá lóc chiên sả,Cá lóc,,,,,,,,,,,,,,,,,,,,,,,,,,,,,
12973,Canh cà chua,Canh cà chua,Cà chua,Thịt xay,,,,,,,,,,,,,,,,,,,,,,,,,,,,
12974,Bánh đa cua,Bánh đa cua Hải Phòng,Bánh đa,Thịt heo nạc vai,Cua xay,Mọc,Thịt xay,Chả lụa,Đậu hũ chiên,,,,,,,,,,,,,,,,,,,,,,,
12975,Bánh đa cua,Bánh đa cua đặc biệt,Bánh đa,Thịt đùi heo tươi,Cua xay,Thịt xay,Mọc,Trứng gà 300 quả/cây,Chả lụa,Đậu hũ chiên,,,,,,,,,,,,,,,,,,,,,,
12976,Bánh đa cua,Bánh đa cua xương heo,Bánh đa,Xương heo,Cua xay,Mọc,Thịt xay,Trứng gà 300 quả/cây,Chả lụa,Đậu hũ chiên,,,,,,,,,,,,,,,,,,,,,,
12977,Bánh đa cua,Bánh đa cua full topping,Bánh đa,Thịt heo nạc vai,Cua xay,Mọc,Thịt xay,Chả lụa,Đậu hũ chiên,Trứng gà 300 quả/cây,,,,,,,,,,,,,,,,,,,,,,
12978,Bánh đa cua,Bánh đa cua tổng hợp,Bánh đa,Cua xay,Mọc,Thịt xay,Xương heo,Trứng gà 300 quả/cây,Chả lụa,Đậu hũ chiên,,,,,,,,,,,,,,,,,,,,,,
12979,Bánh đa cua,Bánh đa cua thịt,Bánh đa,Thịt heo nạc vai,Cua xay,Mọc,Thịt xay,Đậu hũ chiên,Trứng gà 300 quả/cây,Chả lụa,,,,,,,,,,,,,,,,,,,,,,
12980,Bánh đa cua,Bánh đa cua heo,Bánh đa,Thịt heo vai tươi,Cua xay,Mọc,Thịt xay,Trứng gà 300 quả/cây,Chả lụa,Đậu hũ chiên,,,,,,,,,,,,,,,,,,,,,,
12981,Bánh đa cua,Bánh đa cua truyền thống,Bánh đa,Thịt heo nạc vai,Cua xay,Thịt xay,Mọc,Trứng gà 300 quả/cây,Chả lụa,Đậu hũ chiên,,,,,,,,,,,,,,,,,,,,,,
12982,Bánh đa cua,Bánh đa cua xương,Xương heo,Cua xay,Mọc,Thịt xay,Chả lụa,Đậu hũ chiên,,,,,,,,,,,,,,,,,,,,,,,,
12983,Bánh đa cua,Bánh đa cua đùi heo,Bánh đa,Thịt đùi heo tươi,Cua xay,Mọc,Thịt xay,Trứng gà 300 quả/cây,Chả lụa,Đậu hũ chiên,,,,,,,,,,,,,,,,,,,,,,
12984,Bánh đa cua,Bánh đa cua đùi heo mọc,Bánh đa,Thịt đùi heo tươi,Cua xay,Thịt xay,Mọc,Trứng gà 300 quả/cây,Chả lụa,Đậu hũ chiên,,,,,,,,,,,,,,,,,,,,,,
12985,Bánh đa cua,Bánh đa cua đầy đủ,Bánh đa,Xương heo,Cua xay,Mọc,Thịt xay,Chả lụa,Đậu hũ chiên,,,,,,,,,,,,,,,,,,,,,,,
12986,Bún chả giò nem nướng,Bún chả giò nem nướng,Bún nhỏ,Nem nướng,Chả giò xốp tôm thịt,,,,,,,,,,,,,,,,,,,,,,,,,,,
12987,Bún chả giò nem nướng,Bún chả bì nem nướng,Bún nhỏ,Nem nướng,Chả bì,,,,,,,,,,,,,,,,,,,,,,,,,,,
12988,Bún chả giò nem nướng,Bún chả giò nem nướng bì,Bún nhỏ,Chả giò xốp tôm thịt,Bì heo,,,,,,,,,,,,,,,,,,,,,,,,,,,
12989,Bún chả giò nem nướng,Bún chả giò nem nướng cao cấp,Bún nhỏ,Nem nướng,Thịt heo nạc vai,Bì heo,Chả giò xốp tôm thịt,,,,,,,,,,,,,,,,,,,,,,,,,
12990,Bún chả giò nem nướng,Bún chả giò bì nướng,Bún nhỏ,Chả giò xốp tôm thịt,Chả bì,,,,,,,,,,,,,,,,,,,,,,,,,,,
12991,Canh cải ngọt,Canh cải ngọt,Cải ngọt,,,,,,,,,,,,,,,,,,,,,,,,,,,,,
12992,Cá nục bông kho thơm,Cá nục bông kho thơm,Cá nục bông 400-600g,Thơm gọt,,Thơm gọt,,,,,,,,,,,,,,,,,,,,,,,,,,
12993,Cá cam kho thơm,Cá cam kho thơm,Cá cam nhập khẩu,Thơm gọt,,,,,,,,,,,,,,,,,,,,,,,,,,,,
12994,Canh bún,Canh bún thịt nạc,Bún bò,Thịt heo nạc vai,Đậu hũ chiên,,,,,,,,,,,,,,,,,,,,,,,,,,,
12995,Canh bún,Canh bún tôm,Bún bò,Tôm khô,Đậu hũ chiên,,,,,,,,,,,,,,,,,,,,,,,,,,,
12996,Canh bún,Canh bún tôm mọc,Bún bò,Tôm khô,Mọc,,,,,,,,,,,,,,,,,,,,,,,,,,,
12997,Canh bún,Canh bún tôm thịt,Bún bò,Tôm khô,Thịt heo nạc vai,,,,,,,,,,,,,,,,,,,,,,,,,,,
13290,Canh bún,Canh bún thập cẩm,Bún bò,Tôm khô,Cua xay,Mọc,Chả lụa,Đậu hũ chiên,,,,,,,,,,,,,,,,,,,,,,,,
12998,Cá nục chiên giòn,Cá nục chiên giòn,Cá nục size 10,,,,,,,,,,,,,,,,,,,,,,,,,,,,,
12999,Bò xào hành cần,Bò xào hành cần,Bò tái,Hành tây,Cần tàu,,,,,,,,,,,,,,,,,,,,,,,,,,,
13000,Bắp cải xào,Bắp cải xào,Bắp cải trắng,,,,,,,,,,,,,,,,,,,,,,,,,,,,,
13001,Bánh canh thịt,Bánh canh thịt bằm,Bánh canh,Thịt heo nạc vai,Thịt xay,,,,,,,,,,,,,,,,,,,,,,,,,,,
13002,Bánh canh thịt,Bánh canh thịt truyền thống,Bánh canh,,,,,,,,,,,,,,,,,,,,,,,,,,,,,
13003,Bánh canh thịt,Bánh canh thịt vai xay,Bánh canh,Thịt heo vai tươi,Thịt xay,,,,,,,,,,,,,,,,,,,,,,,,,,,
13004,Cải thìa xào,Cải thìa xào,Cải thìa,,,,,,,,,,,,,,,,,,,,,,,,,,,,,
13005,Cá rô kho tiêu,Cá rô kho tiêu,Cá rô size 8,,,,,,,,,,,,,,,,,,,,,,,,,,,,,
13006,Bún nem cua bể,Bún nem cua bể,Bún nhỏ,Nem cua bể,Thịt heo nạc vai,Bì heo,Chả giò xốp tôm thịt,,,,,,,,,,,,,,,,,,,,,,,,,
13007,Canh bí đỏ hầm xương,Canh bí đỏ hầm xương,Bí đỏ,Xương heo,,,,,,,,,,,,,,,,,,,,,,,,,,,,
13008,Cá nục kho cay,Cá nục kho cay,Cá nục bông 200-400g,,,,,,,,,,,,,,,,,,,,,,,,,,,,,
13009,Cá nục kho cay,Cá nục kho cay lớn,Cá nục bông 400-600g,,,,,,,,,,,,,,,,,,,,,,,,,,,,,
13010,Canh chua muống,Canh chua muống,Rau muống,Cà chua,,,,,,,,,,,,,,,,,,,,,,,,,,,,
13011,Bò xào lá lốt,Bò xào lá lốt,Bò tái,Lá lốt,,,,,,,,,,,,,,,,,,,,,,,,,,,,
13012,Cá hường chiên,Cá hường chiên giòn,Cá đổng lai size 8,,,,,,,,,,,,,,,,,,,,,,,,,,,,,
13013,Cá hường chiên,Cá hường chiên đặc biệt,Cá đổng lai size 10,,,,,,,,,,,,,,,,,,,,,,,,,,,,,
13014,Bún chả cá sứa,Bún chả cá sứa,Bún,Chả cá nha trang,Tôm thẻ size 60 con,Sứa,,,,,,,,,,,,,,,,,,,,,,,,,,
13015,Bún đậu hũ thịt luộc nước tương,Bún đậu hũ thịt luộc nước tương,Bún nhỏ,Thịt đùi heo tươi,Đậu phộng rang (chế biến sẵn),Hành phi,,,,,,,,,,,,,,,,,,,,,,,,,,
13016,Bún chả cá cá hồi,Bún chả cá cá hồi,Bún,Chả cá nha trang,Tôm thẻ size 50 con,Cá hồi,,,,,,,,,,,,,,,,,,,,,,,,,,
13017,Bún nem nướng,Bún nem nướng,Bún nhỏ,Nem nướng,Chả giò xốp tôm thịt,,,,,,,,,,,,,,,,,,,,,,,,,,,
13018,Bò viên rim mắm,Bò viên rim mắm,Bò viên,,,,,,,,,,,,,,,,,,,,,,,,,,,,,
13019,Bầu luộc chao,Bầu luộc chao,Bầu,,,,,,,,,,,,,,,,,,,,,,,,,,,,,
13020,Cá nục kho tóp mỡ,Cá nục kho tóp mỡ,Cá nục bông 400-600g,Mỡ heo,,,,,,,,,,,,,,,,,,,,,,,,,,,,
13021,Cá bạc má chiên,Cá bạc má chiên,Cá bạc má size 8,,,,,,,,,,,,,,,,,,,,,,,,,,,,,
13022,Cá bạc má chiên,Cá bạc má chiên size lớn,Cá bạc má size 10,,,,,,,,,,,,,,,,,,,,,,,,,,,,,
13023,Cánh gà chiên,Cánh gà chiên,Cánh gà tươi size 8,,,,,,,,,,,,,,,,,,,,,,,,,,,,,
13024,Bún thái hải sản,Bún thái hải sản,Bún,Cá viên 1000gr/gói,Mực lá tươi,,,,,,,,,,,,,,,,,,,,,,,,,,,
13025,Cá ba sa kho tóp mỡ,Cá ba sa kho tóp mỡ,Cá ba sa không đầu,Mỡ heo,,,,,,,,,,,,,,,,,,,,,,,,,,,,
13026,Cá nục kho cà,Cá nục kho cà chua,Cá nục bông 400-600g,Cà chua,,,,,,,,,,,,,,,,,,,,,,,,,,,,
13027,Cá nục kho cà,Cá nục kho cà nhỏ,Cá nục size 10,Cà chua,,,,,,,,,,,,,,,,,,,,,,,,,,,,
13028,Cá nục kho cà,Cá nục bông 200-400g kho cà,Cá nục bông 200-400g,Cà chua,,,,,,,,,,,,,,,,,,,,,,,,,,,,
13029,Cá nục kho cà,Cá nục bông 400-600g kho cà,Cá nục bông 400-600g,,,,,,,,,,,,,,,,,,,,,,,,,,,,,
13030,Bánh mì bò lúc lắc,Bánh mì bò lúc lắc,Bánh mì giòn,Bò nguyên,Xà lách giòn,Bắp cải tím,Cà rốt,,,,,,,,,,,,,,,,,,,,,,,,,
13031,Bánh bông lan,Bánh bông lan truyền thống,Bánh bông lan,,,,,,,,,,,,,,,,,,,,,,,,,,,,,
13032,Bánh canh giò heo,Bánh canh giò heo nạc vai,Bánh canh,Giò heo chặt khoanh,Thịt heo nạc vai,Mọc,,,,,,,,,,,,,,,,,,,,,,,,,,
13033,Bánh canh giò heo,Bánh canh giò heo mọc,Bánh canh,Giò heo chặt khoanh,Mọc,,,,,,,,,,,,,,,,,,,,,,,,,,,
13034,Bún chả cá,Bún chả cá xương heo,Bún,Xương heo,Chả lụa,,,,,,,,,,,,,,,,,,,,,,,,,,,
13035,Bún chả cá,Bún chả cá Nha Trang,Bún,Chả cá nha trang,Chả lụa,,,,,,,,,,,,,,,,,,,,,,,,,,,
13036,Bún chả cá,Bún chả cá thịt nạc vai,Bún,Thịt heo nạc vai,Chả lụa,,,,,,,,,,,,,,,,,,,,,,,,,,,
13037,Bún gạo xào tôm thịt,Bún gạo xào tôm cải,Bún gạo,Mì ký xanh 1kg/túi (10 túi/ thùng),Cải ngọt,Hẹ,Giá,,,,,,,,,,,,,,,,,,,,,,,,,
13038,Bún gạo xào tôm thịt,Bún gạo xào tôm chả giò,Bún gạo,Mì ký xanh 1kg/túi (10 túi/ thùng),Chả giò xốp tôm thịt,,,,,,,,,,,,,,,,,,,,,,,,,,,
13039,Cải thảo luộc,Cải thảo luộc,Cải thảo,,,,,,,,,,,,,,,,,,,,,,,,,,,,,
13040,Cà tím xào,Cà tím xào,Cà tím,,,,,,,,,,,,,,,,,,,,,,,,,,,,,
13041,Cánh gà nướng,Cánh gà nướng,Cánh gà tươi size 8,,,,,,,,,,,,,,,,,,,,,,,,,,,,,
13042,Bông cải xào cà rốt,Bông cải xào cà rốt,Bông cải trắng,Cà rốt,,,,,,,,,,,,,,,,,,,,,,,,,,,,
13043,Bò xào sả ớt,Bò xào sả ớt,Bò tái,,,,,,,,,,,,,,,,,,,,,,,,,,,,,
13044,Cá chiên sốt mắm,Cá chiên sốt mắm,Cá nục size 8,,,,,,,,,,,,,,,,,,,,,,,,,,,,,
13045,Cá chiên sốt mắm,Cá chiên sốt mắm,Cá nục size 10,,,,,,,,,,,,,,,,,,,,,,,,,,,,,
13046,Bò bóp thấu,Bò bóp thấu,Bò tái,,,,,,,,,,,,,,,,,,,,,,,,,,,,,
13047,Bò xào khoai tây,Bò xào khoai tây,Bò tái,Khoai tây,,,,,,,,,,,,,,,,,,,,,,,,,,,,
13048,Bò xào khoai tây,Bò xào khoai tây trứng,Bò tái,Khoai tây,Trứng vịt 300 quả/cây,,,,,,,,,,,,,,,,,,,,,,,,,,,
13049,Canh bí đỏ,Canh bí đỏ,Bí đỏ,Thịt xay,,,,,,,,,,,,,,,,,,,,,,,,,,,,
13050,Bánh mì sườn lagu,Bánh mì sườn lagu,Bánh mì giòn,Sườn non tươi,,,,,,,,,,,,,,,,,,,,,,,,,,,,
13051,Cá nục chiên mắm xoài,Cá nục chiên mắm xoài,Cá nục size 8,Xoài xanh,,,,,,,,,,,,,,,,,,,,,,,,,,,,
13052,Cá nục chiên mắm xoài,Cá nục chiên mắm xoài lớn,Cá nục size 10,Xoài xanh,,,,,,,,,,,,,,,,,,,,,,,,,,,,
13053,Bún giò heo,Bún giò heo,Bún,Giò heo chặt khoanh,,,,,,,,,,,,,,,,,,,,,,,,,,,,
13054,Bún giò heo,Bún giò heo mọc,Bún,Giò heo chặt khoanh,Mọc,,,,,,,,,,,,,,,,,,,,,,,,,,,
13055,Cá thu nhật kho cà,Cá thu nhật kho cà,Cá thu đao nhập khẩu,Cà chua,,,,,,,,,,,,,,,,,,,,,,,,,,,,
13056,Cá cờ sốt cà,Cá cờ sốt cà,Cá cờ,Cà chua,,,,,,,,,,,,,,,,,,,,,,,,,,,,
13057,Cá cam kho cà,Cá cam kho cà,Cá cam nhập khẩu,Cà chua,,,,,,,,,,,,,,,,,,,,,,,,,,,,
13058,Bò xào khổ qua,Bò xào khổ qua,Bò tái,Khổ qua,,,,,,,,,,,,,,,,,,,,,,,,,,,,
13059,Bò xào rau củ,Bò xào rau củ,Bò tái,,,,,,,,,,,,,,,,,,,,,,,,,,,,,
13060,Cánh gà rang muối,Cánh gà rang muối,Cánh gà tươi size 8,,,,,,,,,,,,,,,,,,,,,,,,,,,,,
13061,Bò xào su hào,Bò xào su hào,Bò tái,Su hào,,,,,,,,,,,,,,,,,,,,,,,,,,,,
13062,Bánh mì bò kho,Bánh mì bò kho,Bánh mì giòn,Cà rốt,,,,,,,,,,,,,,,,,,,,,,,,,,,,
13063,Bánh mì bò kho,Bánh mì bò kho thịt nạm,Bánh mì giòn,Bò nạm,Cà rốt,,,,,,,,,,,,,,,,,,,,,,,,,,,
13064,Cá diêu hồng sốt cay,Cá diêu hồng sốt cay,Cá diêu hồng,,,,,,,,,,,,,,,,,,,,,,,,,,,,,
13065,Cá hường chiên sả,Cá hường chiên sả,Cá đổng lai size 8,,,,,,,,,,,,,,,,,,,,,,,,,,,,,
13066,Cá hường chiên sả,Cá hường chiên sả,Cá đổng lai size 10,,,,,,,,,,,,,,,,,,,,,,,,,,,,,
13067,Bún chả giò,Bún chả giò,Bún nhỏ,Nem nướng,Chả giò xốp tôm thịt,,,,,,,,,,,,,,,,,,,,,,,,,,,
13068,Bún chả giò,Bún chả giò thịt,Bún nhỏ,Nem nướng,Thịt heo vai tươi,,,,,,,,,,,,,,,,,,,,,,,,,,,
13069,Bún chả giò,Bún chả giò topping,Bún nhỏ,Nem nướng,Đậu phộng rang (chế biến sẵn),Hành phi,,,,,,,,,,,,,,,,,,,,,,,,,,
13070,Bò xào ngũ sắc,Bò xào ngũ sắc,Bò tái,,,,,,,,,,,,,,,,,,,,,,,,,,,,,
13071,Bánh canh cua,Bánh canh cua càng ghẹ thịt heo,Bánh canh,Càng ghẹ,Thịt heo nạc vai,Trứng cút,Tôm thẻ size 80 con,,,,,,,,,,,,,,,,,,,,,,,,,
13072,Bánh canh cua,Bánh canh cua càng ghẹ thịt heo tôm,Bánh canh,Càng ghẹ,Thịt heo nạc vai,Tôm thẻ size 60 con,Trứng gà 300 quả/cây,,,,,,,,,,,,,,,,,,,,,,,,,
13073,Bánh canh thịt nấm,Bánh canh thịt nấm bào ngư,Bánh canh,Nấm bào ngư xám,,,,,,,,,,,,,,,,,,,,,,,,,,,,
13074,Bánh canh thịt nấm,Bánh canh thịt mọc nấm,Bánh canh,Thịt heo nạc vai,Mọc,Nấm đùi gà,,,,,,,,,,,,,,,,,,,,,,,,,,
13075,Bò lagu,Bò lagu,Bò nạm,Khoai tây,Cà rốt,,,,,,,,,,,,,,,,,,,,,,,,,,,
13076,Bún riêu tôm,Bún riêu tôm,Bún nhỏ,Thịt heo nạc vai,Đậu hũ chiên,Tôm thẻ size 50 con,,,,,,,,,,,,,,,,,,,,,,,,,,
13077,Bún riêu tôm,Bún riêu tôm xương,Bún nhỏ,Chả lụa,Tôm thẻ size 50 con,Đậu hũ chiên,Xương heo,Cua xay,Mọc,Thịt xay,,,,,,,,,,,,,,,,,,,,,,
13078,Cánh gà chiên xù,Cánh gà chiên xù,Cánh gà tươi size 8,,,,,,,,,,,,,,,,,,,,,,,,,,,,,
13079,Cá hố chiên,Cá hố chiên,Cá hố,,,,,,,,,,,,,,,,,,,,,,,,,,,,,
13080,Cá lóc kho thơm,Cá lóc kho thơm,Cá lóc,Thơm gọt,,Thơm gọt,,,,,,,,,,,,,,,,,,,,,,,,,,
13081,Bún bò nạm gân,Bún bò nạm gân,Bún bò,Bò nạm,Chả lụa,,,,,,,,,,,,,,,,,,,,,,,,,,,
13082,Cá lóc kho tiêu,Cá lóc kho tiêu,Cá lóc,,,,,,,,,,,,,,,,,,,,,,,,,,,,,
13083,Cá ngừ kho cà,Cá ngừ kho cà,Cá ngừ lát size 8,,,,,,,,,,,,,,,,,,,,,,,,,,,,,
13084,Cá ngừ kho cà,Cá ngừ kho cà lớn,Cá ngừ lát size 10,,,,,,,,,,,,,,,,,,,,,,,,,,,,,
13085,Bún mắm,Bún mắm,Bún,Mực lá tươi,Tôm thẻ size 100 con,Mắm linh xay,,,,,,,,,,,,,,,,,,,,,,,,,,
13086,Bún mắm,Bún mắm thịt,Bún,Mực lá tươi,Thịt heo nạc vai,Mắm linh xay,,,,,,,,,,,,,,,,,,,,,,,,,,
13087,Bún mắm,Bún mắm heo quay,Bún,Heo quay,Tôm thẻ size 60 con,Mắm linh xay,,,,,,,,,,,,,,,,,,,,,,,,,,
13088,Bún mắm,Bún mắm tôm,Bún,Thịt xay,Tôm thẻ size 60 con,Mắm linh xay,,,,,,,,,,,,,,,,,,,,,,,,,,
13089,Bún mắm,Bún mắm cao cấp,Bún,Thịt heo nạc vai,Tôm thẻ size 100 con,Mắm linh xay,,,,,,,,,,,,,,,,,,,,,,,,,,
13090,Bún mắm,Bún mắm tổng hợp,Bún,Mắm linh xay,Heo quay,Chả cá nha trang,,,,,,,,,,,,,,,,,,,,,,,,,,
13091,Bún mắm,Bún mắm hải sản,Bún,Mực lá tươi,Tôm thẻ size 80 con,Mắm linh xay,,,,,,,,,,,,,,,,,,,,,,,,,,
13092,Canh bầu,Canh bầu thịt bằm,Bầu,Thịt xay,,,,,,,,,,,,,,,,,,,,,,,,,,,,
13093,Cánh gà chiên nước mắm,Cánh gà chiên nước mắm,Cánh gà tươi size 8,,,,,,,,,,,,,,,,,,,,,,,,,,,,,
13094,Cá chiên mắm tỏi,Cá chiên mắm tỏi,Cá nục size 10,,,,,,,,,,,,,,,,,,,,,,,,,,,,,
13095,Cá nục kho tiêu,Cá nục kho tiêu,Cá nục bông 400-600g,,,,,,,,,,,,,,,,,,,,,,,,,,,,,
13096,Cá nục kho tiêu,Cá nục lớn kho tiêu,Cá nục size 10,,,,,,,,,,,,,,,,,,,,,,,,,,,,,
13097,Bánh canh gà,Bánh canh gà fillet,Bánh canh,File không da tươi,,,,,,,,,,,,,,,,,,,,,,,,,,,,
13098,Bánh canh gà,Bánh canh gà đùi góc tư,Bánh canh,Đùi góc tư tươi,File không da tươi,,,,,,,,,,,,,,,,,,,,,,,,,,,
13099,Bánh canh gà,Bánh canh gà ta,Bánh canh,Gà tam hoàng,File không da tươi,,,,,,,,,,,,,,,,,,,,,,,,,,,
13100,Bánh canh gà,Bánh canh gà truyền thống,Bánh canh,,,,,,,,,,,,,,,,,,,,,,,,,,,,,
13101,Bò viên xào hành tây,Bò viên xào hành tây,Bò viên,Hành tây,,,,,,,,,,,,,,,,,,,,,,,,,,,,
13102,Bún thịt nướng,Bún thịt nướng chả giò,Bún nhỏ,Thịt heo vai tươi,Chả giò xốp tôm thịt,,,,,,,,,,,,,,,,,,,,,,,,,,,
13103,Canh đậu hũ hẹ,Canh đậu hũ hẹ,Đậu hũ trắng,Cà chua,Hẹ,,,,,,,,,,,,,,,,,,,,,,,,,,,
13104,Bún bò gân,Bún bò gân,Bún bò,Bò gân,,,,,,,,,,,,,,,,,,,,,,,,,,,,
13105,Bún bò gàu chả,Bún bò gàu chả,Bún bò,Bò gàu,Chả lụa,,,,,,,,,,,,,,,,,,,,,,,,,,,
13106,Bún chả giò bì thịt,Bún chả giò bì thịt,Bún nhỏ,Thịt heo vai tươi,Chả giò xốp tôm thịt,,,,,,,,,,,,,,,,,,,,,,,,,,,
13107,Bánh da lợn,Bánh da lợn,Bánh da lợn,,,,,,,,,,,,,,,,,,,,,,,,,,,,,
13108,Bắp cải xào cà rốt,Bắp cải xào cà rốt,Bắp cải trắng,Cà rốt,,,,,,,,,,,,,,,,,,,,,,,,,,,,
13109,Cá mèo chiên,Cá mèo chiên,Cá mèo,,,,,,,,,,,,,,,,,,,,,,,,,,,,,
13110,Canh cà chua trứng,Canh cà chua trứng,Cà chua,Trứng gà 300 quả/cây,,,,,,,,,,,,,,,,,,,,,,,,,,,,
13111,Bò hầm tiêu xanh,Bò hầm tiêu xanh,Bò nạm,Cà rốt,,,,,,,,,,,,,,,,,,,,,,,,,,,,
13112,Canh cải xanh nấu mọc,Canh cải xanh nấu mọc,Cải xanh,Mọc,,,,,,,,,,,,,,,,,,,,,,,,,,,,
13113,Canh chua thập cẩm,Canh chua thập cẩm đặc biệt,Bạc hà,Giá,Đậu bắp,Cà chua,,,,,,,,,,,,,,,,,,,,,,,,,,
13114,Bún hải sản,Bún hải sản,Bún,Bò tái,Tôm thẻ size 60 con,,,,,,,,,,,,,,,,,,,,,,,,,,,
13115,Bún hải sản,Bún hải sản chả cá,Bún,Cá thác lác,Mọc,,,,,,,,,,,,,,,,,,,,,,,,,,,
13116,Cá chiên mắm xoài,Cá chiên mắm xoài,Cá nục size 8,Xoài xanh,,,,,,,,,,,,,,,,,,,,,,,,,,,,
13117,Cá chiên mắm xoài,Cá chiên mắm xoài size 10,Cá nục size 10,Xoài xanh,,,,,,,,,,,,,,,,,,,,,,,,,,,,
13118,Bánh canh thập cẩm,Bánh canh heo cá tôm size 60,Bánh canh,Thịt heo nạc vai,Trứng cút,Tôm thẻ size 60 con,Cá thác lác,Mọc,Thịt xay,,,,,,,,,,,,,,,,,,,,,,,
13119,Bánh canh thập cẩm,Bánh canh thập cẩm đơn giản,Bánh canh,,,,,,,,,,,,,,,,,,,,,,,,,,,,,
13120,Bánh canh thập cẩm,Bánh canh chả cút tôm size 100,Bánh canh,Thịt heo vai tươi,Chả lụa,Trứng cút,Tôm thẻ size 100 con,,,,,,,,,,,,,,,,,,,,,,,,,
13121,Bánh canh thập cẩm,Bánh canh thịt đùi heo,Bánh canh,Thịt đùi heo tươi,,,,,,,,,,,,,,,,,,,,,,,,,,,,
13122,Bánh canh thập cẩm,Bánh canh thịt tôm,Bánh canh,Thịt heo nạc vai,Trứng cút,Tôm thẻ size 60 con,,,,,,,,,,,,,,,,,,,,,,,,,,
13123,Bánh canh thập cẩm,Bánh canh thịt chả,Bánh canh,Thịt heo nạc vai,Chả lụa,Tôm thẻ size 60 con,Trứng cút,,,,,,,,,,,,,,,,,,,,,,,,,
13124,Bánh canh thập cẩm,Bánh canh trứng chả lụa,Bánh canh,Chả lụa,Trứng cút,,,,,,,,,,,,,,,,,,,,,,,,,,,
13125,Bánh canh thập cẩm,Bánh canh heo tôm size 80,Bánh canh,Thịt heo nạc vai,Chả lụa,Trứng cút,Tôm thẻ size 80 con,,,,,,,,,,,,,,,,,,,,,,,,,
13288,Bánh canh thập cẩm,Bánh canh thập cẩm đầy đủ,Bánh canh,Tôm khô,Cua xay,Mọc,Chả lụa,,,,,,,,,,,,,,,,,,,,,,,,,
13126,Bún riêu cua,Bún riêu cua,Bún nhỏ,Xương heo,Đậu hũ chiên,Trứng gà 300 quả/cây,,,,,,,,,,,,,,,,,,,,,,,,,,
13127,Bún riêu cua,Bún riêu cua thịt,Bún nhỏ,Thịt heo nạc vai,Chả lụa,,,,,,,,,,,,,,,,,,,,,,,,,,,
13128,Bao tử hầm tiêu xanh,Bao tử hầm tiêu xanh,Bao tử,Tiêu xanh,,,,,,,,,,,,,,,,,,,,,,,,,,,,
13129,Bánh flan,Bánh flan,Bánh flan,,,,,,,,,,,,,,,,,,,,,,,,,,,,,
13130,Cải luộc,Cải luộc,Cải ngọt,,,,,,,,,,,,,,,,,,,,,,,,,,,,,
13131,Cà tím sốt,Cà tím sốt,Cà tím,,,,,,,,,,,,,,,,,,,,,,,,,,,,,
13132,Cá ba sa kho tiêu,Cá ba sa kho tiêu,Cá ba sa không đầu,,,,,,,,,,,,,,,,,,,,,,,,,,,,,
13133,Cá cơm rim tỏi ớt,Cá cơm rim tỏi ớt,Cá cơm khô,,,,,,,,,,,,,,,,,,,,,,,,,,,,,
13134,Canh cải thảo,Canh cải thảo,Cải thảo,Thịt xay,,,,,,,,,,,,,,,,,,,,,,,,,,,,
13135,Cá ngừ kho dưa,Cá ngừ kho dưa,Cá ngừ lát size 10,,,,,,,,,,,,,,,,,,,,,,,,,,,,,
13136,Bì thịt,Bì thịt,Bì heo,Thịt heo nạc vai,Thính,,,,,,,,,,,,,,,,,,,,,,,,,,,
13137,Cá ba sa kho thơm,Cá ba sa kho thơm,Cá ba sa không đầu,Thơm gọt,,,,,,,,,,,,,,,,,,,,,,,,,,,,
13138,Bún nem cua bể bì thịt,Bún nem cua bể bì thịt,Bún nhỏ,Nem cua bể,Chả giò xốp tôm thịt,Bì heo,,,,,,,,,,,,,,,,,,,,,,,,,,
13139,Bò xào ớt chuông,Bò xào ớt chuông hành tây,Bò tái,Ớt chuông đỏ,Hành tây,,,,,,,,,,,,,,,,,,,,,,,,,,,
13140,Cá hường chiên muối ớt,Cá hường chiên muối ớt,Cá đổng lai size 8,Muối ớt,,,,,,,,,,,,,,,,,,,,,,,,,,,,
13141,Cá nục chiên sốt mắm,Cá nục chiên sốt mắm,Cá nục size 8,,,,,,,,,,,,,,,,,,,,,,,,,,,,,
13142,Cá nục chiên sốt mắm,Cá nục chiên sốt mắm size 10,Cá nục size 10,,,,,,,,,,,,,,,,,,,,,,,,,,,,,
13143,Bò lúc lắc,Bò lúc lắc,Bò nguyên,,,,,,,,,,,,,,,,,,,,,,,,,,,,,
13144,Cá ngừ kho thơm,Cá ngừ size 8 kho thơm,Cá ngừ lát size 8,Thơm gọt,,,,,,,,,,,,,,,,,,,,,,,,,,,,
13145,Cá ngừ kho thơm,Cá ngừ size 10 kho thơm,Cá ngừ lát size 10,Thơm gọt,,,,,,,,,,,,,,,,,,,,,,,,,,,,
13146,Bún bò huế,Bún bò huế,Bún bò,Bò gàu,Chả cây bò ,Bò tái,,,,,,,,,,,,,,,,,,,,,,,,,,
13147,Cải thảo xào,Cải thảo xào,Cải thảo,,,,,,,,,,,,,,,,,,,,,,,,,,,,,
13148,Bún thịt luộc nem nướng,Bún thịt luộc nem nướng,Bún nhỏ,Thịt heo vai tươi,Nem nướng,,,,,,,,,,,,,,,,,,,,,,,,,,,
13149,Cá ba sa chiên sả,Cá ba sa chiên sả,Cá ba sa không đầu,,,,,,,,,,,,,,,,,,,,,,,,,,,,,
13150,Cá nục kho măng,Cá nục kho măng,Cá nục bông 400-600g,Măng tươi,,,,,,,,,,,,,,,,,,,,,,,,,,,,
13151,Cá nục kho măng,Cá nục kho măng tôm thẻ,Cá nục bông 400-600g,Tôm thẻ size 100 con,,,,,,,,,,,,,,,,,,,,,,,,,,,,
13152,Cá nục kho măng,Cá nục kho măng lớn,Cá nục size 10,Măng tươi,,,,,,,,,,,,,,,,,,,,,,,,,,,,
13153,Cá nục kho măng,Cá nục bông 400-600g kho măng,Cá nục bông 400-600g,,,,,,,,,,,,,,,,,,,,,,,,,,,,,
13154,Cá cơm chay bắp mĩ xào hành,Cá cơm chay xào bắp,Cá cơm chay,Bắp mỹ,,,,,,,,,,,,,,,,,,,,,,,,,,,,
13155,Cá cơm chay nấm xào chua ngọt,Cá cơm chay xào chua ngọt,Cá cơm chay,Nấm đùi gà,Cà chua,Ớt sừng ngọt,,,,,,,,,,,,,,,,,,,,,,,,,,
13156,Cá hường chiên sả nước mắm tỏi,Cá hường chiên sả nước mắm tỏi,Cá đổng size 10,,,,,,,,,,,,,,,,,,,,,,,,,,,,,
13271,Thịt kho cà rốt,Thịt kho cà rốt,Thịt heo vai tươi,Cà rốt,,,,,,,,,,,,,,,,,,,,,,,,,,,,
13272,Trái cây,,,,,,,,,,,,,,,,,,,,,,,,,,,,,,,
13273,Chuối,,,,,,,,,,,,,,,,,,,,,,,,,,,,,,,
13274,Đậu hũ xào rau củ,Đậu hũ xào rau củ thập cẩm,Đậu hũ trắng,Ớt chuông đủ màu,Hành tây,Nấm đông cô,,,,,,,,,,,,,,,,,,,,,,,,,,
13275,Cá chiên sả,,,,,,,,,,,,,,,,,,,,,,,,,,,,,,,
13276,Sườn kho thơm,Sườn kho thơm,Sườn non tươi,Thơm gọt,,,,,,,,,,,,,,,,,,,,,,,,,,,,
13277,Rau muống xào,Rau muống xào,Rau muống,,,,,,,,,,,,,,,,,,,,,,,,,,,,,
13278,Trái cây,Trái cây,,,,,,,,,,,,,,,,,,,,,,,,,,,,,,
13279,Bún gạo,,,,,,,,,,,,,,,,,,,,,,,,,,,,,,,
13280,Dưa giá,Dưa giá,,,,,,,,,,,,,,,,,,,,,,,,,,,,,,
13282,Củ sen xào chay,Củ sen xào chay,Củ sen tươi,Ớt chuông đủ màu,Hành tây,Nấm kim châm,,,,,,,,,,,,,,,,,,,,,,,,,,
13283,Heo quay kho chay,Heo quay chay kho dưa chua,Heo quay chay,Dưa chua,,,,,,,,,,,,,,,,,,,,,,,,,,,,
13284,Cánh gà sốt chua ngọt,Cánh gà sốt chua ngọt,Cánh gà tươi size 8,,,,,,,,,,,,,,,,,,,,,,,,,,,,,
13285,Thịt xào đậu ve,thịt xào đậu ve,Thịt heo vai tươi,Đậu ve,,,,,,,,,,,,,,,,,,,,,,,,,,,,
13286,Đùi gà bơ tỏi,Đùi gà bơ tỏi,Đùi tỏi tươi size 6->6.5 cái,,,,,,,,,,,,,,,,,,,,,,,,,,,,,
13291,Hủ tiếu xá xíu,Hủ tiếu xá xíu,Hủ tiếu tươi,Thịt heo nạc vai,,,,,,,,,,,,,,,,,,,,,,,,,,,,
13292,Tép rang mặn,,Tép,,,,,,,,,,,,,,,,,,,,,,,,,,,,,
13293,Cá chiên mắm sò,,Cá chim size 10,,,,,,,,,,,,,,,,,,,,,,,,,,,,,
13294,Canh chua,,Bạc hà,Giá,Đậu bắp,Cà chua,,,,,,,,,,,,,,,,,,,,,,,,,,
13295,Phở gà,,Phở,Đùi góc tư tươi,File không da tươi,,,,,,,,,,,,,,,,,,,,,,,,,,,
13296,Trứng kho tàu,,Trứng gà 300 quả/cây,,,,,,,,,,,,,,,,,,,,,,,,,,,,,
13297,Măng xào lá lốt,,Măng tươi,Lá lốt,,,,,,,,,,,,,,,,,,,,,,,,,,,,
13298,Thịt kho hột vịt,,Thịt heo vai tươi,Trứng vịt 300 quả/cây,,,,,,,,,,,,,,,,,,,,,,,,,,,,
13299,Nui sườn,,Sườn non ngon,Mọc,,,,,,,,,,,,,,,,,,,,,,,,,,,,
13300,Chè sâm bổ lượng,,,,,,,,,,,,,,,,,,,,,,,,,,,,,,,
13301,Cá cơm rim mè,Cá cơm rim mè,Cá cơm tươi,Mè đen,,,,,,,,,,,,,,,,,,,,,,,,,,,,
13302,Chả lụa rim hành lá,Chả lụa rim hành,Chả lụa,Hành lá,,,,,,,,,,,,,,,,,,,,,,,,,,,,
13303,Thịt nướng,,Thịt heo nạc vai,,,,,,,,,,,,,,,,,,,,,,,,,,,,,
13304,Chả lụa rim hành,,Chả lụa,Hành lá,,,,,,,,,,,,,,,,,,,,,,,,,,,,
13306,Mực trứng rim mắm,Mực trứng rim mắm,Mực trứng,,,,,,,,,,,,,,,,,,,,,,,,,,,,,
13307,Gỏi rau má,Gỏi rau má,Thịt heo nạc vai,Rau má,,,,,,,,,,,,,,,,,,,,,,,,,,,,
13308,Tôm chiên,,Tôm sú size 25,,,,,,,,,,,,,,,,,,,,,,,,,,,,,
13309,Bánh sữa,bánh sữa,Bánh otto,Bánh custas 96 cái/thùng,Bánh choco pie 96 cái/thùng,Sữa milo 180ml - 48 hộp/thùng,Sữa vinamilk có đường hộp 180ml (48 hộp/thùng),,,,,,,,,,,,,,,,,,,,,,,,,
13310,Cá tráo chiên,Cá tráo chiên,Cá tráo size 10,,,,,,,,,,,,,,,,,,,,,,,,,,,,,
13312,Gà kho,Gà kho,Má gà tươi,,,,,,,,,,,,,,,,,,,,,,,,,,,,,
13313,,,,,,,,,,,,,,,,,,,,,,,,,,,,,,,,
