ID,Mã món ăn,Mã nhóm món ăn,Tên món ăn,Nhóm món ăn
1,CANH_BAU_001,CANH_BAU,Canh bầu,MÓN CANH
2,CANH_BAU_002,CANH_BAU,Canh bầu nấu tôm,MÓN CANH
3,CANH_BI_001,CANH_BI,Canh bí đỏ,MÓN CANH
4,CANH_BI_002,CANH_BI,Canh bí đỏ hầm xương,MÓN CANH
5,CANH_BI_003,CANH_BI,Canh bí xanh,MÓN CANH
6,CANH_BI_004,CANH_BI,Canh bí xanh dồn thịt,MÓN CANH
7,CANH_CACHUA_001,CANH_CACHUA,Canh cà chua,MÓN CANH
8,CANH_CACHUA_002,CANH_CACHUA,Canh cà chua thịt bằm,MÓN CANH
9,CANH_CACHUA_003,CANH_CACHUA,Canh cà chua trứng,MÓN CANH
10,CANH_CAI_001,CANH_CAI,Canh bắp cải thịt bằm,MÓN CANH
11,CANH_CAI_002,CANH_CAI,Canh cải cúc,MÓN CANH
12,CANH_CAI_003,CANH_CAI,Canh cải ngọt,MÓN CANH
13,CANH_CAI_004,CANH_CAI,Canh cải thảo,MÓN CANH
14,CANH_CAI_005,CANH_CAI,Canh cải xanh,MÓN CANH
15,CANH_CAI_006,CANH_CAI,Canh cải xanh nấu mọc,MÓN CANH
16,CANH_CANHCHUA_001,CANH_CANHCHUA,Canh chua muống,MÓN CANH
17,CANH_CANHCHUA_002,CANH_CANHCHUA,Canh chua nấu nghêu,MÓN CANH
18,CANH_CANHCHUA_003,CANH_CANHCHUA,Canh chua thập cẩm,MÓN CANH
19,CANH_DAUHU_001,CANH_DAUHU,Canh đậu hũ hẹ,MÓN CANH
20,CANH_DAUHU_002,CANH_DAUHU,Canh đậu hũ kim chi,MÓN CANH
21,CANH_DAUHU_003,CANH_DAUHU,Canh kim chi đậu hũ,MÓN CANH
22,CANH_DUACHUA_001,CANH_DUACHUA,Canh dưa chua gân bò,MÓN CANH
23,CANH_DUDU_001,CANH_DUDU,Canh đu đủ,MÓN CANH
24,CANH_KHOAI_001,CANH_KHOAI,Canh khoai mỡ,MÓN CANH
25,CANH_KHOAI_002,CANH_KHOAI,Canh khoai mỡ nấu tôm,MÓN CANH
26,CANH_KHOQUA_001,CANH_KHOQUA,Canh khổ qua dồn thịt,MÓN CANH
27,CANH_KHOQUA_002,CANH_KHOQUA,Canh khổ qua thịt bằm,MÓN CANH
28,CANH_LAGIANG_001,CANH_LAGIANG,Canh lá giang,MÓN CANH
29,CANH_MIENMANG_001,CANH_MIENMANG,Canh miến măng,MÓN CANH
30,CANH_RAU_001,CANH_RAU,Canh mồng tơi,MÓN CANH
31,CANH_RAU_002,CANH_RAU,Canh mồng tơi cua,MÓN CANH
32,CANH_RAU_003,CANH_RAU,Canh mồng tơi mướp,MÓN CANH
33,CANH_RAU_004,CANH_RAU,Canh rau dền,MÓN CANH
34,CANH_RAU_005,CANH_RAU,Canh rau dền cua đồng,MÓN CANH
35,CANH_RAU_006,CANH_RAU,Canh rau má,MÓN CANH
36,CANH_RAU_007,CANH_RAU,Canh rau ngót,MÓN CANH
37,CANH_RONGBIEN_001,CANH_RONGBIEN,Canh rong biển,MÓN CANH
38,CANH_SUP_001,CANH_SUP,Canh súp,MÓN CANH
39,CANH_SUP_002,CANH_SUP,Canh súp xương,MÓN CANH
40,CHAY_BANHCANH_001,CHAY_BANHCANH,Bánh canh chay,MÓN CHAY
41,CHAY_BANHUOT_001,CHAY_BANHUOT,Bánh ướt chay,MÓN CHAY
42,CHAY_BAONGU_XAO_001,CHAY_BAONGU_XAO,Bào ngư xào xả,MÓN CHAY
43,CHAY_BAPMY_XAO_001,CHAY_BAPMY_XAO,Bắp mỹ xào hành,MÓN CHAY
44,CHAY_BAU_KHO_001,CHAY_BAU_KHO,Bầu kho nấm,MÓN CHAY
45,CHAY_BI_KHO_001,CHAY_BI_KHO,Bí xanh kho tiêu,MÓN CHAY
46,CHAY_BI_KHO_002,CHAY_BI_KHO,Bí xanh kho nấm,MÓN CHAY
47,CHAY_BO_KHO_001,CHAY_BO_KHO,Bò chay kho dưa chua,MÓN CHAY
48,CHAY_BO_RIM_001,CHAY_BO_RIM,Bò viên chay rim,MÓN CHAY
49,CHAY_BO_XAO_001,CHAY_BO_XAO,Bò chay xào dưa,MÓN CHAY
50,CHAY_BO_XAO_002,CHAY_BO_XAO,Bò chay xào khổ qua,MÓN CHAY
51,CHAY_BO_XAO_003,CHAY_BO_XAO,Bò chay xào sả ớt,MÓN CHAY
52,CHAY_BO_XAO_004,CHAY_BO_XAO,Bò chay xào thập cẩm,MÓN CHAY
53,CHAY_BO_XAO_005,CHAY_BO_XAO,Bò viên chay xào sả ớt,MÓN CHAY
54,CHAY_BO_XAO_006,CHAY_BO_XAO,Bò viên chay xào sa tế,MÓN CHAY
55,CHAY_BONGCAI_KHO_001,CHAY_BONGCAI_KHO,Bông cải kho bắp non,MÓN CHAY
56,CHAY_BONGCAI_XAO_001,CHAY_BONGCAI_XAO,Bông cải xào thập cẩm,MÓN CHAY
57,CHAY_BUN_KHO_001,CHAY_BUN_KHO,Bún đậu nước tương,MÓN CHAY
58,CHAY_BUN_KHO_002,CHAY_BUN_KHO,Bún nước tương chay,MÓN CHAY
59,CHAY_BUN_NUOC_001,CHAY_BUN_NUOC,Bún riêu chay,MÓN CHAY
60,CHAY_BUN_NUOC_002,CHAY_BUN_NUOC,Bún bò chay,MÓN CHAY
61,CHAY_BUN_XAO_001,CHAY_BUN_XAO,Bún gạo xào,MÓN CHAY
62,CHAY_BUN_XAO_002,CHAY_BUN_XAO,Bún xào chay,MÓN CHAY
63,CHAY_BUN_XAO_003,CHAY_BUN_XAO,Bún gạo xào chay,MÓN CHAY
64,CHAY_CACOM_KHAC_001,CHAY_CACOM_KHAC,Cá cơm chay,MÓN CHAY
65,CHAY_CACOM_KHAC_002,CHAY_CACOM_KHAC,Cá cơm chay + nấm xào chua ngọt,MÓN CHAY
66,CHAY_CACOM_KHAC_003,CHAY_CACOM_KHAC,Cá cơm kho chay,MÓN CHAY
67,CHAY_CACOM_KHAC_004,CHAY_CACOM_KHAC,Cá cơm chay + bắp mĩ xào hành,MÓN CHAY
68,CHAY_CAI_KHO_001,CHAY_CAI_KHO,Bắp cải kho chay,MÓN CHAY
69,CHAY_CAI_XAO_001,CHAY_CAI_XAO,Cải thìa xào nấm,MÓN CHAY
70,CHAY_CAI_XAO_002,CHAY_CAI_XAO,Bắp cải xào bông cải,MÓN CHAY
71,CHAY_CAI_XAO_003,CHAY_CAI_XAO,Cải thìa xào nấm đông cô,MÓN CHAY
72,CHAY_CAI_XAO_004,CHAY_CAI_XAO,Cải xào đông cô,MÓN CHAY
73,CHAY_CAI_XAO_005,CHAY_CAI_XAO,Cải xào nấm,MÓN CHAY
74,CHAY_CARI_HAM_001,CHAY_CARI_HAM,Cà ri chay,MÓN CHAY
75,CHAY_CATIM_CHIEN_001,CHAY_CATIM_CHIEN,Cà tím lăn bột chiên xù,MÓN CHAY
76,CHAY_CATIM_KHO_001,CHAY_CATIM_KHO,Cà tím kho đậu hũ,MÓN CHAY
77,CHAY_CATIM_KHO_002,CHAY_CATIM_KHO,Cà tím kho tiêu,MÓN CHAY
78,CHAY_CATIM_SOT_001,CHAY_CATIM_SOT,Cà tím sốt nấm,MÓN CHAY
79,CHAY_CATIM_SOT_002,CHAY_CATIM_SOT,Cà tím chiên sốt tương ,MÓN CHAY
80,CHAY_CATIM_UM_001,CHAY_CATIM_UM,Cà tím um xì dầu,MÓN CHAY
81,CHAY_COM_CHIEN_001,CHAY_COM_CHIEN,Cơm chiên chay,MÓN CHAY
82,CHAY_CUCAI_KHO_001,CHAY_CUCAI_KHO,Củ cải kho chay,MÓN CHAY
83,CHAY_CHACA_RIM_001,CHAY_CHACA_RIM,Chả cá chay rim,MÓN CHAY
84,CHAY_CHAGIO_CHIEN_001,CHAY_CHAGIO_CHIEN,"Chả giò chay, đậu hũ",MÓN CHAY
85,CHAY_CHALUA_KHO_001,CHAY_CHALUA_KHO,Chả chay kho thơm,MÓN CHAY
86,CHAY_CHALUA_KHO_002,CHAY_CHALUA_KHO,Chả lụa chay kho đậu hủ,MÓN CHAY
87,CHAY_CHALUA_RIM_001,CHAY_CHALUA_RIM,Chả lụa chay rim ớt chuông,MÓN CHAY
88,CHAY_CHALUA_RIM_002,CHAY_CHALUA_RIM,Chả lụa chay rim thơm,MÓN CHAY
89,CHAY_CHALUA_RIM_003,CHAY_CHALUA_RIM,Chả lụa rim sả,MÓN CHAY
90,CHAY_CHALUA_RIM_004,CHAY_CHALUA_RIM,Chả lụa chay rim tỏi ớt,MÓN CHAY
91,CHAY_CHALUA_SOT_001,CHAY_CHALUA_SOT,Chả lụa chay sốt cà,MÓN CHAY
92,CHAY_CHUOI_KHO_001,CHAY_CHUOI_KHO,Chuối xanh kho đậu,MÓN CHAY
93,CHAY_DAUHU_CHIEN_001,CHAY_DAUHU_CHIEN,Đậu hũ chiên sả,MÓN CHAY
94,CHAY_DAUHU_CHIEN_002,CHAY_DAUHU_CHIEN,Đậu hũ chiên xù,MÓN CHAY
95,CHAY_DAUHU_CHIEN_003,CHAY_DAUHU_CHIEN,Đậu hũ dồn chay,MÓN CHAY
96,CHAY_DAUHU_CHIEN_004,CHAY_DAUHU_CHIEN,Đậu hũ muối ớt,MÓN CHAY
97,CHAY_DAUHU_CHIEN_005,CHAY_DAUHU_CHIEN,Đậu hũ muối sả,MÓN CHAY
98,CHAY_DAUHU_CHIEN_006,CHAY_DAUHU_CHIEN,Đậu hũ non chiên giòn,MÓN CHAY
99,CHAY_DAUHU_CHIEN_007,CHAY_DAUHU_CHIEN,Tàu hũ ki chiên muối ớt,MÓN CHAY
100,CHAY_DAUHU_HAP_001,CHAY_DAUHU_HAP,Đậu hũ trắng hấp nấm,MÓN CHAY
101,CHAY_DAUHU_KHO_001,CHAY_DAUHU_KHO,Đậu hũ kho tương hộp,MÓN CHAY
102,CHAY_DAUHU_KHO_002,CHAY_DAUHU_KHO,Đậu hũ kho bắp cải,MÓN CHAY
103,CHAY_DAUHU_KHO_003,CHAY_DAUHU_KHO,Đậu hũ kho bông cải,MÓN CHAY
104,CHAY_DAUHU_KHO_004,CHAY_DAUHU_KHO,Đậu hũ kho cà tím,MÓN CHAY
105,CHAY_DAUHU_KHO_005,CHAY_DAUHU_KHO,Đậu hũ kho gừng,MÓN CHAY
106,CHAY_DAUHU_KHO_006,CHAY_DAUHU_KHO,Đậu hũ kho măng,MÓN CHAY
107,CHAY_DAUHU_KHO_007,CHAY_DAUHU_KHO,Đậu hũ kho nấm + khổ qua + thơm,MÓN CHAY
108,CHAY_DAUHU_KHO_008,CHAY_DAUHU_KHO,"Đậu hũ kho nấm, thơm, khổ qua",MÓN CHAY
109,CHAY_DAUHU_KHO_009,CHAY_DAUHU_KHO,Đậu hũ kho nước tương,MÓN CHAY
110,CHAY_DAUHU_KHO_010,CHAY_DAUHU_KHO,Đậu hũ kho thơm,MÓN CHAY
111,CHAY_DAUHU_KHO_011,CHAY_DAUHU_KHO,Đậu hũ kho tiêu,MÓN CHAY
112,CHAY_DAUHU_KHO_012,CHAY_DAUHU_KHO,Đậu hũ kho tương hột,MÓN CHAY
113,CHAY_DAUHU_KHO_013,CHAY_DAUHU_KHO,"Đậu hũ kho thơm, khổ qua",MÓN CHAY
114,CHAY_DAUHU_KHO_014,CHAY_DAUHU_KHO,"Đậu hũ kho thơm, nấm, khổ qua",MÓN CHAY
115,CHAY_DAUHU_OM_001,CHAY_DAUHU_OM,Đậu hũ om kim châm,MÓN CHAY
116,CHAY_DAUHU_RIM_001,CHAY_DAUHU_RIM,Đậu hũ rim chả lụa,MÓN CHAY
117,CHAY_DAUHU_SOT_001,CHAY_DAUHU_SOT,Tàu hũ ki sốt hành tây,MÓN CHAY
118,CHAY_DAUHU_SOT_002,CHAY_DAUHU_SOT,Đậu hũ non sốt nấm,MÓN CHAY
119,CHAY_DAUHU_SOT_003,CHAY_DAUHU_SOT,Đậu hũ non sốt cà,MÓN CHAY
120,CHAY_DAUHU_SOT_004,CHAY_DAUHU_SOT,Đậu hũ sốt cà,MÓN CHAY
121,CHAY_DAUHU_SOT_005,CHAY_DAUHU_SOT,Đậu hũ sốt cà và nấm,MÓN CHAY
122,CHAY_DAUHU_SOT_006,CHAY_DAUHU_SOT,Đậu hũ sốt chua ngọt,MÓN CHAY
123,CHAY_DAUHU_SOT_007,CHAY_DAUHU_SOT,Đậu hũ sốt nấm,MÓN CHAY
124,CHAY_DAUHU_SOT_008,CHAY_DAUHU_SOT,"Đậu hũ sốt nấm, cà chua",MÓN CHAY
125,CHAY_DAUHU_SOT_009,CHAY_DAUHU_SOT,"Đậu hũ sốt nấm, cà rốt",MÓN CHAY
126,CHAY_DAUHU_SOT_010,CHAY_DAUHU_SOT,Đậu hũ trắng sốt cà chua,MÓN CHAY
127,CHAY_DAUHU_XAO_001,CHAY_DAUHU_XAO,Tàu hũ ki xào nấm,MÓN CHAY
128,CHAY_DAUHU_XAO_002,CHAY_DAUHU_XAO,"Tàu hũ ki xào sả ớt
",MÓN CHAY
129,CHAY_DAUHU_XAO_003,CHAY_DAUHU_XAO,Đậu hũ xào bông cải,MÓN CHAY
130,CHAY_DAUHU_XAO_004,CHAY_DAUHU_XAO,Đậu hũ xào giá cải thìa,MÓN CHAY
131,CHAY_DAUHU_XAO_005,CHAY_DAUHU_XAO,Đậu hũ xào giá hẹ,MÓN CHAY
132,CHAY_DAUHU_XAO_006,CHAY_DAUHU_XAO,Đậu hũ xào giá mướp,MÓN CHAY
133,CHAY_DAUHU_XAO_007,CHAY_DAUHU_XAO,Đậu hũ xào măng,MÓN CHAY
134,CHAY_DAUHU_XAO_008,CHAY_DAUHU_XAO,Đậu hũ xào ngũ sắc,MÓN CHAY
135,CHAY_DAUHU_XAO_009,CHAY_DAUHU_XAO,Đậu hũ xào rau củ,MÓN CHAY
136,CHAY_DAUHU_XAO_010,CHAY_DAUHU_XAO,Đậu hũ xào sả ớt,MÓN CHAY
137,CHAY_DAUHU_XAO_011,CHAY_DAUHU_XAO,Đậu hũ xào thập cẩm,MÓN CHAY
138,CHAY_DAUPHONG_RANG_001,CHAY_DAUPHONG_RANG,Đậu phộng rang muối,MÓN CHAY
139,CHAY_DAUPHONG_RIM_001,CHAY_DAUPHONG_RIM,Đậu phộng rim,MÓN CHAY
140,CHAY_DAUPHONG_RIM_002,CHAY_DAUPHONG_RIM,Đậu phộng rim tỏi ớt,MÓN CHAY
141,CHAY_DAUVE_XAO_001,CHAY_DAUVE_XAO,Đậu ve xào nấm,MÓN CHAY
142,CHAY_DUA_GOI_001,CHAY_DUA_GOI,Gỏi củ hũ dừa chay + mắm thái chay,MÓN CHAY
143,CHAY_DUA_KHAC_001,CHAY_DUA_KHAC,Sườn dừa chay,MÓN CHAY
144,CHAY_DUA_KHO_001,CHAY_DUA_KHO,Dừa kho,MÓN CHAY
145,CHAY_GA_RIM_001,CHAY_GA_RIM,Đùi gà chay rim,MÓN CHAY
146,CHAY_GA_XAO_001,CHAY_GA_XAO,Đùi gà chay xào sả,MÓN CHAY
147,CHAY_GOI_GOI_001,CHAY_GOI_GOI,Gỏi chay,MÓN CHAY
148,CHAY_GOI_GOI_002,CHAY_GOI_GOI,Gỏi mít non,MÓN CHAY
149,CHAY_GOI_GOI_003,CHAY_GOI_GOI,Gỏi ngó sen,MÓN CHAY
150,CHAY_GOI_GOI_004,CHAY_GOI_GOI,Gỏi rau má,MÓN CHAY
151,CHAY_GOI_GOI_005,CHAY_GOI_GOI,Gỏi xoài chay,MÓN CHAY
152,CHAY_HAMCHAY_RIM_001,CHAY_HAMCHAY_RIM,Ham chay rim,MÓN CHAY
153,CHAY_HAMCHAY_RIM_002,CHAY_HAMCHAY_RIM,Ham chay rim thơm,MÓN CHAY
154,CHAY_HEO_KHIA_001,CHAY_HEO_KHIA,Ruột heo khìa nước dừa,MÓN CHAY
155,CHAY_HEO_KHO_001,CHAY_HEO_KHO,Ruột non kho dưa chua,MÓN CHAY
156,CHAY_HEO_XAO_001,CHAY_HEO_XAO,Ruột non chay xào cải chua,MÓN CHAY
157,CHAY_HUTIEU_NUOC_001,CHAY_HUTIEU_NUOC,Hủ tiếu chay,MÓN CHAY
158,CHAY_HUTIEU_XAO_001,CHAY_HUTIEU_XAO,Hủ tiếu xào chay,MÓN CHAY
159,CHAY_KHOAI_CHIEN_001,CHAY_KHOAI_CHIEN,Khoai tây chiên,MÓN CHAY
160,CHAY_KHOAI_KHO_001,CHAY_KHOAI_KHO,Khoai môn kho chay,MÓN CHAY
161,CHAY_KHOAI_KHO_002,CHAY_KHOAI_KHO,Khoai tây kho chay,MÓN CHAY
162,CHAY_KHOAI_KHO_003,CHAY_KHOAI_KHO,Khoai tây kho chay + mắm thái chay,MÓN CHAY
163,CHAY_KHOAI_KHO_004,CHAY_KHOAI_KHO,Khoai môn kho cay,MÓN CHAY
164,CHAY_KHOAI_RIM_001,CHAY_KHOAI_RIM,Khoai tây rim mè,MÓN CHAY
165,CHAY_KHOQUA_KHAC_001,CHAY_KHOQUA_KHAC,Khổ qua dồn chay,MÓN CHAY
166,CHAY_KHOQUA_KHO_001,CHAY_KHOQUA_KHO,Khổ qua kho chay ,MÓN CHAY
167,CHAY_KHOQUA_KHO_002,CHAY_KHOQUA_KHO,Khổ qua kho nấm,MÓN CHAY
168,CHAY_KHOQUA_XAO_001,CHAY_KHOQUA_XAO,Khổ qua xào chay,MÓN CHAY
169,CHAY_KHOQUA_XAO_002,CHAY_KHOQUA_XAO,Khổ qua xào đậu hũ,MÓN CHAY
170,CHAY_KHOQUA_XAO_003,CHAY_KHOQUA_XAO,Khổ qua xào nấm,MÓN CHAY
171,CHAY_KHOQUA_XAO_004,CHAY_KHOQUA_XAO,Khổ qua xào + cá cơm chay,MÓN CHAY
172,CHAY_KHOQUA_XAO_005,CHAY_KHOQUA_XAO,Khổ qua xào trứng + đậu phộng rim,MÓN CHAY
173,CHAY_LAGU_HAM_001,CHAY_LAGU_HAM,Lagu chay,MÓN CHAY
174,CHAY_MAM_KHAC_001,CHAY_MAM_KHAC,Mắm thái chay,MÓN CHAY
175,CHAY_MANG_XAO_001,CHAY_MANG_XAO,Măng xào,MÓN CHAY
176,CHAY_MANG_XAO_002,CHAY_MANG_XAO,Măng xào nấm,MÓN CHAY
177,CHAY_MI_XAO_001,CHAY_MI_XAO,Mì ý chay,MÓN CHAY
178,CHAY_MI_XAO_002,CHAY_MI_XAO,Mì căn xào sả ớt,MÓN CHAY
179,CHAY_MI_XAO_003,CHAY_MI_XAO,Mì xào chay,MÓN CHAY
180,CHAY_MI_XAO_004,CHAY_MI_XAO,Mì căn xào,MÓN CHAY
181,CHAY_MIT_GOI_001,CHAY_MIT_GOI,Gỏi mít,MÓN CHAY
182,CHAY_MIT_KHO_001,CHAY_MIT_KHO,Mít non kho đậu phộng,MÓN CHAY
183,CHAY_MIT_KHO_002,CHAY_MIT_KHO,Mít non kho nước tương,MÓN CHAY
184,CHAY_MIT_KHO_003,CHAY_MIT_KHO,Mít non kho tộ,MÓN CHAY
185,CHAY_MIT_RIM_001,CHAY_MIT_RIM,Mít non rim sả,MÓN CHAY
186,CHAY_MUOP_XAO_001,CHAY_MUOP_XAO,Mướp xào cải ngọt,MÓN CHAY
187,CHAY_MUOP_XAO_002,CHAY_MUOP_XAO,Mướp xào đông cô,MÓN CHAY
188,CHAY_MUOP_XAO_003,CHAY_MUOP_XAO,Mướp xào nấm,MÓN CHAY
189,CHAY_MUOP_XAO_004,CHAY_MUOP_XAO,Mướp xào thập cẩm,MÓN CHAY
190,CHAY_NAM_CHIEN_001,CHAY_NAM_CHIEN,Nấm bào ngư chiên nước mắm,MÓN CHAY
191,CHAY_NAM_CHIEN_002,CHAY_NAM_CHIEN,Nấm bào ngư chiên giòn,MÓN CHAY
192,CHAY_NAM_CHIEN_003,CHAY_NAM_CHIEN,Nấm bào ngư chiên sả ớt,MÓN CHAY
193,CHAY_NAM_KHO_001,CHAY_NAM_KHO,Nấm kho bông cải,MÓN CHAY
194,CHAY_NAM_KHO_002,CHAY_NAM_KHO,Nấm kho củ quả,MÓN CHAY
195,CHAY_NAM_KHO_003,CHAY_NAM_KHO,Nấm kho đậu hũ,MÓN CHAY
196,CHAY_NAM_KHO_004,CHAY_NAM_KHO,Nấm kho măng,MÓN CHAY
197,CHAY_NAM_KHO_005,CHAY_NAM_KHO,Nấm kho thơm,MÓN CHAY
198,CHAY_NAM_KHO_006,CHAY_NAM_KHO,Nấm kho tiêu,MÓN CHAY
199,CHAY_NAM_KHO_007,CHAY_NAM_KHO,Nấm rơm kho tiêu,MÓN CHAY
200,CHAY_NAM_KHO_008,CHAY_NAM_KHO,Nấm kho dưa chua,MÓN CHAY
201,CHAY_NAM_XAO_001,CHAY_NAM_XAO,Nấm kim châm xào chay,MÓN CHAY
202,CHAY_NAM_XAO_002,CHAY_NAM_XAO,Nấm rơm xào mướp,MÓN CHAY
203,CHAY_NAM_XAO_003,CHAY_NAM_XAO,Nấm sốt cải thìa,MÓN CHAY
204,CHAY_NAM_XAO_004,CHAY_NAM_XAO,Nấm xào bắp non,MÓN CHAY
205,CHAY_NAM_XAO_005,CHAY_NAM_XAO,Nấm xào bông cải,MÓN CHAY
206,CHAY_NAM_XAO_006,CHAY_NAM_XAO,Nấm xào chua ngọt,MÓN CHAY
207,CHAY_NAM_XAO_007,CHAY_NAM_XAO,Nấm xào măng,MÓN CHAY
208,CHAY_NAM_XAO_008,CHAY_NAM_XAO,Nấm xào mướp,MÓN CHAY
209,CHAY_NAM_XAO_009,CHAY_NAM_XAO,Nấm xào rau củ,MÓN CHAY
210,CHAY_NAM_XAO_010,CHAY_NAM_XAO,Nấm xào sả ớt,MÓN CHAY
211,CHAY_NAM_XAO_011,CHAY_NAM_XAO,Nấm xào thập cẩm,MÓN CHAY
212,CHAY_NAM_XAO_012,CHAY_NAM_XAO,Nấm rơm xào đậu ve,MÓN CHAY
213,CHAY_NAM_XAO_013,CHAY_NAM_XAO,Nấm bào ngư xào mướp,MÓN CHAY
214,CHAY_NAM_XAO_014,CHAY_NAM_XAO,Nui xào chay,MÓN CHAY
215,CHAY_PHO_NUOC_001,CHAY_PHO_NUOC,Phở bò chay,MÓN CHAY
216,CHAY_RAU_GOI_001,CHAY_RAU_GOI,Gỏi rau càng cua + đậu phông rim,MÓN CHAY
217,CHAY_RAUCU_KHO_001,CHAY_RAUCU_KHO,Rau củ kho thập cẩm,MÓN CHAY
218,CHAY_RAUCU_KHO_002,CHAY_RAUCU_KHO,Rau củ kho tương hột,MÓN CHAY
219,CHAY_RAUCU_KHO_003,CHAY_RAUCU_KHO,Củ quả kho chay,MÓN CHAY
220,CHAY_RAUCU_KHO_004,CHAY_RAUCU_KHO,Củ quả kho nấm,MÓN CHAY
221,CHAY_RAUCU_KHO_005,CHAY_RAUCU_KHO,Củ quả kho thập cẩm,MÓN CHAY
222,CHAY_SUON_RIM_001,CHAY_SUON_RIM,Sườn chay rim,MÓN CHAY
223,CHAY_SUON_RIM_002,CHAY_SUON_RIM,Sườn dừa rim,MÓN CHAY
224,CHAY_SUON_RIM_003,CHAY_SUON_RIM,Sườn non chay rim,MÓN CHAY
225,CHAY_SUON_RIM_004,CHAY_SUON_RIM,Sườn non chay ram sả,MÓN CHAY
226,CHAY_TOM_RIM_001,CHAY_TOM_RIM,Tôm chay rim,MÓN CHAY
227,CHAY_TOM_XAO_001,CHAY_TOM_XAO,Tôm chay xào thập cẩm,MÓN CHAY
228,CHAY_THOM_OM_001,CHAY_THOM_OM,Thơm om nấm,MÓN CHAY
229,MONMAN_BO_GOI_001,MONMAN_BO_GOI,Gỏi bò,MÓN MẶN
230,MONMAN_BO_GOI_002,MONMAN_BO_GOI,Bò bóp thấu,MÓN MẶN
231,MONMAN_BO_GOI_003,MONMAN_BO_GOI,Gỏi bò chua cay,MÓN MẶN
232,MONMAN_BO_GOI_004,MONMAN_BO_GOI,Gỏi bò rau càng cua,MÓN MẶN
233,MONMAN_BO_GOI_005,MONMAN_BO_GOI,Gỏi bò tứ xuyên,MÓN MẶN
234,MONMAN_BO_GOI_006,MONMAN_BO_GOI,Salad bò,MÓN MẶN
235,MONMAN_BO_HAM_001,MONMAN_BO_HAM,Bò hầm tiêu xanh,MÓN MẶN
236,MONMAN_BO_HAM_002,MONMAN_BO_HAM,Bò lagu,MÓN MẶN
237,MONMAN_BO_KHO_001,MONMAN_BO_KHO,Bò kho dưa chua,MÓN MẶN
238,MONMAN_BO_KHO_002,MONMAN_BO_KHO,Bò kho gừng,MÓN MẶN
239,MONMAN_BO_RIM_001,MONMAN_BO_RIM,Bò viên rim mắm,MÓN MẶN
240,MONMAN_BO_SOT_001,MONMAN_BO_SOT,Bò viên sốt cà,MÓN MẶN
241,MONMAN_BO_SOT_002,MONMAN_BO_SOT,Bò viên sốt chua ngọt,MÓN MẶN
242,MONMAN_BO_SOT_003,MONMAN_BO_SOT,Bò viên sốt hành tây,MÓN MẶN
243,MONMAN_BO_XAO_001,MONMAN_BO_XAO,Bò viên xào hành tây,MÓN MẶN
244,MONMAN_BO_XAO_002,MONMAN_BO_XAO,Bò lúc lắc,MÓN MẶN
245,MONMAN_BO_XAO_003,MONMAN_BO_XAO,Bò xào bắp non,MÓN MẶN
246,MONMAN_BO_XAO_004,MONMAN_BO_XAO,Bò xào bông cải,MÓN MẶN
247,MONMAN_BO_XAO_005,MONMAN_BO_XAO,Bò xào bông hẹ,MÓN MẶN
248,MONMAN_BO_XAO_006,MONMAN_BO_XAO,Bò xào chua ngọt,MÓN MẶN
249,MONMAN_BO_XAO_007,MONMAN_BO_XAO,Bò xào đậu cove,MÓN MẶN
250,MONMAN_BO_XAO_008,MONMAN_BO_XAO,Bò xào đậu rồng,MÓN MẶN
251,MONMAN_BO_XAO_009,MONMAN_BO_XAO,Bò xào đậu ve,MÓN MẶN
252,MONMAN_BO_XAO_010,MONMAN_BO_XAO,Bò xào hành cần,MÓN MẶN
253,MONMAN_BO_XAO_011,MONMAN_BO_XAO,Bò xào khổ qua,MÓN MẶN
254,MONMAN_BO_XAO_012,MONMAN_BO_XAO,Bò xào khoai tây,MÓN MẶN
255,MONMAN_BO_XAO_013,MONMAN_BO_XAO,Bò xào lá lốt,MÓN MẶN
256,MONMAN_BO_XAO_014,MONMAN_BO_XAO,Bò xào lăn,MÓN MẶN
257,MONMAN_BO_XAO_015,MONMAN_BO_XAO,Bò xào nấm,MÓN MẶN
258,MONMAN_BO_XAO_016,MONMAN_BO_XAO,Bò xào ngũ sắc,MÓN MẶN
259,MONMAN_BO_XAO_017,MONMAN_BO_XAO,Bò xào ớt chuông,MÓN MẶN
260,MONMAN_BO_XAO_018,MONMAN_BO_XAO,Bò xào rau củ,MÓN MẶN
261,MONMAN_BO_XAO_019,MONMAN_BO_XAO,Bò xào sả ớt,MÓN MẶN
262,MONMAN_BO_XAO_020,MONMAN_BO_XAO,Bò xào su hào,MÓN MẶN
263,MONMAN_BO_XAO_021,MONMAN_BO_XAO,Bò xào thập cẩm,MÓN MẶN
264,MONMAN_BO_XAO_022,MONMAN_BO_XAO,Bò xào thiên lý,MÓN MẶN
265,MONMAN_BO_XAO_023,MONMAN_BO_XAO,Bò xào tứ xuyên,MÓN MẶN
266,MONMAN_BO_XAO_024,MONMAN_BO_XAO,Nạm bò xào hành tây,MÓN MẶN
267,MONMAN_BO_XAO_025,MONMAN_BO_XAO,Nạm bò xào sả ớt,MÓN MẶN
268,MONMAN_BO_XAO_026,MONMAN_BO_XAO,Nạm bò xào sa tế,MÓN MẶN
269,MONMAN_BO_XAO_027,MONMAN_BO_XAO,Thịt bò xào bông cải,MÓN MẶN
270,MONMAN_CA_CHIEN_001,MONMAN_CA_CHIEN,Cá ba sa chiên sả,MÓN MẶN
271,MONMAN_CA_CHIEN_002,MONMAN_CA_CHIEN,Cá chiên + mắm tỏi,MÓN MẶN
272,MONMAN_CA_CHIEN_003,MONMAN_CA_CHIEN,Cá chiên + mắm xoài,MÓN MẶN
274,MONMAN_CA_CHIEN_005,MONMAN_CA_CHIEN,Cá chiên sốt mắm,MÓN MẶN
275,MONMAN_CA_CHIEN_006,MONMAN_CA_CHIEN,Cá chim chiên sả,MÓN MẶN
276,MONMAN_CA_CHIEN_007,MONMAN_CA_CHIEN,Cá cơm chiên giòn,MÓN MẶN
277,MONMAN_CA_CHIEN_008,MONMAN_CA_CHIEN,Cá diêu hồng chiên muối ớt,MÓN MẶN
278,MONMAN_CA_CHIEN_009,MONMAN_CA_CHIEN,Cá diêu hồng chiên sả,MÓN MẶN
279,MONMAN_CA_CHIEN_010,MONMAN_CA_CHIEN,Cá hố chiên,MÓN MẶN
280,MONMAN_CA_CHIEN_011,MONMAN_CA_CHIEN,Cá hố chiên rim tỏi ớt,MÓN MẶN
281,MONMAN_CA_CHIEN_012,MONMAN_CA_CHIEN,Cá hồi chiên sốt mắm,MÓN MẶN
282,MONMAN_CA_CHIEN_013,MONMAN_CA_CHIEN,Cá hường chiên,MÓN MẶN
283,MONMAN_CA_CHIEN_014,MONMAN_CA_CHIEN,Cá hường chiên muối ớt,MÓN MẶN
284,MONMAN_CA_CHIEN_015,MONMAN_CA_CHIEN,Cá hường chiên sả,MÓN MẶN
285,MONMAN_CA_CHIEN_016,MONMAN_CA_CHIEN,Cá hường chiên sả + nước mắm tỏi,MÓN MẶN
286,MONMAN_CA_CHIEN_017,MONMAN_CA_CHIEN,Cá lóc chiên,MÓN MẶN
287,MONMAN_CA_CHIEN_018,MONMAN_CA_CHIEN,Cá lóc chiên giòn,MÓN MẶN
288,MONMAN_CA_CHIEN_019,MONMAN_CA_CHIEN,Cá lóc chiên sả,MÓN MẶN
289,MONMAN_CA_CHIEN_020,MONMAN_CA_CHIEN,Cá mèo chiên,MÓN MẶN
290,MONMAN_CA_CHIEN_021,MONMAN_CA_CHIEN,Cá mèo chiên giòn,MÓN MẶN
291,MONMAN_CA_CHIEN_022,MONMAN_CA_CHIEN,Cá ngân chiên,MÓN MẶN
292,MONMAN_CA_CHIEN_023,MONMAN_CA_CHIEN,Cá ngân chiên sốt nước mắm chua ngọt,MÓN MẶN
293,MONMAN_CA_CHIEN_024,MONMAN_CA_CHIEN,Cá nục chiên,MÓN MẶN
294,MONMAN_CA_CHIEN_025,MONMAN_CA_CHIEN,Cá nục chiên + mắm xoài,MÓN MẶN
295,MONMAN_CA_CHIEN_026,MONMAN_CA_CHIEN,Cá nục chiên giòn,MÓN MẶN
296,MONMAN_CA_CHIEN_027,MONMAN_CA_CHIEN,Cá nục chiên mắm tỏi,MÓN MẶN
297,MONMAN_CA_CHIEN_028,MONMAN_CA_CHIEN,Cá nục chiên sốt cà,MÓN MẶN
298,MONMAN_CA_CHIEN_029,MONMAN_CA_CHIEN,Cá nục chiên sốt mắm,MÓN MẶN
299,MONMAN_CA_CHIEN_030,MONMAN_CA_CHIEN,Cá nục chiên sốt nước mắm chua ngọt,MÓN MẶN
300,MONMAN_CA_CHIEN_031,MONMAN_CA_CHIEN,Cá sặc chiên sả,MÓN MẶN
301,MONMAN_CA_CHIEN_032,MONMAN_CA_CHIEN,Cá thác lác thì là,MÓN MẶN
302,MONMAN_CA_CHIEN_033,MONMAN_CA_CHIEN,Cá trê chiên + mắm gừng,MÓN MẶN
303,MONMAN_CA_CHIEN_034,MONMAN_CA_CHIEN,File cá chiên sả,MÓN MẶN
304,MONMAN_CA_CHIEN_035,MONMAN_CA_CHIEN,Cá trê chiên giòn + nước mắm gừng,MÓN MẶN
305,MONMAN_CA_CHIEN_036,MONMAN_CA_CHIEN,Cá hố chiên rim mắm,MÓN MẶN
306,MONMAN_CA_KHO_001,MONMAN_CA_KHO,Cá ba sa kho thơm,MÓN MẶN
307,MONMAN_CA_KHO_002,MONMAN_CA_KHO,Cá ba sa kho tiêu,MÓN MẶN
308,MONMAN_CA_KHO_003,MONMAN_CA_KHO,Cá ba sa kho tóp mỡ,MÓN MẶN
309,MONMAN_CA_KHO_004,MONMAN_CA_KHO,Cá bạc má chiên,MÓN MẶN
310,MONMAN_CA_KHO_005,MONMAN_CA_KHO,Cá bạc má kho cà,MÓN MẶN
311,MONMAN_CA_KHO_006,MONMAN_CA_KHO,Cá bạc má chiên + mắm xoài,MÓN MẶN
312,MONMAN_CA_KHO_007,MONMAN_CA_KHO,Cá bống kho tiêu,MÓN MẶN
313,MONMAN_CA_KHO_008,MONMAN_CA_KHO,Cá bông lau kho thịt,MÓN MẶN
314,MONMAN_CA_KHO_009,MONMAN_CA_KHO,Cá bạc má sốt mắm,MÓN MẶN
315,MONMAN_CA_KHO_010,MONMAN_CA_KHO,Cá bông lau kho tiêu,MÓN MẶN
316,MONMAN_CA_KHO_011,MONMAN_CA_KHO,Cá bống chiên + nước mắm chua ngọt,MÓN MẶN
317,MONMAN_CA_KHO_012,MONMAN_CA_KHO,Cá cam kho cà,MÓN MẶN
318,MONMAN_CA_KHO_013,MONMAN_CA_KHO,Cá cam kho thơm,MÓN MẶN
319,MONMAN_CA_KHO_014,MONMAN_CA_KHO,Cá bông lau chiên sả,MÓN MẶN
320,MONMAN_CA_KHO_015,MONMAN_CA_KHO,Cá cờ kho cà,MÓN MẶN
321,MONMAN_CA_KHO_016,MONMAN_CA_KHO,Cá cờ kho thơm,MÓN MẶN
322,MONMAN_CA_KHO_017,MONMAN_CA_KHO,Cá cơm kho tiêu,MÓN MẶN
323,MONMAN_CA_KHO_018,MONMAN_CA_KHO,Cá diêu hồng kho cà,MÓN MẶN
324,MONMAN_CA_KHO_019,MONMAN_CA_KHO,Cá diêu hồng kho cay,MÓN MẶN
325,MONMAN_CA_KHO_020,MONMAN_CA_KHO,Cá diêu hồng kho dưa,MÓN MẶN
326,MONMAN_CA_KHO_021,MONMAN_CA_KHO,Cá diêu hồng kho tương,MÓN MẶN
327,MONMAN_CA_KHO_022,MONMAN_CA_KHO,Cá diêu hồng kho tương hột,MÓN MẶN
328,MONMAN_CA_KHO_023,MONMAN_CA_KHO,Cá kèo kho,MÓN MẶN
329,MONMAN_CA_KHO_024,MONMAN_CA_KHO,Cá kèo kho cà,MÓN MẶN
330,MONMAN_CA_KHO_025,MONMAN_CA_KHO,Cá kèo kho rau răm,MÓN MẶN
331,MONMAN_CA_KHO_026,MONMAN_CA_KHO,Cá lóc kho bầu,MÓN MẶN
332,MONMAN_CA_KHO_027,MONMAN_CA_KHO,Cá lóc kho củ cải,MÓN MẶN
333,MONMAN_CA_KHO_028,MONMAN_CA_KHO,Cá lóc kho nghệ,MÓN MẶN
334,MONMAN_CA_KHO_029,MONMAN_CA_KHO,Cá lóc kho thơm,MÓN MẶN
335,MONMAN_CA_KHO_030,MONMAN_CA_KHO,Cá lóc kho tiêu,MÓN MẶN
336,MONMAN_CA_KHO_031,MONMAN_CA_KHO,Cá lóc kho tộ,MÓN MẶN
337,MONMAN_CA_KHO_032,MONMAN_CA_KHO,Cá ngân kho cay,MÓN MẶN
338,MONMAN_CA_KHO_033,MONMAN_CA_KHO,Cá ngân kho dưa,MÓN MẶN
339,MONMAN_CA_KHO_034,MONMAN_CA_KHO,Cá ngân kho măng,MÓN MẶN
340,MONMAN_CA_KHO_035,MONMAN_CA_KHO,Cá ngân kho mía,MÓN MẶN
341,MONMAN_CA_KHO_036,MONMAN_CA_KHO,Cá ngân kho riềng,MÓN MẶN
342,MONMAN_CA_KHO_037,MONMAN_CA_KHO,Cá ngân kho tàu,MÓN MẶN
343,MONMAN_CA_KHO_038,MONMAN_CA_KHO,Cá ngân kho thơm,MÓN MẶN
344,MONMAN_CA_KHO_039,MONMAN_CA_KHO,Cá ngân kho tiêu,MÓN MẶN
345,MONMAN_CA_KHO_040,MONMAN_CA_KHO,Cá ngân kho tỏi ớt,MÓN MẶN
346,MONMAN_CA_KHO_041,MONMAN_CA_KHO,Cá ngân kho tóp mỡ,MÓN MẶN
347,MONMAN_CA_KHO_042,MONMAN_CA_KHO,Cá ngừ kho cà,MÓN MẶN
348,MONMAN_CA_KHO_043,MONMAN_CA_KHO,Cá ngừ kho cay,MÓN MẶN
349,MONMAN_CA_KHO_044,MONMAN_CA_KHO,Cá ngừ kho coca,MÓN MẶN
350,MONMAN_CA_KHO_045,MONMAN_CA_KHO,Cá ngừ kho dưa,MÓN MẶN
351,MONMAN_CA_KHO_046,MONMAN_CA_KHO,Cá ngừ kho măng,MÓN MẶN
352,MONMAN_CA_KHO_047,MONMAN_CA_KHO,Cá ngừ kho thơm,MÓN MẶN
353,MONMAN_CA_KHO_048,MONMAN_CA_KHO,Cá nục bông kho cà,MÓN MẶN
354,MONMAN_CA_KHO_049,MONMAN_CA_KHO,Cá nục bông kho thơm,MÓN MẶN
355,MONMAN_CA_KHO_050,MONMAN_CA_KHO,Cá nục kho cà,MÓN MẶN
356,MONMAN_CA_KHO_051,MONMAN_CA_KHO,Cá nục kho cay,MÓN MẶN
357,MONMAN_CA_KHO_052,MONMAN_CA_KHO,Cá nục kho dưa chua,MÓN MẶN
358,MONMAN_CA_KHO_053,MONMAN_CA_KHO,Cá nục kho măng,MÓN MẶN
359,MONMAN_CA_KHO_054,MONMAN_CA_KHO,Cá nục kho riềng,MÓN MẶN
360,MONMAN_CA_KHO_055,MONMAN_CA_KHO,Cá nục kho tàu,MÓN MẶN
361,MONMAN_CA_KHO_056,MONMAN_CA_KHO,Cá nục kho thơm,MÓN MẶN
362,MONMAN_CA_KHO_057,MONMAN_CA_KHO,Cá nục kho tiêu,MÓN MẶN
363,MONMAN_CA_KHO_058,MONMAN_CA_KHO,Cá nục kho tỏi ớt,MÓN MẶN
364,MONMAN_CA_KHO_059,MONMAN_CA_KHO,Cá nục kho tóp mỡ,MÓN MẶN
365,MONMAN_CA_KHO_060,MONMAN_CA_KHO,Cá rô kho tiêu,MÓN MẶN
366,MONMAN_CA_KHO_061,MONMAN_CA_KHO,Cá thu biển kho,MÓN MẶN
367,MONMAN_CA_KHO_062,MONMAN_CA_KHO,Cá thu biển kho cay,MÓN MẶN
368,MONMAN_CA_KHO_063,MONMAN_CA_KHO,Cá thu biển kho nước tương,MÓN MẶN
369,MONMAN_CA_KHO_064,MONMAN_CA_KHO,Cá thu nhật kho,MÓN MẶN
370,MONMAN_CA_KHO_065,MONMAN_CA_KHO,Cá thu nhật kho cà,MÓN MẶN
371,MONMAN_CA_KHO_066,MONMAN_CA_KHO,Cá trê kho tiêu,MÓN MẶN
372,MONMAN_CA_RIM_001,MONMAN_CA_RIM,Cá cơm rim me,MÓN MẶN
373,MONMAN_CA_RIM_002,MONMAN_CA_RIM,Cá cơm rim tỏi ớt,MÓN MẶN
374,MONMAN_CA_SOT_001,MONMAN_CA_SOT,Cá cờ sốt cà,MÓN MẶN
375,MONMAN_CA_SOT_002,MONMAN_CA_SOT,Cá diêu hồng sốt cà,MÓN MẶN
376,MONMAN_CA_SOT_003,MONMAN_CA_SOT,Cá diêu hồng sốt cay,MÓN MẶN
377,MONMAN_CA_SOT_004,MONMAN_CA_SOT,Cá diêu hồng sốt mắm,MÓN MẶN
378,MONMAN_CA_SOT_005,MONMAN_CA_SOT,Cá hồi sốt bơ tỏi,MÓN MẶN
379,MONMAN_CA_SOT_006,MONMAN_CA_SOT,Cá hồi sốt mắm,MÓN MẶN
380,MONMAN_CA_SOT_007,MONMAN_CA_SOT,Cá khô đù sốt chua ngọt,MÓN MẶN
381,MONMAN_CA_SOT_008,MONMAN_CA_SOT,Cá ngân sốt cà,MÓN MẶN
382,MONMAN_CA_SOT_009,MONMAN_CA_SOT,Cá nục sốt cà,MÓN MẶN
383,MONMAN_CAKHO_KHAC_001,MONMAN_CAKHO_KHAC,Khô cá cơm ngào xoài xanh,MÓN MẶN
384,MONMAN_CAKHO_RIM_001,MONMAN_CAKHO_RIM,Khô cá chỉ vàng rim tỏi ớt,MÓN MẶN
385,MONMAN_CAKHO_RIM_002,MONMAN_CAKHO_RIM,Khô cá cơm rim me,MÓN MẶN
386,MONMAN_CAKHO_RIM_003,MONMAN_CAKHO_RIM,Khô cá cơm rim tỏi ớt,MÓN MẶN
387,MONMAN_CAKHO_RIM_004,MONMAN_CAKHO_RIM,Khô lưỡi trâu rim,MÓN MẶN
388,MONMAN_CAKHO_RIM_005,MONMAN_CAKHO_RIM,Khô lưỡi trâu rim đường,MÓN MẶN
389,MONMAN_CAKHO_SOT_001,MONMAN_CAKHO_SOT,Khô lưỡi trâu sốt chua ngọt,MÓN MẶN
390,MONMAN_CHACA_CHIEN_001,MONMAN_CHACA_CHIEN,Chả cá bọc trứng cút,MÓN MẶN
391,MONMAN_CHACA_CHIEN_002,MONMAN_CHACA_CHIEN,Chả cá chiên,MÓN MẶN
392,MONMAN_CHACA_KHAC_001,MONMAN_CHACA_KHAC,Chả cá thác lác,MÓN MẶN
393,MONMAN_CHACA_KHAC_002,MONMAN_CHACA_KHAC,Chả cá thì là,MÓN MẶN
394,MONMAN_CHACA_RIM_001,MONMAN_CHACA_RIM,Chả cá nha trang rim mắm,MÓN MẶN
395,MONMAN_CHACA_RIM_002,MONMAN_CHACA_RIM,Chả cá nha trang rim tỏi ớt,MÓN MẶN
396,MONMAN_CHACA_RIM_003,MONMAN_CHACA_RIM,Chả cá ram hành,MÓN MẶN
397,MONMAN_CHACA_RIM_004,MONMAN_CHACA_RIM,Chả cá rim,MÓN MẶN
398,MONMAN_CHACA_RIM_005,MONMAN_CHACA_RIM,Chả cá rim dứa,MÓN MẶN
399,MONMAN_CHACA_RIM_006,MONMAN_CHACA_RIM,Chả cá rim hành lá,MÓN MẶN
400,MONMAN_CHACA_RIM_007,MONMAN_CHACA_RIM,Chả cá rim mắm,MÓN MẶN
401,MONMAN_CHACA_RIM_008,MONMAN_CHACA_RIM,Chả cá rim ớt chuông,MÓN MẶN
402,MONMAN_CHACA_RIM_009,MONMAN_CHACA_RIM,Chả cá rim thơm,MÓN MẶN
403,MONMAN_CHACA_RIM_010,MONMAN_CHACA_RIM,Chả cá rim tỏi ớt,MÓN MẶN
404,MONMAN_CHACA_RIM_011,MONMAN_CHACA_RIM,Chả cá rim trứng cút,MÓN MẶN
405,MONMAN_CHACA_SOT_001,MONMAN_CHACA_SOT,Chả cá nha trang sốt cà chua,MÓN MẶN
406,MONMAN_CHACA_SOT_002,MONMAN_CHACA_SOT,Chả cá sốt cà chua,MÓN MẶN
407,MONMAN_CHALUA_KHO_001,MONMAN_CHALUA_KHO,Chả chiên kho tiêu,MÓN MẶN
408,MONMAN_CHALUA_KHO_002,MONMAN_CHALUA_KHO,Chả lụa kho tiêu,MÓN MẶN
409,MONMAN_CHALUA_KHO_003,MONMAN_CHALUA_KHO,Chả lụa kho trứng cút,MÓN MẶN
410,MONMAN_CHALUA_RIM_001,MONMAN_CHALUA_RIM,Chả chiên rim mắm,MÓN MẶN
411,MONMAN_CHALUA_RIM_002,MONMAN_CHALUA_RIM,Chả chiên rim ớt chuông,MÓN MẶN
412,MONMAN_CHALUA_RIM_003,MONMAN_CHALUA_RIM,Chả lụa rim thơm,MÓN MẶN
413,MONMAN_CHALUA_RIM_004,MONMAN_CHALUA_RIM,Chả lụa rim,MÓN MẶN
414,MONMAN_CHALUA_RIM_005,MONMAN_CHALUA_RIM,Chả lụa rim hành lá,MÓN MẶN
415,MONMAN_CHALUA_RIM_006,MONMAN_CHALUA_RIM,Chả lụa rim mắm,MÓN MẶN
416,MONMAN_CHALUA_RIM_007,MONMAN_CHALUA_RIM,Chả lụa rim nước mắm,MÓN MẶN
417,MONMAN_CHALUA_RIM_008,MONMAN_CHALUA_RIM,Chả lụa rim nước tương,MÓN MẶN
418,MONMAN_CHALUA_RIM_009,MONMAN_CHALUA_RIM,Chả lụa rim ớt chuông,MÓN MẶN
419,MONMAN_CHALUA_RIM_010,MONMAN_CHALUA_RIM,Chả lụa rim tỏi ớt,MÓN MẶN
420,MONMAN_CHALUA_RIM_011,MONMAN_CHALUA_RIM,Chả lụa rim trúng cút,MÓN MẶN
421,MONMAN_CHALUA_RIM_012,MONMAN_CHALUA_RIM,Chả chiên rim trứng cút,MÓN MẶN
422,MONMAN_CHALUA_SOT_001,MONMAN_CHALUA_SOT,Chả lụa sốt cà,MÓN MẶN
423,MONMAN_CHALUA_SOT_002,MONMAN_CHALUA_SOT,Chả lụa sốt mắm,MÓN MẶN
424,MONMAN_CHEBIEN_CHIEN_001,MONMAN_CHEBIEN_CHIEN,Chả giò chiên,MÓN MẶN
425,MONMAN_CHEBIEN_KHAC_001,MONMAN_CHEBIEN_KHAC,Lạp xưởng,MÓN MẶN
426,MONMAN_CHEBIEN_NUONG_001,MONMAN_CHEBIEN_NUONG,Nem nướng mỡ hành,MÓN MẶN
427,MONMAN_DAUHU_CHIEN_001,MONMAN_DAUHU_CHIEN,Đậu hũ chiên muối ớt,MÓN MẶN
428,MONMAN_DAUHU_CHIEN_002,MONMAN_DAUHU_CHIEN,Đậu hũ chiên sả ớt,MÓN MẶN
429,MONMAN_DAUHU_CHIEN_003,MONMAN_DAUHU_CHIEN,Đậu hũ chiên trứng,MÓN MẶN
430,MONMAN_DAUHU_CHIEN_004,MONMAN_DAUHU_CHIEN,Đậu hũ dồn thịt chiên sả,MÓN MẶN
431,MONMAN_DAUHU_CHIEN_005,MONMAN_DAUHU_CHIEN,Đậu hũ dồn nấm,MÓN MẶN
432,MONMAN_DAUHU_CHIEN_006,MONMAN_DAUHU_CHIEN,Đậu hũ dồn thịt,MÓN MẶN
433,MONMAN_DAUHU_KHAC_001,MONMAN_DAUHU_KHAC,Đậu hũ non tứ xuyên,MÓN MẶN
434,MONMAN_DAUHU_KHAC_002,MONMAN_DAUHU_KHAC,Đậu hũ non tứ xuyên xốt thịt,MÓN MẶN
435,MONMAN_DAUHU_KHAC_003,MONMAN_DAUHU_KHAC,Đậu hũ tứ xuyên,MÓN MẶN
436,MONMAN_DAUHU_KHO_001,MONMAN_DAUHU_KHO,Đậu hũ kho cà,MÓN MẶN
437,MONMAN_DAUHU_KHO_002,MONMAN_DAUHU_KHO,Đậu hũ kho nấm,MÓN MẶN
438,MONMAN_DAUHU_KHO_003,MONMAN_DAUHU_KHO,Đậu hũ kho nấm bông cải,MÓN MẶN
439,MONMAN_DAUHU_KHO_004,MONMAN_DAUHU_KHO,Đậu hũ kho nấm thơm,MÓN MẶN
440,MONMAN_DAUHU_KHO_005,MONMAN_DAUHU_KHO,Đậu hũ kho thịt,MÓN MẶN
441,MONMAN_DAUHU_KHO_006,MONMAN_DAUHU_KHO,Đậu hũ kho trứng cút,MÓN MẶN
442,MONMAN_DAUHU_RIM_001,MONMAN_DAUHU_RIM,Đậu hũ rim thịt bằm,MÓN MẶN
443,MONMAN_DAUHU_SOT_001,MONMAN_DAUHU_SOT,Đậu hũ dồn thịt sốt cà,MÓN MẶN
444,MONMAN_DAUHU_SOT_002,MONMAN_DAUHU_SOT,Đậu hũ dồn thịt sốt mắm,MÓN MẶN
445,MONMAN_DAUHU_SOT_003,MONMAN_DAUHU_SOT,Đậu hũ sốt cà chua,MÓN MẶN
446,MONMAN_DAUHU_SOT_004,MONMAN_DAUHU_SOT,Đậu hũ sốt chua ngọt,MÓN MẶN
447,MONMAN_DAUHU_SOT_005,MONMAN_DAUHU_SOT,Đậu hũ sốt nấm cà chua,MÓN MẶN
448,MONMAN_DAUHU_SOT_006,MONMAN_DAUHU_SOT,Đậu hũ sốt nấm đông cô,MÓN MẶN
449,MONMAN_DAUHU_SOT_007,MONMAN_DAUHU_SOT,Đậu hũ sốt thịt,MÓN MẶN
450,MONMAN_DAUHU_SOT_008,MONMAN_DAUHU_SOT,Đậu hũ sốt thịt cà chua,MÓN MẶN
451,MONMAN_ECH_CHIEN_001,MONMAN_ECH_CHIEN,Ếch chiên nước mắm,MÓN MẶN
452,MONMAN_ECH_OM_001,MONMAN_ECH_OM,Ếch om chuối,MÓN MẶN
453,MONMAN_ECH_XAO_001,MONMAN_ECH_XAO,Ếch xào lăn,MÓN MẶN
454,MONMAN_ECH_XAO_002,MONMAN_ECH_XAO,Ếch xào sả ớt,MÓN MẶN
455,MONMAN_GA_CHIEN_001,MONMAN_GA_CHIEN,Cánh gà chiên,MÓN MẶN
456,MONMAN_GA_CHIEN_002,MONMAN_GA_CHIEN,Cánh gà rô ti,MÓN MẶN
457,MONMAN_GA_CHIEN_003,MONMAN_GA_CHIEN,Cánh gà chiên bơ tỏi,MÓN MẶN
458,MONMAN_GA_CHIEN_004,MONMAN_GA_CHIEN,Đùi gà rôti,MÓN MẶN
459,MONMAN_GA_CHIEN_005,MONMAN_GA_CHIEN,Cánh gà chiên nước mắm,MÓN MẶN
460,MONMAN_GA_CHIEN_006,MONMAN_GA_CHIEN,Gà rô ti,MÓN MẶN
461,MONMAN_GA_CHIEN_007,MONMAN_GA_CHIEN,Cánh gà chiên xù,MÓN MẶN
462,MONMAN_GA_CHIEN_008,MONMAN_GA_CHIEN,Cánh gà xối mỡ,MÓN MẶN
463,MONMAN_GA_CHIEN_009,MONMAN_GA_CHIEN,Đùi gà chiên,MÓN MẶN
464,MONMAN_GA_CHIEN_010,MONMAN_GA_CHIEN,Đùi gà chiên bơ,MÓN MẶN
465,MONMAN_GA_CHIEN_011,MONMAN_GA_CHIEN,Đùi gà chiên nước mắm,MÓN MẶN
466,MONMAN_GA_CHIEN_012,MONMAN_GA_CHIEN,Đùi gà chiên sốt teriyaki,MÓN MẶN
467,MONMAN_GA_CHIEN_013,MONMAN_GA_CHIEN,Đùi gà chiên xù,MÓN MẶN
468,MONMAN_GA_CHIEN_014,MONMAN_GA_CHIEN,Đùi gà xối mỡ,MÓN MẶN
469,MONMAN_GA_CHIEN_015,MONMAN_GA_CHIEN,Gà chiên bơ tỏi,MÓN MẶN
470,MONMAN_GA_CHIEN_016,MONMAN_GA_CHIEN,Gà chiên nước mắm,MÓN MẶN
471,MONMAN_GA_CHIEN_017,MONMAN_GA_CHIEN,Gà chiên sả,MÓN MẶN
472,MONMAN_GA_CHIEN_018,MONMAN_GA_CHIEN,Gà xối mỡ,MÓN MẶN
473,MONMAN_GA_CHIEN_019,MONMAN_GA_CHIEN,Má gà xối mỡ,MÓN MẶN
474,MONMAN_GA_CHIEN_020,MONMAN_GA_CHIEN,Ức gà chiên xù,MÓN MẶN
475,MONMAN_GA_GOI_001,MONMAN_GA_GOI,Gỏi gà,MÓN MẶN
476,MONMAN_GA_GOI_002,MONMAN_GA_GOI,Gỏi gà bắp cải,MÓN MẶN
477,MONMAN_GA_GOI_003,MONMAN_GA_GOI,Gỏi gà hành tây,MÓN MẶN
478,MONMAN_GA_GOI_004,MONMAN_GA_GOI,Salad gà chua ngọt,MÓN MẶN
479,MONMAN_GA_HAM_001,MONMAN_GA_HAM,Gà hầm măng,MÓN MẶN
480,MONMAN_GA_HAM_002,MONMAN_GA_HAM,Gà lagu,MÓN MẶN
481,MONMAN_GA_HAM_003,MONMAN_GA_HAM,Gà nấu lagu,MÓN MẶN
482,MONMAN_GA_HAM_004,MONMAN_GA_HAM,Gà nấu tiêu xanh,MÓN MẶN
483,MONMAN_GA_HAP_001,MONMAN_GA_HAP,Đùi gà hấp rau răm,MÓN MẶN
484,MONMAN_GA_HAP_002,MONMAN_GA_HAP,Gà hấp cải xanh,MÓN MẶN
485,MONMAN_GA_HAP_003,MONMAN_GA_HAP,Gà hấp hành,MÓN MẶN
486,MONMAN_GA_HAP_004,MONMAN_GA_HAP,Gà hấp hành (đùi gà),MÓN MẶN
487,MONMAN_GA_HAP_005,MONMAN_GA_HAP,Gà hấp lá chanh,MÓN MẶN
488,MONMAN_GA_HAP_006,MONMAN_GA_HAP,Gà hấp rau răm,MÓN MẶN
489,MONMAN_GA_HAP_007,MONMAN_GA_HAP,Gà hấp sả ớt,MÓN MẶN
490,MONMAN_GA_KHO_001,MONMAN_GA_KHO,Cánh gà kho sả,MÓN MẶN
491,MONMAN_GA_KHO_002,MONMAN_GA_KHO,Gà kho cà ri,MÓN MẶN
492,MONMAN_GA_KHO_003,MONMAN_GA_KHO,Gà kho cay,MÓN MẶN
493,MONMAN_GA_KHO_004,MONMAN_GA_KHO,Gà kho củ cải,MÓN MẶN
494,MONMAN_GA_KHO_005,MONMAN_GA_KHO,Gà kho dưa chua,MÓN MẶN
495,MONMAN_GA_KHO_006,MONMAN_GA_KHO,Gà kho gừng,MÓN MẶN
496,MONMAN_GA_KHO_007,MONMAN_GA_KHO,Gà kho kim chi,MÓN MẶN
497,MONMAN_GA_KHO_008,MONMAN_GA_KHO,Gà kho lá chanh,MÓN MẶN
498,MONMAN_GA_KHO_009,MONMAN_GA_KHO,Gà kho măng,MÓN MẶN
499,MONMAN_GA_KHO_010,MONMAN_GA_KHO,Gà kho nấm,MÓN MẶN
500,MONMAN_GA_KHO_011,MONMAN_GA_KHO,Gà kho nấm đông cô,MÓN MẶN
501,MONMAN_GA_KHO_012,MONMAN_GA_KHO,Gà kho rau răm,MÓN MẶN
502,MONMAN_GA_KHO_013,MONMAN_GA_KHO,Gà kho sả ớt,MÓN MẶN
503,MONMAN_GA_KHO_014,MONMAN_GA_KHO,Gà kho sa tế,MÓN MẶN
504,MONMAN_GA_KHO_015,MONMAN_GA_KHO,Gà kho tàu,MÓN MẶN
505,MONMAN_GA_KHO_016,MONMAN_GA_KHO,Gà kho thơm,MÓN MẶN
506,MONMAN_GA_KHO_017,MONMAN_GA_KHO,Gà kho tiêu,MÓN MẶN
507,MONMAN_GA_KHO_018,MONMAN_GA_KHO,Gà kho tiêu xanh,MÓN MẶN
508,MONMAN_GA_KHO_019,MONMAN_GA_KHO,Gà kho trứng cút,MÓN MẶN
509,MONMAN_GA_KHO_020,MONMAN_GA_KHO,Gà kho tương hột,MÓN MẶN
510,MONMAN_GA_KHO_021,MONMAN_GA_KHO,Má gà kho gừng,MÓN MẶN
511,MONMAN_GA_KHO_022,MONMAN_GA_KHO,Ức gà kho tiêu,MÓN MẶN
512,MONMAN_GA_LUOC_001,MONMAN_GA_LUOC,Gà luộc lá chanh,MÓN MẶN
513,MONMAN_GA_NUONG_001,MONMAN_GA_NUONG,Cánh gà nướng,MÓN MẶN
514,MONMAN_GA_NUONG_002,MONMAN_GA_NUONG,Cánh gà quay,MÓN MẶN
515,MONMAN_GA_NUONG_003,MONMAN_GA_NUONG,Đùi gà nướng,MÓN MẶN
516,MONMAN_GA_NUONG_004,MONMAN_GA_NUONG,Đùi gà nướng muối ớt,MÓN MẶN
517,MONMAN_GA_NUONG_005,MONMAN_GA_NUONG,Đùi gà nướng sả ớt,MÓN MẶN
518,MONMAN_GA_NUONG_006,MONMAN_GA_NUONG,Đùi gà quay,MÓN MẶN
519,MONMAN_GA_NUONG_007,MONMAN_GA_NUONG,Gà nướng,MÓN MẶN
520,MONMAN_GA_NUONG_008,MONMAN_GA_NUONG,Gà nướng muối ớt,MÓN MẶN
521,MONMAN_GA_NUONG_009,MONMAN_GA_NUONG,Gà quay,MÓN MẶN
522,MONMAN_GA_NUONG_010,MONMAN_GA_NUONG,Má gà nướng,MÓN MẶN
523,MONMAN_GA_NUONG_011,MONMAN_GA_NUONG,Má gà quay,MÓN MẶN
524,MONMAN_GA_OM_001,MONMAN_GA_OM,Đùi gà om xì dầu,MÓN MẶN
525,MONMAN_GA_RANG_001,MONMAN_GA_RANG,Cánh gà rang muối,MÓN MẶN
526,MONMAN_GA_RANG_002,MONMAN_GA_RANG,Đùi gà rang muối,MÓN MẶN
527,MONMAN_GA_RANG_003,MONMAN_GA_RANG,Gà rang lá chanh,MÓN MẶN
528,MONMAN_GA_RANG_004,MONMAN_GA_RANG,Gà rang muối,MÓN MẶN
529,MONMAN_GA_RIM_001,MONMAN_GA_RIM,Gà ram mặn,MÓN MẶN
530,MONMAN_GA_RIM_002,MONMAN_GA_RIM,Gà ram mật ong,MÓN MẶN
531,MONMAN_GA_SOT_001,MONMAN_GA_SOT,Cánh gà sốt chua ngọt,MÓN MẶN
532,MONMAN_GA_SOT_002,MONMAN_GA_SOT,Cánh gà sốt me,MÓN MẶN
533,MONMAN_GA_SOT_003,MONMAN_GA_SOT,Cánh gà sốt sa tế,MÓN MẶN
534,MONMAN_GA_SOT_004,MONMAN_GA_SOT,Cánh gà sốt xì dầu,MÓN MẶN
535,MONMAN_GA_SOT_005,MONMAN_GA_SOT,Đùi gà sốt chua ngọt,MÓN MẶN
536,MONMAN_GA_SOT_006,MONMAN_GA_SOT,Đùi gà sốt sa tế,MÓN MẶN
537,MONMAN_GA_SOT_007,MONMAN_GA_SOT,Đùi gà sốt tương cà,MÓN MẶN
538,MONMAN_GA_SOT_008,MONMAN_GA_SOT,Gà sốt bơ tỏi,MÓN MẶN
539,MONMAN_GA_SOT_009,MONMAN_GA_SOT,Gà sốt chua ngọt,MÓN MẶN
540,MONMAN_GA_SOT_010,MONMAN_GA_SOT,Gà sốt dầu hào,MÓN MẶN
541,MONMAN_GA_SOT_011,MONMAN_GA_SOT,Gà sốt mật ong,MÓN MẶN
542,MONMAN_GA_SOT_012,MONMAN_GA_SOT,Gà sốt me,MÓN MẶN
543,MONMAN_GA_SOT_013,MONMAN_GA_SOT,Gà sốt sa tế,MÓN MẶN
544,MONMAN_GA_SOT_014,MONMAN_GA_SOT,Gà sốt tiêu xanh,MÓN MẶN
545,MONMAN_GA_SOT_015,MONMAN_GA_SOT,Ức gà sốt chua ngọt,MÓN MẶN
546,MONMAN_GA_XAO_001,MONMAN_GA_XAO,Gà xào lúc lắc,MÓN MẶN
547,MONMAN_GA_XAO_002,MONMAN_GA_XAO,Gà xào sả ớt,MÓN MẶN
548,MONMAN_GA_XAO_003,MONMAN_GA_XAO,Gà xào tương hột,MÓN MẶN
549,MONMAN_GA_XAO_004,MONMAN_GA_XAO,Lòng gà xào mướp,MÓN MẶN
550,MONMAN_GA_XAO_005,MONMAN_GA_XAO,Ức gà lúc lắc,MÓN MẶN
551,MONMAN_GA_XAO_006,MONMAN_GA_XAO,Lòng gà xào thập cẩm,MÓN MẶN
552,MONMAN_GA_XAO_007,MONMAN_GA_XAO,Thịt gà xào khoai tây chiên,MÓN MẶN
553,MONMAN_HAISAN_CHIEN_001,MONMAN_HAISAN_CHIEN,Bánh tôm chiên,MÓN MẶN
554,MONMAN_HAISAN_CHIEN_002,MONMAN_HAISAN_CHIEN,Chả tôm chiên cốm,MÓN MẶN
555,MONMAN_HAISAN_CHIEN_003,MONMAN_HAISAN_CHIEN,Đầu mực chiên giòn,MÓN MẶN
556,MONMAN_HAISAN_CHIEN_004,MONMAN_HAISAN_CHIEN,Hải sản chiên giòn,MÓN MẶN
557,MONMAN_HAISAN_CHIEN_005,MONMAN_HAISAN_CHIEN,Hải sản chiên xù,MÓN MẶN
558,MONMAN_HAISAN_CHIEN_006,MONMAN_HAISAN_CHIEN,Hải sản chiên xù sốt chua ngọt,MÓN MẶN
559,MONMAN_HAISAN_CHIEN_007,MONMAN_HAISAN_CHIEN,Mực chiên,MÓN MẶN
560,MONMAN_HAISAN_CHIEN_008,MONMAN_HAISAN_CHIEN,Mực chiên giòn,MÓN MẶN
561,MONMAN_HAISAN_CHIEN_009,MONMAN_HAISAN_CHIEN,Mực chiên nước mắm,MÓN MẶN
562,MONMAN_HAISAN_CHIEN_010,MONMAN_HAISAN_CHIEN,Mực chiên xù,MÓN MẶN
563,MONMAN_HAISAN_CHIEN_011,MONMAN_HAISAN_CHIEN,Mực dồn thịt chiên ,MÓN MẶN
564,MONMAN_HAISAN_CHIEN_012,MONMAN_HAISAN_CHIEN,Tép chiên giòn,MÓN MẶN
565,MONMAN_HAISAN_CHIEN_013,MONMAN_HAISAN_CHIEN,Tôm cháy tỏi,MÓN MẶN
566,MONMAN_HAISAN_CHIEN_014,MONMAN_HAISAN_CHIEN,Tôm chiên bột,MÓN MẶN
567,MONMAN_HAISAN_CHIEN_015,MONMAN_HAISAN_CHIEN,Tôm chiên xù,MÓN MẶN
568,MONMAN_HAISAN_GOI_001,MONMAN_HAISAN_GOI,Gỏi ngó sen tôm + thịt + bánh phồng tôm,MÓN MẶN
569,MONMAN_HAISAN_GOI_002,MONMAN_HAISAN_GOI,Gỏi tai heo + bánh phồng tôm,MÓN MẶN
570,MONMAN_HAISAN_GOI_003,MONMAN_HAISAN_GOI,Gỏi tai heo tôm thịt,MÓN MẶN
571,MONMAN_HAISAN_GOI_004,MONMAN_HAISAN_GOI,Gỏi thịt+bánh phồng tôm,MÓN MẶN
572,MONMAN_HAISAN_GOI_005,MONMAN_HAISAN_GOI,Gỏi tôm thịt dưa leo,MÓN MẶN
573,MONMAN_HAISAN_GOI_006,MONMAN_HAISAN_GOI,Gỏi xoài+mực chiên xù,MÓN MẶN
574,MONMAN_HAISAN_KHAC_001,MONMAN_HAISAN_KHAC,Chạo tôm,MÓN MẶN
575,MONMAN_HAISAN_KHAC_002,MONMAN_HAISAN_KHAC,Mực dồn thịt ,MÓN MẶN
576,MONMAN_HAISAN_KHAC_003,MONMAN_HAISAN_KHAC,Xíu mại tôm thịt,MÓN MẶN
577,MONMAN_HAISAN_RANG_001,MONMAN_HAISAN_RANG,Đầu mực rang muối,MÓN MẶN
578,MONMAN_HAISAN_RANG_002,MONMAN_HAISAN_RANG,Tép rang hành lá,MÓN MẶN
579,MONMAN_HAISAN_RANG_003,MONMAN_HAISAN_RANG,Tôm rang gừng,MÓN MẶN
580,MONMAN_HAISAN_RANG_004,MONMAN_HAISAN_RANG,Tôm rang lá chanh,MÓN MẶN
581,MONMAN_HAISAN_RANG_005,MONMAN_HAISAN_RANG,Tôm rang muối,MÓN MẶN
582,MONMAN_HAISAN_RANG_006,MONMAN_HAISAN_RANG,Tôm rang tỏi ớt,MÓN MẶN
583,MONMAN_HAISAN_RIM_001,MONMAN_HAISAN_RIM,Mực dồn thịt rim nước mắm,MÓN MẶN
584,MONMAN_HAISAN_RIM_002,MONMAN_HAISAN_RIM,Tép ram mặn,MÓN MẶN
585,MONMAN_HAISAN_RIM_003,MONMAN_HAISAN_RIM,Tôm ram mặn,MÓN MẶN
586,MONMAN_HAISAN_RIM_004,MONMAN_HAISAN_RIM,Tép ram tóp mỡ,MÓN MẶN
587,MONMAN_HAISAN_RIM_005,MONMAN_HAISAN_RIM,Tôm rim,MÓN MẶN
588,MONMAN_HAISAN_RIM_006,MONMAN_HAISAN_RIM,Tôm rim cút,MÓN MẶN
589,MONMAN_HAISAN_RIM_007,MONMAN_HAISAN_RIM,Tôm rim hành,MÓN MẶN
590,MONMAN_HAISAN_RIM_008,MONMAN_HAISAN_RIM,Tôm rim hành lá,MÓN MẶN
591,MONMAN_HAISAN_RIM_009,MONMAN_HAISAN_RIM,Tôm rim hành tây,MÓN MẶN
592,MONMAN_HAISAN_RIM_010,MONMAN_HAISAN_RIM,Tôm rim mặn,MÓN MẶN
593,MONMAN_HAISAN_RIM_011,MONMAN_HAISAN_RIM,Tôm rim ngọt,MÓN MẶN
594,MONMAN_HAISAN_RIM_012,MONMAN_HAISAN_RIM,Tôm rim sả,MÓN MẶN
595,MONMAN_HAISAN_RIM_013,MONMAN_HAISAN_RIM,Tôm rim tỏi ớt,MÓN MẶN
596,MONMAN_HAISAN_RIM_014,MONMAN_HAISAN_RIM,Tôm rim tóp mỡ,MÓN MẶN
597,MONMAN_HAISAN_RIM_015,MONMAN_HAISAN_RIM,Tôm rim trứng cút,MÓN MẶN
598,MONMAN_HAISAN_SOT_001,MONMAN_HAISAN_SOT,Mực dồn thịt sốt cà ,MÓN MẶN
599,MONMAN_HAISAN_SOT_002,MONMAN_HAISAN_SOT,Mực trứng sốt hành tây,MÓN MẶN
600,MONMAN_HAISAN_SOT_003,MONMAN_HAISAN_SOT,Mực trứng sốt mắm,MÓN MẶN
601,MONMAN_HAISAN_SOT_004,MONMAN_HAISAN_SOT,Tôm sốt bơ tỏi,MÓN MẶN
602,MONMAN_HAISAN_SOT_005,MONMAN_HAISAN_SOT,Tôm sốt chua ngọt,MÓN MẶN
603,MONMAN_HAISAN_SOT_006,MONMAN_HAISAN_SOT,Tôm sốt me,MÓN MẶN
604,MONMAN_HAISAN_SOT_007,MONMAN_HAISAN_SOT,Tôm sốt thái,MÓN MẶN
605,MONMAN_HAISAN_XAO_001,MONMAN_HAISAN_XAO,Đầu mực xào sả ớt,MÓN MẶN
606,MONMAN_HAISAN_XAO_002,MONMAN_HAISAN_XAO,Hải sản xào thập cẩm,MÓN MẶN
607,MONMAN_HAISAN_XAO_003,MONMAN_HAISAN_XAO,Mực xào bông cải,MÓN MẶN
608,MONMAN_HAISAN_XAO_004,MONMAN_HAISAN_XAO,Mực xào cay,MÓN MẶN
609,MONMAN_HAISAN_XAO_005,MONMAN_HAISAN_XAO,Mực xào chua ngọt,MÓN MẶN
610,MONMAN_HAISAN_XAO_006,MONMAN_HAISAN_XAO,Mực xào hành tây,MÓN MẶN
611,MONMAN_HAISAN_XAO_007,MONMAN_HAISAN_XAO,Mực xào ớt chuông,MÓN MẶN
612,MONMAN_HAISAN_XAO_008,MONMAN_HAISAN_XAO,Mực xào sả ớt,MÓN MẶN
613,MONMAN_HAISAN_XAO_009,MONMAN_HAISAN_XAO,Mực xào sa tế,MÓN MẶN
614,MONMAN_HAISAN_XAO_010,MONMAN_HAISAN_XAO,Mực xào thập cẩm,MÓN MẶN
615,MONMAN_HAISAN_XAO_011,MONMAN_HAISAN_XAO,"Thịt, tôm xào mắm tép",MÓN MẶN
616,MONMAN_HAISAN_XAO_012,MONMAN_HAISAN_XAO,Tôm xào bắp non,MÓN MẶN
617,MONMAN_HAISAN_XAO_013,MONMAN_HAISAN_XAO,Tôm xào nấm,MÓN MẶN
618,MONMAN_HAISAN_XAO_014,MONMAN_HAISAN_XAO,Tôm xào rau củ,MÓN MẶN
619,MONMAN_HEO_CHIEN_001,MONMAN_HEO_CHIEN,Thịt cháy tỏi,MÓN MẶN
620,MONMAN_HEO_CHIEN_002,MONMAN_HEO_CHIEN,Sườn non cháy tỏi ,MÓN MẶN
621,MONMAN_HEO_CHIEN_003,MONMAN_HEO_CHIEN,Thịt bọc sả chiên,MÓN MẶN
622,MONMAN_HEO_CHIEN_004,MONMAN_HEO_CHIEN,Thịt chiên,MÓN MẶN
623,MONMAN_HEO_CHIEN_005,MONMAN_HEO_CHIEN,Thịt chiên lá lốt,MÓN MẶN
624,MONMAN_HEO_CHIEN_006,MONMAN_HEO_CHIEN,Thịt chiên sả,MÓN MẶN
625,MONMAN_HEO_CHIEN_007,MONMAN_HEO_CHIEN,Thịt chiên sả ớt,MÓN MẶN
626,MONMAN_HEO_CHIEN_008,MONMAN_HEO_CHIEN,Thịt chiên sốt mắm,MÓN MẶN
627,MONMAN_HEO_CHIEN_009,MONMAN_HEO_CHIEN,Thịt chiên sốt sả tắc,MÓN MẶN
628,MONMAN_HEO_CHIEN_010,MONMAN_HEO_CHIEN,Thịt chiên sốt tỏi,MÓN MẶN
629,MONMAN_HEO_CHIEN_011,MONMAN_HEO_CHIEN,Thịt chiên xù,MÓN MẶN
630,MONMAN_HEO_CHIEN_012,MONMAN_HEO_CHIEN,Thịt viên chiên,MÓN MẶN
631,MONMAN_HEO_CHIEN_013,MONMAN_HEO_CHIEN,Cotlet áp chảo,MÓN MẶN
632,MONMAN_HEO_CHIEN_014,MONMAN_HEO_CHIEN,Giò bó áp chảo,MÓN MẶN
633,MONMAN_HEO_CHIEN_015,MONMAN_HEO_CHIEN,Thịt áp chảo,MÓN MẶN
634,MONMAN_HEO_GOI_001,MONMAN_HEO_GOI,Gỏi củ hũ dừa,MÓN MẶN
635,MONMAN_HEO_GOI_002,MONMAN_HEO_GOI,"Gỏi đu đủ tai heo, đậu phụng",MÓN MẶN
636,MONMAN_HEO_GOI_003,MONMAN_HEO_GOI,Gỏi ngó sen + bánh phồng tôm,MÓN MẶN
637,MONMAN_HEO_GOI_004,MONMAN_HEO_GOI,Gỏi ngó sen thịt heo,MÓN MẶN
638,MONMAN_HEO_GOI_005,MONMAN_HEO_GOI,Gỏi tai heo,MÓN MẶN
639,MONMAN_HEO_GOI_006,MONMAN_HEO_GOI,Gỏi thịt,MÓN MẶN
640,MONMAN_HEO_GOI_007,MONMAN_HEO_GOI,Gỏi thịt đu đủ,MÓN MẶN
641,MONMAN_HEO_GOI_008,MONMAN_HEO_GOI,Gỏi thịt dưa leo,MÓN MẶN
642,MONMAN_HEO_GOI_009,MONMAN_HEO_GOI,Gỏi thịt hoa chuối,MÓN MẶN
643,MONMAN_HEO_GOI_010,MONMAN_HEO_GOI,Gỏi xoài xanh tai heo,MÓN MẶN
644,MONMAN_HEO_HAM_001,MONMAN_HEO_HAM,Bao tử hầm tiêu xanh,MÓN MẶN
645,MONMAN_HEO_HAM_002,MONMAN_HEO_HAM,Giò heo hầm măng,MÓN MẶN
646,MONMAN_HEO_HAM_003,MONMAN_HEO_HAM,Sườn lagu,MÓN MẶN
647,MONMAN_HEO_KHAC_001,MONMAN_HEO_KHAC,Bì thịt,MÓN MẶN
648,MONMAN_HEO_KHAC_002,MONMAN_HEO_KHAC,Chả thịt,MÓN MẶN
649,MONMAN_HEO_KHAC_003,MONMAN_HEO_KHAC,Chả thịt lá lốt,MÓN MẶN
650,MONMAN_HEO_KHAC_004,MONMAN_HEO_KHAC,Chạo thịt,MÓN MẶN
651,MONMAN_HEO_KHAC_005,MONMAN_HEO_KHAC,Tai heo phá lấu,MÓN MẶN
652,MONMAN_HEO_KHAC_006,MONMAN_HEO_KHAC,Thịt xá xíu,MÓN MẶN
653,MONMAN_HEO_KHAC_007,MONMAN_HEO_KHAC,Phá lấu,MÓN MẶN
654,MONMAN_HEO_KHAC_008,MONMAN_HEO_KHAC,Thịt phá lấu,MÓN MẶN
655,MONMAN_HEO_KHIA_001,MONMAN_HEO_KHIA,Thịt khìa,MÓN MẶN
656,MONMAN_HEO_KHO_001,MONMAN_HEO_KHO,Heo quay kho củ cải,MÓN MẶN
657,MONMAN_HEO_KHO_002,MONMAN_HEO_KHO,Heo quay kho củ hủ dừa,MÓN MẶN
658,MONMAN_HEO_KHO_003,MONMAN_HEO_KHO,Heo quay kho dưa chua,MÓN MẶN
659,MONMAN_HEO_KHO_004,MONMAN_HEO_KHO,Heo quay kho trứng,MÓN MẶN
660,MONMAN_HEO_KHO_005,MONMAN_HEO_KHO,Sườn non kho chao,MÓN MẶN
661,MONMAN_HEO_KHO_006,MONMAN_HEO_KHO,Sườn non kho củ cải,MÓN MẶN
662,MONMAN_HEO_KHO_007,MONMAN_HEO_KHO,Sườn non kho đậu hũ,MÓN MẶN
663,MONMAN_HEO_KHO_008,MONMAN_HEO_KHO,Sườn non kho dưa chua,MÓN MẶN
664,MONMAN_HEO_KHO_009,MONMAN_HEO_KHO,Sườn non kho kim chi,MÓN MẶN
665,MONMAN_HEO_KHO_010,MONMAN_HEO_KHO,Sườn non kho măng,MÓN MẶN
666,MONMAN_HEO_KHO_011,MONMAN_HEO_KHO,Sườn non kho thơm,MÓN MẶN
667,MONMAN_HEO_KHO_012,MONMAN_HEO_KHO,Sườn non kho tiêu,MÓN MẶN
668,MONMAN_HEO_KHO_013,MONMAN_HEO_KHO,Sườn non kho trứng cút,MÓN MẶN
669,MONMAN_HEO_KHO_014,MONMAN_HEO_KHO,Thịt kho cà pháo,MÓN MẶN
670,MONMAN_HEO_KHO_015,MONMAN_HEO_KHO,Thịt kho chuối xanh,MÓN MẶN
671,MONMAN_HEO_KHO_016,MONMAN_HEO_KHO,Thịt kho coca,MÓN MẶN
672,MONMAN_HEO_KHO_017,MONMAN_HEO_KHO,Thịt kho củ cải,MÓN MẶN
673,MONMAN_HEO_KHO_018,MONMAN_HEO_KHO,Thịt kho củ đậu,MÓN MẶN
674,MONMAN_HEO_KHO_019,MONMAN_HEO_KHO,Thịt kho củ kiệu,MÓN MẶN
675,MONMAN_HEO_KHO_020,MONMAN_HEO_KHO,Thịt kho củ quả,MÓN MẶN
676,MONMAN_HEO_KHO_021,MONMAN_HEO_KHO,Thịt kho củ sắn,MÓN MẶN
677,MONMAN_HEO_KHO_022,MONMAN_HEO_KHO,Thịt kho cùi dừa,MÓN MẶN
678,MONMAN_HEO_KHO_023,MONMAN_HEO_KHO,Thịt kho đậu hũ,MÓN MẶN
679,MONMAN_HEO_KHO_024,MONMAN_HEO_KHO,Thịt kho dừa,MÓN MẶN
680,MONMAN_HEO_KHO_025,MONMAN_HEO_KHO,Thịt kho dưa chua,MÓN MẶN
681,MONMAN_HEO_KHO_026,MONMAN_HEO_KHO,Thịt kho dưa leo,MÓN MẶN
682,MONMAN_HEO_KHO_027,MONMAN_HEO_KHO,Thịt kho hột vịt,MÓN MẶN
683,MONMAN_HEO_KHO_028,MONMAN_HEO_KHO,Thịt kho khoai tây,MÓN MẶN
684,MONMAN_HEO_KHO_029,MONMAN_HEO_KHO,Thịt kho kim chi,MÓN MẶN
685,MONMAN_HEO_KHO_030,MONMAN_HEO_KHO,Thịt kho mắm ruốc,MÓN MẶN
686,MONMAN_HEO_KHO_031,MONMAN_HEO_KHO,Thịt kho mắm tép,MÓN MẶN
687,MONMAN_HEO_KHO_032,MONMAN_HEO_KHO,Thịt kho măng,MÓN MẶN
688,MONMAN_HEO_KHO_033,MONMAN_HEO_KHO,Thịt kho nấm,MÓN MẶN
689,MONMAN_HEO_KHO_034,MONMAN_HEO_KHO,Thịt kho quẹt,MÓN MẶN
690,MONMAN_HEO_KHO_035,MONMAN_HEO_KHO,Thịt kho sả ớt,MÓN MẶN
691,MONMAN_HEO_KHO_036,MONMAN_HEO_KHO,Thịt kho su hào,MÓN MẶN
692,MONMAN_HEO_KHO_037,MONMAN_HEO_KHO,Thịt kho tàu,MÓN MẶN
693,MONMAN_HEO_KHO_038,MONMAN_HEO_KHO,Thịt kho thơm,MÓN MẶN
694,MONMAN_HEO_KHO_039,MONMAN_HEO_KHO,Thịt kho tiêu,MÓN MẶN
695,MONMAN_HEO_KHO_040,MONMAN_HEO_KHO,Thịt kho trứng,MÓN MẶN
696,MONMAN_HEO_KHO_041,MONMAN_HEO_KHO,Thịt kho trứng cút,MÓN MẶN
697,MONMAN_HEO_LUOC_001,MONMAN_HEO_LUOC,Giò bó luộc,MÓN MẶN
698,MONMAN_HEO_LUOC_002,MONMAN_HEO_LUOC,Thịt luộc,MÓN MẶN
699,MONMAN_HEO_LUOC_003,MONMAN_HEO_LUOC,Thịt luộc + mắm thái,MÓN MẶN
700,MONMAN_HEO_LUOC_004,MONMAN_HEO_LUOC,Thịt luộc mắm thái,MÓN MẶN
701,MONMAN_HEO_NUONG_001,MONMAN_HEO_NUONG,Cotlet nướng,MÓN MẶN
702,MONMAN_HEO_NUONG_002,MONMAN_HEO_NUONG,Thịt nướng mỡ hành,MÓN MẶN
703,MONMAN_HEO_RIM_001,MONMAN_HEO_RIM,Chạo thịt rim tỏi ớt,MÓN MẶN
704,MONMAN_HEO_RIM_002,MONMAN_HEO_RIM,Cotlet ram,MÓN MẶN
705,MONMAN_HEO_RIM_003,MONMAN_HEO_RIM,Cotlet ram đậu phộng,MÓN MẶN
706,MONMAN_HEO_RIM_004,MONMAN_HEO_RIM,Cotlet ram mỡ hành,MÓN MẶN
707,MONMAN_HEO_RIM_005,MONMAN_HEO_RIM,Cotlet ram tiêu,MÓN MẶN
708,MONMAN_HEO_RIM_006,MONMAN_HEO_RIM,Cotlet rim sốt cà,MÓN MẶN
709,MONMAN_HEO_RIM_007,MONMAN_HEO_RIM,Heo quay rim,MÓN MẶN
710,MONMAN_HEO_RIM_008,MONMAN_HEO_RIM,Sườn non ram sả,MÓN MẶN
711,MONMAN_HEO_RIM_009,MONMAN_HEO_RIM,Sườn non ram thơm,MÓN MẶN
712,MONMAN_HEO_RIM_010,MONMAN_HEO_RIM,Sườn non rim,MÓN MẶN
713,MONMAN_HEO_RIM_011,MONMAN_HEO_RIM,Sườn non rim mật ong,MÓN MẶN
714,MONMAN_HEO_RIM_012,MONMAN_HEO_RIM,Thịt rim chả lụa,MÓN MẶN
715,MONMAN_HEO_RIM_013,MONMAN_HEO_RIM,Thịt rim nước mắm,MÓN MẶN
716,MONMAN_HEO_RIM_014,MONMAN_HEO_RIM,Thịt rim tôm,MÓN MẶN
717,MONMAN_HEO_RIM_015,MONMAN_HEO_RIM,Thịt rim xúc xích,MÓN MẶN
718,MONMAN_HEO_RIM_016,MONMAN_HEO_RIM,Thịt viên rim,MÓN MẶN
719,MONMAN_HEO_RIM_017,MONMAN_HEO_RIM,Sườn non rim chua ngọt,MÓN MẶN
720,MONMAN_HEO_SOT_001,MONMAN_HEO_SOT,Sườn non sốt chua ngọt,MÓN MẶN
721,MONMAN_HEO_SOT_002,MONMAN_HEO_SOT,Sườn non sốt me,MÓN MẶN
722,MONMAN_HEO_SOT_003,MONMAN_HEO_SOT,Thịt sốt chua ngọt,MÓN MẶN
723,MONMAN_HEO_SOT_004,MONMAN_HEO_SOT,Xíu mại sốt cà,MÓN MẶN
724,MONMAN_HEO_XAO_001,MONMAN_HEO_XAO,Heo cuộn xào kim chi,MÓN MẶN
725,MONMAN_HEO_XAO_002,MONMAN_HEO_XAO,Thịt xào bông cải,MÓN MẶN
726,MONMAN_HEO_XAO_003,MONMAN_HEO_XAO,Thịt xào ruốc sả,MÓN MẶN
727,MONMAN_HEO_XAO_004,MONMAN_HEO_XAO,Thịt xào sả ớt,MÓN MẶN
728,MONMAN_HEO_XAO_005,MONMAN_HEO_XAO,Thịt xào thập cẩm,MÓN MẶN
729,MONMAN_HEO_XAO_006,MONMAN_HEO_XAO,Tim cật xào rau củ,MÓN MẶN
730,MONMAN_HEO_XAO_007,MONMAN_HEO_XAO,Tim heo xào thập cẩm,MÓN MẶN
731,MONMAN_MAM_HAP_001,MONMAN_MAM_HAP,Mắm chưng,MÓN MẶN
732,MONMAN_TRUNG_CHIEN_001,MONMAN_TRUNG_CHIEN,Opla 2 trứng,MÓN MẶN
733,MONMAN_TRUNG_CHIEN_002,MONMAN_TRUNG_CHIEN,Trứng chiên cà chua,MÓN MẶN
734,MONMAN_TRUNG_CHIEN_003,MONMAN_TRUNG_CHIEN,Trứng chiên củ cải mặn,MÓN MẶN
735,MONMAN_TRUNG_CHIEN_004,MONMAN_TRUNG_CHIEN,Trứng chiên giá hẹ,MÓN MẶN
736,MONMAN_TRUNG_CHIEN_005,MONMAN_TRUNG_CHIEN,Trứng chiên hành,MÓN MẶN
737,MONMAN_TRUNG_CHIEN_006,MONMAN_TRUNG_CHIEN,Trứng chiên hành tây,MÓN MẶN
738,MONMAN_TRUNG_CHIEN_007,MONMAN_TRUNG_CHIEN,Trứng chiên ngũ sắc,MÓN MẶN
739,MONMAN_TRUNG_CHIEN_008,MONMAN_TRUNG_CHIEN,Trứng chiên rau củ,MÓN MẶN
740,MONMAN_TRUNG_CHIEN_009,MONMAN_TRUNG_CHIEN,Trứng chiên thịt,MÓN MẶN
741,MONMAN_TRUNG_CHIEN_010,MONMAN_TRUNG_CHIEN,Trứng chiên thịt nấm,MÓN MẶN
742,MONMAN_TRUNG_CHIEN_011,MONMAN_TRUNG_CHIEN,Trứng cuộn,MÓN MẶN
743,MONMAN_TRUNG_CHIEN_012,MONMAN_TRUNG_CHIEN,Trứng cuộn rau củ,MÓN MẶN
744,MONMAN_TRUNG_CHIEN_013,MONMAN_TRUNG_CHIEN,Trứng opla,MÓN MẶN
745,MONMAN_TRUNG_CHIEN_014,MONMAN_TRUNG_CHIEN,Trứng chiên hẹ,MÓN MẶN
746,MONMAN_TRUNG_CHIEN_015,MONMAN_TRUNG_CHIEN,Trứng chiên tôm hẹ,MÓN MẶN
747,MONMAN_TRUNG_CHUNG_001,MONMAN_TRUNG_CHUNG,Thịt chưng trứng muối,MÓN MẶN
748,MONMAN_TRUNG_CHUNG_002,MONMAN_TRUNG_CHUNG,Trứng chưng nấm,MÓN MẶN
749,MONMAN_TRUNG_GOI_001,MONMAN_TRUNG_GOI,Salad trứng,MÓN MẶN
750,MONMAN_TRUNG_HAP_001,MONMAN_TRUNG_HAP,Chả trứng hấp,MÓN MẶN
751,MONMAN_TRUNG_LUOC_001,MONMAN_TRUNG_LUOC,Trứng luộc,MÓN MẶN
752,MONMAN_TRUNG_RIM_001,MONMAN_TRUNG_RIM,Thịt bọc trứng cút rim,MÓN MẶN
753,MONMAN_TRUNG_RIM_002,MONMAN_TRUNG_RIM,Trứng cút rim mắm,MÓN MẶN
754,MONMAN_TRUNG_SOT_001,MONMAN_TRUNG_SOT,Trứng cút sốt cà chua,MÓN MẶN
755,MONMAN_TRUNG_SOT_002,MONMAN_TRUNG_SOT,Trứng cút sốt me,MÓN MẶN
756,MONMAN_TRUNG_SOT_003,MONMAN_TRUNG_SOT,Trứng cút sốt thịt,MÓN MẶN
757,MONMAN_TRUNG_SOT_004,MONMAN_TRUNG_SOT,Trứng sốt cà chua,MÓN MẶN
758,MONMAN_TRUNG_SOT_005,MONMAN_TRUNG_SOT,Trứng sốt chua cay,MÓN MẶN
759,MONMAN_TRUNG_SOT_006,MONMAN_TRUNG_SOT,Trứng sốt thái,MÓN MẶN
760,MONMAN_TRUNG_SOT_007,MONMAN_TRUNG_SOT,Trứng sốt thịt,MÓN MẶN
761,MONMAN_TRUNG_SOT_008,MONMAN_TRUNG_SOT,Trứng sốt thịt cà chua,MÓN MẶN
762,MONMAN_VIT_HAM_001,MONMAN_VIT_HAM,Vịt hầm tiêu xanh,MÓN MẶN
763,MONMAN_VIT_KHO_001,MONMAN_VIT_KHO,Vịt kho chao,MÓN MẶN
764,MONMAN_VIT_KHO_002,MONMAN_VIT_KHO,Vịt kho gừng,MÓN MẶN
765,MONMAN_VIT_KHO_003,MONMAN_VIT_KHO,Vịt kho măng,MÓN MẶN
766,MONMAN_VIT_KHO_004,MONMAN_VIT_KHO,Vịt kho sả,MÓN MẶN
767,MONMAN_VIT_KHO_005,MONMAN_VIT_KHO,Vịt kho thơm,MÓN MẶN
768,MONNUOC_BANHCANH_001,MONNUOC_BANHCANH,Bánh canh giò nấm,MÓN NƯỚC
769,MONNUOC_BANHCANH_002,MONNUOC_BANHCANH,Bánh canh cá lóc (bánh canh bột xắt-rau đắng),MÓN NƯỚC
770,MONNUOC_BANHCANH_003,MONNUOC_BANHCANH,Bánh canh bột xắt,MÓN NƯỚC
771,MONNUOC_BANHCANH_004,MONNUOC_BANHCANH,Bánh canh cá lóc,MÓN NƯỚC
772,MONNUOC_BANHCANH_005,MONNUOC_BANHCANH,Bánh canh chả cá,MÓN NƯỚC
773,MONNUOC_BANHCANH_006,MONNUOC_BANHCANH,Bánh canh cua,MÓN NƯỚC
774,MONNUOC_BANHCANH_007,MONNUOC_BANHCANH,Bánh canh gà,MÓN NƯỚC
775,MONNUOC_BANHCANH_008,MONNUOC_BANHCANH,Bánh canh gà nấm,MÓN NƯỚC
776,MONNUOC_BANHCANH_009,MONNUOC_BANHCANH,Bánh canh giò heo,MÓN NƯỚC
777,MONNUOC_BANHCANH_010,MONNUOC_BANHCANH,Bánh canh sườn,MÓN NƯỚC
778,MONNUOC_BANHCANH_011,MONNUOC_BANHCANH,Bánh canh thập cẩm,MÓN NƯỚC
779,MONNUOC_BANHCANH_012,MONNUOC_BANHCANH,Bánh canh thịt,MÓN NƯỚC
780,MONNUOC_BANHCANH_013,MONNUOC_BANHCANH,Bánh canh thịt nấm,MÓN NƯỚC
781,MONNUOC_BANHCANH_014,MONNUOC_BANHCANH,Bánh canh xương,MÓN NƯỚC
782,MONNUOC_BANHCANH_015,MONNUOC_BANHCANH,Bánh canh xương mọc,MÓN NƯỚC
783,MONNUOC_BANHDA_001,MONNUOC_BANHDA,Bánh đa cua,MÓN NƯỚC
784,MONNUOC_BANHHOI_001,MONNUOC_BANHHOI,Bánh hỏi heo quay,MÓN NƯỚC
785,MONNUOC_BANHMI_001,MONNUOC_BANHMI,Bánh mì bò kho,MÓN NƯỚC
786,MONNUOC_BANHMI_002,MONNUOC_BANHMI,Sườn lagu + bánh mì,MÓN NƯỚC
787,MONNUOC_BANHMI_003,MONNUOC_BANHMI,Bánh mì bò lúc lắc,MÓN NƯỚC
788,MONNUOC_BANHMI_004,MONNUOC_BANHMI,Bánh mì sườn lagu,MÓN NƯỚC
789,MONNUOC_BANHUOT_001,MONNUOC_BANHUOT,"Bánh ướt + bánh tôm, chả lụa",MÓN NƯỚC
790,MONNUOC_BANHUOT_002,MONNUOC_BANHUOT,Bánh ướt nem chua chả lụa ,MÓN NƯỚC
791,MONNUOC_BANHUOT_003,MONNUOC_BANHUOT,Bánh ướt thịt nướng + chả giò,MÓN NƯỚC
792,MONNUOC_BUN_KHO_001,MONNUOC_BUN_KHO,Bún thịt luộc nem nướng,MÓN NƯỚC
793,MONNUOC_BUN_KHO_002,MONNUOC_BUN_KHO,Bún bì thịt + chả giò,MÓN NƯỚC
794,MONNUOC_BUN_KHO_003,MONNUOC_BUN_KHO,Bún chả giò,MÓN NƯỚC
795,MONNUOC_BUN_KHO_004,MONNUOC_BUN_KHO,Bún chả giò + bì thịt,MÓN NƯỚC
796,MONNUOC_BUN_KHO_005,MONNUOC_BUN_KHO,Bún chả giò + nem nướng,MÓN NƯỚC
797,MONNUOC_BUN_KHO_006,MONNUOC_BUN_KHO,Bún chả giò thịt luộc đậu hũ,MÓN NƯỚC
798,MONNUOC_BUN_KHO_007,MONNUOC_BUN_KHO,Bún đậu hũ thịt luộc nước tương,MÓN NƯỚC
799,MONNUOC_BUN_KHO_008,MONNUOC_BUN_KHO,Bún nem nướng,MÓN NƯỚC
800,MONNUOC_BUN_KHO_009,MONNUOC_BUN_KHO,Bún nem nướng+chả giò,MÓN NƯỚC
801,MONNUOC_BUN_KHO_010,MONNUOC_BUN_KHO,Bún thịt nướng,MÓN NƯỚC
802,MONNUOC_BUN_KHO_011,MONNUOC_BUN_KHO,Bún thịt xào + chả giò,MÓN NƯỚC
803,MONNUOC_BUN_NUOC_001,MONNUOC_BUN_NUOC,Bún bắp bò,MÓN NƯỚC
804,MONNUOC_BUN_NUOC_002,MONNUOC_BUN_NUOC,Bún bò ,MÓN NƯỚC
805,MONNUOC_BUN_NUOC_003,MONNUOC_BUN_NUOC,Bún bò gân,MÓN NƯỚC
806,MONNUOC_BUN_NUOC_004,MONNUOC_BUN_NUOC,Bún bò giò heo,MÓN NƯỚC
807,MONNUOC_BUN_NUOC_005,MONNUOC_BUN_NUOC,Bún bò huế,MÓN NƯỚC
808,MONNUOC_BUN_NUOC_006,MONNUOC_BUN_NUOC,Bún bò sa tế,MÓN NƯỚC
809,MONNUOC_BUN_NUOC_007,MONNUOC_BUN_NUOC,Bún cá lóc,MÓN NƯỚC
810,MONNUOC_BUN_NUOC_008,MONNUOC_BUN_NUOC,Bún chả cá,MÓN NƯỚC
811,MONNUOC_BUN_NUOC_009,MONNUOC_BUN_NUOC,Bún chả cá sứa,MÓN NƯỚC
812,MONNUOC_BUN_NUOC_010,MONNUOC_BUN_NUOC,Bún giò heo,MÓN NƯỚC
813,MONNUOC_BUN_NUOC_011,MONNUOC_BUN_NUOC,Bún giò mọc,MÓN NƯỚC
814,MONNUOC_BUN_NUOC_012,MONNUOC_BUN_NUOC,Bún hải sản,MÓN NƯỚC
815,MONNUOC_BUN_NUOC_013,MONNUOC_BUN_NUOC,Bún mắm,MÓN NƯỚC
816,MONNUOC_BUN_NUOC_014,MONNUOC_BUN_NUOC,Bún măng gà,MÓN NƯỚC
817,MONNUOC_BUN_NUOC_015,MONNUOC_BUN_NUOC,Bún măng vịt,MÓN NƯỚC
818,MONNUOC_BUN_NUOC_016,MONNUOC_BUN_NUOC,Bún mọc,MÓN NƯỚC
819,MONNUOC_BUN_NUOC_017,MONNUOC_BUN_NUOC,Bún nem cua bể,MÓN NƯỚC
820,MONNUOC_BUN_NUOC_018,MONNUOC_BUN_NUOC,Bún nem cua bể + bì thịt,MÓN NƯỚC
821,MONNUOC_BUN_NUOC_019,MONNUOC_BUN_NUOC,Bún riêu,MÓN NƯỚC
822,MONNUOC_BUN_NUOC_020,MONNUOC_BUN_NUOC,Bún riêu cua,MÓN NƯỚC
823,MONNUOC_BUN_NUOC_021,MONNUOC_BUN_NUOC,Bún riêu tôm,MÓN NƯỚC
824,MONNUOC_BUN_NUOC_022,MONNUOC_BUN_NUOC,Bún thái,MÓN NƯỚC
825,MONNUOC_BUN_NUOC_023,MONNUOC_BUN_NUOC,Bún thái (combo 2),MÓN NƯỚC
826,MONNUOC_BUN_NUOC_024,MONNUOC_BUN_NUOC,Bún thái hải sản,MÓN NƯỚC
827,MONNUOC_BUN_NUOC_025,MONNUOC_BUN_NUOC,Bún xương mọc,MÓN NƯỚC
828,MONNUOC_BUN_NUOC_026,MONNUOC_BUN_NUOC,Canh bún,MÓN NƯỚC
829,MONNUOC_BUN_NUOC_027,MONNUOC_BUN_NUOC,Tomyum bún gạo,MÓN NƯỚC
830,MONNUOC_BUN_NUOC_028,MONNUOC_BUN_NUOC,Bún bò nạm gân,MÓN NƯỚC
831,MONNUOC_BUN_NUOC_029,MONNUOC_BUN_NUOC,Bún chả cá + cá hồi,MÓN NƯỚC
832,MONNUOC_BUN_XAO_001,MONNUOC_BUN_XAO,Bún gạo xào tôm thịt,MÓN NƯỚC
833,MONNUOC_COM_CHIEN_001,MONNUOC_COM_CHIEN,Cơm chiên + cánh gà,MÓN NƯỚC
834,MONNUOC_COM_CHIEN_002,MONNUOC_COM_CHIEN,Cơm chiên + đùi gà,MÓN NƯỚC
835,MONNUOC_COM_CHIEN_003,MONNUOC_COM_CHIEN,Cơm chiên + đùi gà xối mỡ,MÓN NƯỚC
836,MONNUOC_COM_CHIEN_004,MONNUOC_COM_CHIEN,Cơm chiên + opla 2 trứng,MÓN NƯỚC
837,MONNUOC_COM_CHIEN_005,MONNUOC_COM_CHIEN,Cơm chiên cá mặn+opla 2 trứng,MÓN NƯỚC
838,MONNUOC_COM_CHIEN_006,MONNUOC_COM_CHIEN,Cơm chiên dương châu,MÓN NƯỚC
839,MONNUOC_COM_CHIEN_007,MONNUOC_COM_CHIEN,Cơm chiên dương châu+opla,MÓN NƯỚC
840,MONNUOC_COM_CHIEN_008,MONNUOC_COM_CHIEN,Cơm chiên hải sản+opla,MÓN NƯỚC
841,MONNUOC_HUTIEU_KHO_001,MONNUOC_HUTIEU_KHO,Hủ tiếu khô,MÓN NƯỚC
842,MONNUOC_HUTIEU_KHO_002,MONNUOC_HUTIEU_KHO,Hủ tiếu mì khô xá xíu,MÓN NƯỚC
843,MONNUOC_HUTIEU_NUOC_001,MONNUOC_HUTIEU_NUOC,Hủ tiếu bò kho,MÓN NƯỚC
844,MONNUOC_HUTIEU_NUOC_002,MONNUOC_HUTIEU_NUOC,Hủ tiếu bò kho + bánh mì,MÓN NƯỚC
845,MONNUOC_HUTIEU_NUOC_003,MONNUOC_HUTIEU_NUOC,Hủ tiếu gà,MÓN NƯỚC
846,MONNUOC_HUTIEU_NUOC_004,MONNUOC_HUTIEU_NUOC,Hủ tiếu giò,MÓN NƯỚC
847,MONNUOC_HUTIEU_NUOC_005,MONNUOC_HUTIEU_NUOC,Hủ tiếu hoành thánh,MÓN NƯỚC
848,MONNUOC_HUTIEU_NUOC_006,MONNUOC_HUTIEU_NUOC,Hủ tiếu mì hoành thánh,MÓN NƯỚC
849,MONNUOC_HUTIEU_NUOC_007,MONNUOC_HUTIEU_NUOC,Hủ tiếu mì nam vang,MÓN NƯỚC
850,MONNUOC_HUTIEU_NUOC_008,MONNUOC_HUTIEU_NUOC,Hủ tiếu mì thịt,MÓN NƯỚC
851,MONNUOC_HUTIEU_NUOC_009,MONNUOC_HUTIEU_NUOC,Hủ tiếu mì thịt hoành thánh,MÓN NƯỚC
852,MONNUOC_HUTIEU_NUOC_010,MONNUOC_HUTIEU_NUOC,Hủ tiếu mì xương,MÓN NƯỚC
853,MONNUOC_HUTIEU_NUOC_011,MONNUOC_HUTIEU_NUOC,Hủ tiếu mì xương hoành thánh,MÓN NƯỚC
854,MONNUOC_HUTIEU_NUOC_012,MONNUOC_HUTIEU_NUOC,Hủ tiếu mực,MÓN NƯỚC
855,MONNUOC_HUTIEU_NUOC_013,MONNUOC_HUTIEU_NUOC,Hủ tiếu nam vang,MÓN NƯỚC
856,MONNUOC_HUTIEU_NUOC_014,MONNUOC_HUTIEU_NUOC,Hủ tiếu tái + bò viên,MÓN NƯỚC
857,MONNUOC_HUTIEU_NUOC_015,MONNUOC_HUTIEU_NUOC,Hủ tiếu thịt,MÓN NƯỚC
858,MONNUOC_HUTIEU_NUOC_016,MONNUOC_HUTIEU_NUOC,Hủ tiếu thịt hoành thánh,MÓN NƯỚC
859,MONNUOC_HUTIEU_NUOC_017,MONNUOC_HUTIEU_NUOC,Hủ tiếu xá xíu hoành thánh,MÓN NƯỚC
860,MONNUOC_HUTIEU_NUOC_018,MONNUOC_HUTIEU_NUOC,Hủ tiếu xương,MÓN NƯỚC
861,MONNUOC_HUTIEU_NUOC_019,MONNUOC_HUTIEU_NUOC,Hủ tiếu xương hoành thánh,MÓN NƯỚC
862,MONNUOC_HUTIEU_NUOC_020,MONNUOC_HUTIEU_NUOC,Hủ tiếu mì thập cẩm + hoành thánh,MÓN NƯỚC
863,MONNUOC_HUTIEU_NUOC_021,MONNUOC_HUTIEU_NUOC,Hủ tiếu thập cẩm + hoành thánh,MÓN NƯỚC
864,MONNUOC_MI_NUOC_001,MONNUOC_MI_NUOC,Mì cay,MÓN NƯỚC
865,MONNUOC_MI_NUOC_002,MONNUOC_MI_NUOC,Mì cay hải sản,MÓN NƯỚC
866,MONNUOC_MI_NUOC_003,MONNUOC_MI_NUOC,Mì đùi gà tiềm,MÓN NƯỚC
867,MONNUOC_MI_NUOC_004,MONNUOC_MI_NUOC,Mì gà tiềm,MÓN NƯỚC
868,MONNUOC_MI_NUOC_005,MONNUOC_MI_NUOC,Mì hoành thánh,MÓN NƯỚC
869,MONNUOC_MI_NUOC_006,MONNUOC_MI_NUOC,Mì quảng,MÓN NƯỚC
870,MONNUOC_MI_NUOC_007,MONNUOC_MI_NUOC,Mì quảng gà,MÓN NƯỚC
871,MONNUOC_MI_NUOC_008,MONNUOC_MI_NUOC,Mì vịt tiềm,MÓN NƯỚC
872,MONNUOC_MI_NUOC_009,MONNUOC_MI_NUOC,Mì xá xíu hoành thánh,MÓN NƯỚC
873,MONNUOC_MI_NUOC_010,MONNUOC_MI_NUOC,Mỳ cay kim chi,MÓN NƯỚC
874,MONNUOC_MI_NUOC_011,MONNUOC_MI_NUOC,Mì thập cẩm hoành thánh,MÓN NƯỚC
875,MONNUOC_MI_NUOC_012,MONNUOC_MI_NUOC,Mì quảng thập cẩm,MÓN NƯỚC
876,MONNUOC_MI_XAO_001,MONNUOC_MI_XAO,Mì xào thập cẩm,MÓN NƯỚC
877,MONNUOC_MI_XAO_002,MONNUOC_MI_XAO,Mì xào bò,MÓN NƯỚC
878,MONNUOC_MI_XAO_003,MONNUOC_MI_XAO,Mì ý sốt bò bằm,MÓN NƯỚC
879,MONNUOC_MIEN_KHO_001,MONNUOC_MIEN_KHO,Miến trộn hải sản,MÓN NƯỚC
880,MONNUOC_MIEN_NUOC_001,MONNUOC_MIEN_NUOC,Miến gà,MÓN NƯỚC
881,MONNUOC_MIEN_NUOC_002,MONNUOC_MIEN_NUOC,Miến măng gà,MÓN NƯỚC
882,MONNUOC_NUI_NUOC_001,MONNUOC_NUI_NUOC,Nui bò kho,MÓN NƯỚC
883,MONNUOC_NUI_NUOC_002,MONNUOC_NUI_NUOC,Nui nấu bò,MÓN NƯỚC
884,MONNUOC_NUI_NUOC_003,MONNUOC_NUI_NUOC,Nui nấu gà,MÓN NƯỚC
885,MONNUOC_NUI_NUOC_004,MONNUOC_NUI_NUOC,Nui nấu giò heo,MÓN NƯỚC
886,MONNUOC_NUI_NUOC_005,MONNUOC_NUI_NUOC,Nui nấu sườn,MÓN NƯỚC
887,MONNUOC_NUI_NUOC_006,MONNUOC_NUI_NUOC,Nui nấu thịt,MÓN NƯỚC
888,MONNUOC_NUI_NUOC_007,MONNUOC_NUI_NUOC,Nui tái bò viên,MÓN NƯỚC
889,MONNUOC_NUI_NUOC_008,MONNUOC_NUI_NUOC,Nui thập cẩm,MÓN NƯỚC
890,MONNUOC_NUI_NUOC_009,MONNUOC_NUI_NUOC,Nui xương,MÓN NƯỚC
891,MONNUOC_NUI_NUOC_010,MONNUOC_NUI_NUOC,Nui xương mọc,MÓN NƯỚC
892,MONNUOC_NUI_NUOC_011,MONNUOC_NUI_NUOC,Nui hoành thánh,MÓN NƯỚC
893,MONNUOC_NUI_SOT_001,MONNUOC_NUI_SOT,Nui sốt bò bằm,MÓN NƯỚC
894,MONNUOC_NUI_XAO_001,MONNUOC_NUI_XAO,Nui xào bò,MÓN NƯỚC
895,MONNUOC_PHO_NUOC_001,MONNUOC_PHO_NUOC,Phở bò hà nội,MÓN NƯỚC
896,MONNUOC_PHO_NUOC_002,MONNUOC_PHO_NUOC,Phở bò tái gân,MÓN NƯỚC
897,MONNUOC_PHO_NUOC_003,MONNUOC_PHO_NUOC,Phở bò tái viên,MÓN NƯỚC
898,MONNUOC_PHO_NUOC_004,MONNUOC_PHO_NUOC,Phở đùi gà,MÓN NƯỚC
899,MONNUOC_PHO_NUOC_005,MONNUOC_PHO_NUOC,Phở gà hà nội,MÓN NƯỚC
900,MONNUOC_PHO_NUOC_006,MONNUOC_PHO_NUOC,Phở bò,MÓN NƯỚC
901,MONNUOC_XOI_001,MONNUOC_XOI,Xôi mặn+kim chi,MÓN NƯỚC
902,TRANGMIENG_BANH_001,TRANGMIENG_BANH,Bánh bông lan,MÓN TRÁNG MIỆNG
903,TRANGMIENG_BANH_002,TRANGMIENG_BANH,Bánh da lợn,MÓN TRÁNG MIỆNG
904,TRANGMIENG_BANH_003,TRANGMIENG_BANH,Bánh flan,MÓN TRÁNG MIỆNG
905,TRANGMIENG_BANH_004,TRANGMIENG_BANH,Bánh su kem,MÓN TRÁNG MIỆNG
906,TRANGMIENG_CHE_001,TRANGMIENG_CHE,Chè bà ba,MÓN TRÁNG MIỆNG
907,TRANGMIENG_CHE_002,TRANGMIENG_CHE,Chè bắp,MÓN TRÁNG MIỆNG
908,TRANGMIENG_CHE_003,TRANGMIENG_CHE,Chè bắp khoai dẻo,MÓN TRÁNG MIỆNG
909,TRANGMIENG_CHE_004,TRANGMIENG_CHE,Chè chuối,MÓN TRÁNG MIỆNG
910,TRANGMIENG_CHE_005,TRANGMIENG_CHE,Chè đậu đỏ,MÓN TRÁNG MIỆNG
911,TRANGMIENG_CHE_006,TRANGMIENG_CHE,Chè đậu xanh,MÓN TRÁNG MIỆNG
912,TRANGMIENG_CHE_007,TRANGMIENG_CHE,Chè đậu xanh khoai môn,MÓN TRÁNG MIỆNG
913,TRANGMIENG_CHE_008,TRANGMIENG_CHE,Chè đậu xanh nha đam,MÓN TRÁNG MIỆNG
914,TRANGMIENG_CHE_009,TRANGMIENG_CHE,Chè khoai môn đậu xanh,MÓN TRÁNG MIỆNG
915,TRANGMIENG_CHE_010,TRANGMIENG_CHE,Chè sương sáo hạt é,MÓN TRÁNG MIỆNG
916,TRANGMIENG_CHE_011,TRANGMIENG_CHE,Chè thưng,MÓN TRÁNG MIỆNG
917,TRANGMIENG_CHE_012,TRANGMIENG_CHE,Chè trôi nước,MÓN TRÁNG MIỆNG
918,TRANGMIENG_CHE_013,TRANGMIENG_CHE,Sâm bổ lượng,MÓN TRÁNG MIỆNG
919,TRANGMIENG_CHE_014,TRANGMIENG_CHE,Sương sáo hạt é,MÓN TRÁNG MIỆNG
920,TRANGMIENG_NUOCNGOT_001,TRANGMIENG_NUOCNGOT,Pepsi chai,MÓN TRÁNG MIỆNG
921,TRANGMIENG_NUOCNGOT_002,TRANGMIENG_NUOCNGOT,Ép tắc,MÓN TRÁNG MIỆNG
922,TRANGMIENG_RAUCAU_001,TRANGMIENG_RAUCAU,Rau câu,MÓN TRÁNG MIỆNG
923,TRANGMIENG_RAUCAU_002,TRANGMIENG_RAUCAU,Thanh long,MÓN TRÁNG MIỆNG
924,TRANGMIENG_RAUCAU_003,TRANGMIENG_RAUCAU,Thơm,MÓN TRÁNG MIỆNG
925,TRANGMIENG_RAUCAU_004,TRANGMIENG_RAUCAU,Trà tắc,MÓN TRÁNG MIỆNG
926,TRANGMIENG_RAUCAU_005,TRANGMIENG_RAUCAU,Vải,MÓN TRÁNG MIỆNG
927,TRANGMIENG_RAUCAU_006,TRANGMIENG_RAUCAU,Xoài,MÓN TRÁNG MIỆNG
928,TRANGMIENG_SUA_001,TRANGMIENG_SUA,Sữa bắp,MÓN TRÁNG MIỆNG
929,TRANGMIENG_SUA_002,TRANGMIENG_SUA,Yakult,MÓN TRÁNG MIỆNG
930,TRANGMIENG_SUACHUA_001,TRANGMIENG_SUACHUA,Sữa chua,MÓN TRÁNG MIỆNG
931,TRANGMIENG_SUACHUA_002,TRANGMIENG_SUACHUA,Sữa chua hộp,MÓN TRÁNG MIỆNG
932,TRANGMIENG_SUACHUA_003,TRANGMIENG_SUACHUA,Sữa chua vinamilk,MÓN TRÁNG MIỆNG
933,TRANGMIENG_TAUHU_001,TRANGMIENG_TAUHU,Tàu hũ cô vang,MÓN TRÁNG MIỆNG
934,TRANGMIENG_TRAICAY_001,TRANGMIENG_TRAICAY,Chôm chôm,MÓN TRÁNG MIỆNG
935,TRANGMIENG_TRAICAY_002,TRANGMIENG_TRAICAY,Chuối cau,MÓN TRÁNG MIỆNG
936,TRANGMIENG_TRAICAY_003,TRANGMIENG_TRAICAY,Chuối già,MÓN TRÁNG MIỆNG
937,TRANGMIENG_TRAICAY_004,TRANGMIENG_TRAICAY,Chuối sứ,MÓN TRÁNG MIỆNG
938,TRANGMIENG_TRAICAY_005,TRANGMIENG_TRAICAY,Dưa hấu,MÓN TRÁNG MIỆNG
939,TRANGMIENG_TRAICAY_006,TRANGMIENG_TRAICAY,Mận,MÓN TRÁNG MIỆNG
940,TRANGMIENG_TRAICAY_007,TRANGMIENG_TRAICAY,Mận bắc,MÓN TRÁNG MIỆNG
941,TRANGMIENG_TRAICAY_008,TRANGMIENG_TRAICAY,Nhãn,MÓN TRÁNG MIỆNG
942,TRANGMIENG_TRAICAY_009,TRANGMIENG_TRAICAY,Ổi,MÓN TRÁNG MIỆNG
943,TRANGMIENG_TRAICAY_010,TRANGMIENG_TRAICAY,Quýt,MÓN TRÁNG MIỆNG
944,TRANGMIENG_TRAICAY_011,TRANGMIENG_TRAICAY,Quýt thái,MÓN TRÁNG MIỆNG
945,TRANGMIENG_TRAICAY_012,TRANGMIENG_TRAICAY,Táo xanh,MÓN TRÁNG MIỆNG
946,XAOLUOC_BAU_LUOC_001,XAOLUOC_BAU_LUOC,Bầu luộc,MÓN RAU XÀO/LUỘC
947,XAOLUOC_BAU_LUOC_002,XAOLUOC_BAU_LUOC,Bầu luộc + chao,MÓN RAU XÀO/LUỘC
948,XAOLUOC_BONGCAI_XAO_001,XAOLUOC_BONGCAI_XAO,Bông cải xào cà rốt,MÓN RAU XÀO/LUỘC
949,XAOLUOC_CAI_GOI_001,XAOLUOC_CAI_GOI,Gỏi bắp cải,MÓN RAU XÀO/LUỘC
950,XAOLUOC_CAI_LUOC_001,XAOLUOC_CAI_LUOC,Bắp cải luộc,MÓN RAU XÀO/LUỘC
951,XAOLUOC_CAI_LUOC_002,XAOLUOC_CAI_LUOC,Cải luộc,MÓN RAU XÀO/LUỘC
952,XAOLUOC_CAI_LUOC_003,XAOLUOC_CAI_LUOC,Cải ngọt luộc,MÓN RAU XÀO/LUỘC
953,XAOLUOC_CAI_LUOC_004,XAOLUOC_CAI_LUOC,Cải thảo luộc,MÓN RAU XÀO/LUỘC
954,XAOLUOC_CAI_LUOC_005,XAOLUOC_CAI_LUOC,Cải thìa luộc,MÓN RAU XÀO/LUỘC
955,XAOLUOC_CAI_SOT_001,XAOLUOC_CAI_SOT,Cải thìa sốt nấm,MÓN RAU XÀO/LUỘC
956,XAOLUOC_CAI_XAO_001,XAOLUOC_CAI_XAO,Bắp cải xào,MÓN RAU XÀO/LUỘC
957,XAOLUOC_CAI_XAO_002,XAOLUOC_CAI_XAO,Bắp cải xào cà rốt,MÓN RAU XÀO/LUỘC
958,XAOLUOC_CAI_XAO_003,XAOLUOC_CAI_XAO,Cải ngọt xào giá,MÓN RAU XÀO/LUỘC
959,XAOLUOC_CAI_XAO_004,XAOLUOC_CAI_XAO,Cải thảo xào,MÓN RAU XÀO/LUỘC
960,XAOLUOC_CAI_XAO_005,XAOLUOC_CAI_XAO,Cải thìa xào,MÓN RAU XÀO/LUỘC
961,XAOLUOC_CAI_XAO_006,XAOLUOC_CAI_XAO,Cải xào,MÓN RAU XÀO/LUỘC
962,XAOLUOC_CAI_XAO_007,XAOLUOC_CAI_XAO,Cải xào cà rốt,MÓN RAU XÀO/LUỘC
963,XAOLUOC_CAPHAO_KHAC_001,XAOLUOC_CAPHAO_KHAC,Cà pháo muối xổi,MÓN RAU XÀO/LUỘC
964,XAOLUOC_CATIM_LUOC_001,XAOLUOC_CATIM_LUOC,Cà tím luộc,MÓN RAU XÀO/LUỘC
965,XAOLUOC_CATIM_SOT_001,XAOLUOC_CATIM_SOT,Cà tím sốt,MÓN RAU XÀO/LUỘC
966,XAOLUOC_CATIM_XAO_001,XAOLUOC_CATIM_XAO,Cà tím xào,MÓN RAU XÀO/LUỘC
967,XAOLUOC_CATIM_XAO_002,XAOLUOC_CATIM_XAO,Cà tím xào lá lốt,MÓN RAU XÀO/LUỘC
968,XAOLUOC_DAUBAP_LUOC_001,XAOLUOC_DAUBAP_LUOC,Đậu bắp luộc,MÓN RAU XÀO/LUỘC
969,XAOLUOC_DAUBAP_LUOC_002,XAOLUOC_DAUBAP_LUOC,Đậu bắp luộc + chao,MÓN RAU XÀO/LUỘC
970,XAOLUOC_DAUDUA_XAO_001,XAOLUOC_DAUDUA_XAO,Đậu đũa xào,MÓN RAU XÀO/LUỘC
971,XAOLUOC_DAURONG_XAO_001,XAOLUOC_DAURONG_XAO,Đậu rồng xào,MÓN RAU XÀO/LUỘC
972,XAOLUOC_DAUVE_LUOC_001,XAOLUOC_DAUVE_LUOC,Đậu ve luộc,MÓN RAU XÀO/LUỘC
973,XAOLUOC_DAUVE_XAO_001,XAOLUOC_DAUVE_XAO,Đậu ve xào thịt,MÓN RAU XÀO/LUỘC
974,XAOLUOC_DUACHUA_KHAC_001,XAOLUOC_DUACHUA_KHAC,Dưa chua muối xổi,MÓN RAU XÀO/LUỘC
975,XAOLUOC_DUACHUA_XAO_002,XAOLUOC_DUACHUA_XAO,Dưa chua xào,MÓN RAU XÀO/LUỘC
976,XAOLUOC_DUALEO_KHAC_001,XAOLUOC_DUALEO_KHAC,Dưa leo,MÓN RAU XÀO/LUỘC
977,XAOLUOC_DUALEO_KHAC_002,XAOLUOC_DUALEO_KHAC,Dưa leo + rau thơm,MÓN RAU XÀO/LUỘC
978,XAOLUOC_DUDU_GOI_001,XAOLUOC_DUDU_GOI,Gỏi đu đủ,MÓN RAU XÀO/LUỘC
979,XAOLUOC_GIAHE_KHAC_001,XAOLUOC_GIAHE_KHAC,Giá hẹ chua ngọt,MÓN RAU XÀO/LUỘC
980,XAOLUOC_GIAHE_XAO_001,XAOLUOC_GIAHE_XAO,Giá hẹ xào,MÓN RAU XÀO/LUỘC
981,XAOLUOC_GIAHE_XAO_002,XAOLUOC_GIAHE_XAO,Giá hẹ xào rau cải,MÓN RAU XÀO/LUỘC
982,XAOLUOC_KHOQUA_XAO_001,XAOLUOC_KHOQUA_XAO,Khổ qua xào trứng,MÓN RAU XÀO/LUỘC
983,XAOLUOC_MUOP_XAO_001,XAOLUOC_MUOP_XAO,Mướp xào ,MÓN RAU XÀO/LUỘC
984,XAOLUOC_MUOP_XAO_002,XAOLUOC_MUOP_XAO,Mướp xào giá,MÓN RAU XÀO/LUỘC
985,XAOLUOC_MUOP_XAO_003,XAOLUOC_MUOP_XAO,Mướp xào tỏi,MÓN RAU XÀO/LUỘC
986,XAOLUOC_RAU_LUOC_001,XAOLUOC_RAU_LUOC,Rau dền luộc,MÓN RAU XÀO/LUỘC
987,XAOLUOC_RAU_LUOC_002,XAOLUOC_RAU_LUOC,Rau luộc + kho quẹt,MÓN RAU XÀO/LUỘC
988,XAOLUOC_RAU_LUOC_003,XAOLUOC_RAU_LUOC,Rau luộc thập cẩm,MÓN RAU XÀO/LUỘC
989,XAOLUOC_RAU_LUOC_004,XAOLUOC_RAU_LUOC,Rau muống luộc,MÓN RAU XÀO/LUỘC
990,XAOLUOC_RAU_XAO_001,XAOLUOC_RAU_XAO,Rau cải xào giá hẹ,MÓN RAU XÀO/LUỘC
991,XAOLUOC_RAU_XAO_002,XAOLUOC_RAU_XAO,Rau muống xào tỏi,MÓN RAU XÀO/LUỘC
992,XAOLUOC_SALAD_GOI_001,XAOLUOC_SALAD_GOI,Salad dầu giấm,MÓN RAU XÀO/LUỘC
993,XAOLUOC_SALAD_GOI_002,XAOLUOC_SALAD_GOI,Salad rau thơm,MÓN RAU XÀO/LUỘC
994,XAOLUOC_SALAD_GOI_003,XAOLUOC_SALAD_GOI,Salad trộn,MÓN RAU XÀO/LUỘC
995,XAOLUOC_SUHAO_XAO_001,XAOLUOC_SUHAO_XAO,Su hào xào,MÓN RAU XÀO/LUỘC
996,XAOLUOC_SUHAO_XAO_002,XAOLUOC_SUHAO_XAO,Su hào xào cà rốt,MÓN RAU XÀO/LUỘC
997,XAOLUOC_SUSU_XAO_001,XAOLUOC_SUSU_XAO,Su su xào,MÓN RAU XÀO/LUỘC
998,XAOLUOC_SUSU_XAO_002,XAOLUOC_SUSU_XAO,Su su xào cà rốt,MÓN RAU XÀO/LUỘC
